time,shoulder_pan,shoulder_lift,elbow_flex,wrist_flex,wrist_roll,gripper
0.0,-4.376474382407018,-92.21682027023317,89.9402674989065,55.09939055982472,0.0017248340730163765,-1.841855882744527e-06
0.0227200984954834,-4.3396425636363345,-92.12363875845996,89.87738074673885,55.04371469107201,0.00353570706795441,-7.606888150270514e-06
0.05207991600036621,-4.297068848688752,-92.0038946070669,89.78991031127951,54.971789050515795,0.005044903357775304,-1.4873162534080243e-05
0.0774381160736084,-4.252129245172582,-91.87347450806139,89.68999937630184,54.89264054522216,0.006287854547836442,-2.2382372819495247e-05
0.10444402694702148,-4.206375352009147,-91.73908448908124,89.58380512702983,54.81035252178252,0.007311820102439752,-2.9508086643597515e-05
0.13326668739318848,-4.1605297716417375,-91.60348629509254,89.47447703456476,54.726803896312624,0.008153647135380792,-3.596598600971293e-05
0.1616973876953125,-4.114905402831433,-91.46779454342571,89.3636540812738,54.64284823256488,0.008844679754848272,-4.165693231895709e-05
0.19112920761108398,-4.069656041472606,-91.33241525245579,89.25217026088269,54.5588983022931,0.0094104198179843,-4.657817000079428e-05
0.34406399726867676,-4.024821950815642,-91.19750392806812,89.1404701154849,54.475137249966885,0.009872290136441949,-5.0775765934512464e-05
0.3870701789855957,-3.980437686499152,-91.06312377384931,89.02881083291054,54.39167196876345,0.010245703388058984,-5.4313791170620974e-05
0.4122474193572998,-3.936532313783127,-90.92928375058703,88.9173054209351,54.308522959336905,0.010544105643383936,-5.726826881980593e-05
0.4380207061767578,-3.89309242632745,-90.79600149695314,88.8060174698175,54.22571825541204,0.010775751195401402,-5.971253224207798e-05
0.4608957767486572,-3.8501263582060727,-90.66324142643472,88.69499586118373,54.14325169301677,0.010950261519240969,-6.171243446386493e-05
0.48546409606933594,-3.807611117747298,-90.5310058396911,88.58425365253717,54.06113134170259,0.011075978406235264,-6.333114107686283e-05
0.5125558376312256,-3.7655707654901422,-90.3992851673396,88.4737929204986,53.97937026662345,0.011160980007075109,-6.462412431979434e-05
0.5407476425170898,-3.723987084652277,-90.26807661573434,88.36363340566956,53.897952357262085,0.011211722337044613,-6.564042572745074e-05
0.566626787185669,-3.6828530170564973,-90.13739106633851,88.25374530638797,53.81686676813371,0.01123116226999224,-6.642801256210054e-05
0.5934581756591797,-3.6421347769289625,-90.00721936800703,88.14412697896772,53.7361114002324,0.011224117901237469,-6.70239529646546e-05
0.6172761917114258,-3.601849145327037,-89.87753173899544,88.03478969191013,53.65566242484068,0.011193633375516685,-6.745914678652082e-05
0.6421630382537842,-3.562012663678251,-89.74831684165446,87.92571899067207,53.57553943278719,0.011142721118564335,-6.776131115104596e-05
0.6733548641204834,-3.522622817814827,-89.6195699442593,87.81689397383026,53.49571689312167,0.011074167298426895,-6.795797230618747e-05
0.704430103302002,-3.483654415316882,-89.49131266344466,87.708337303471,53.416183626939514,0.01099093123986615,-6.806883126376206e-05
0.7323188781738281,-3.4451269773603186,-89.36350744039615,87.6000627973026,53.336943103428084,0.010893759604415217,-6.810751798505124e-05
0.7620809078216553,-3.407037947963994,-89.23613382530846,87.49205200175675,53.2579970799027,0.010782600630806478,-6.809006778078638e-05
0.7949872016906738,-3.369387074385126,-89.10917842317266,87.38429798718143,53.17935855968385,0.010658877301989639,-6.802859064756842e-05
0.8273546695709229,-3.3321572254402763,-88.98265830736342,87.2768008197556,53.10101058124762,0.010523335558568686,-6.793601933663506e-05
0.8557748794555664,-3.2953442516178644,-88.85654491791013,87.16954736850502,53.02293278155223,0.010377687324915173,-6.782213637073704e-05
0.8819363117218018,-3.2589522967606874,-88.7308500357413,87.06253211054965,52.94510413459635,0.010223955523754668,-6.769639012056565e-05
0.9051821231842041,-3.2229581083279246,-88.60558551211182,86.95576251909007,52.867531221241144,0.01006238052075426,-6.75636528843044e-05
0.927065372467041,-3.1873664958142665,-88.48072198114644,86.8492256057699,52.79022742273834,0.00989341752450932,-6.742727804262362e-05
0.9493491649627686,-3.152166407757881,-88.35625388034745,86.74291782752898,52.7131895124973,0.009717596139789918,-6.729131283372293e-05
0.9723174571990967,-3.1173328260504247,-88.23217885772003,86.63683358632127,52.63639552318953,0.009536847627876002,-6.716046993916313e-05
0.9936363697052002,-3.082863329340216,-88.10849303406746,86.53098266057496,52.55986631739689,0.009352611756439772,-6.703427510648866e-05
1.0162758827209473,-3.048730434503245,-87.98521706176244,86.42537201764574,52.48360426416712,0.009165919604685895,-6.691498118677959e-05
1.0390734672546387,-3.014919673945617,-87.86235289629758,86.31997029597149,52.40761485076573,0.008974617755565191,-6.680685950314332e-05
1.0611095428466797,-2.981431409696982,-87.73990585002467,86.21475524920024,52.331889087420485,0.008778832742635396,-6.671323631688366e-05
1.083205223083496,-2.9482749726782274,-87.61786492405386,86.10972051087002,52.25641291762744,0.008575553429523748,-6.663442160223138e-05
1.1055560111999512,-2.9154455383283437,-87.49621234689185,86.00488538771339,52.18116393127067,0.008350779941516279,-6.656810669106892e-05
1.1282520294189453,-2.8829583592964436,-87.37493231449075,85.90024206186045,52.106152676680765,0.008120005058121748,-6.65130852171454e-05
1.1497447490692139,-2.8508251186224713,-87.2540055445662,85.7957941875141,52.03137518150431,0.007859690088280032,-6.64677895922182e-05
1.172283411026001,-2.81901779364451,-87.13343484855594,85.69154600267825,51.95682412125083,0.007606957178331766,-6.643223839504523e-05
1.1947877407073975,-2.787563367761892,-87.01322464831358,85.58747497100315,51.88245155908855,0.007347771864315951,-6.641124952391628e-05
1.2175602912902832,-2.7564391810042497,-86.89338492991635,85.48357628891299,51.808300685712844,0.007088153261547753,-6.640181804499884e-05
1.2391529083251953,-2.7256338595713885,-86.77390083404633,85.37986825254264,51.73437713970313,0.006830358058036484,-6.63999798501079e-05
1.2620289325714111,-2.6951318073937482,-86.65477241448316,85.27636531446942,51.66065448852875,0.006569097843690151,-6.640550874747129e-05
1.2847094535827637,-2.664949854695099,-86.53596243201882,85.1730741466845,51.587131394533984,0.006315565818723262,-6.641541203512255e-05
1.3074474334716797,-2.6351116948694764,-86.41747169363019,85.06997961609152,51.51381624268308,0.006046678076331804,-6.643079286144181e-05
1.3286752700805664,-2.6055905764340297,-86.29928540287017,84.9670766072887,51.4407084494925,0.005787934104760465,-6.645132687514063e-05
1.352341890335083,-2.576374884091917,-86.18143996399627,84.86437899812663,51.36782064499454,0.005537949476952149,-6.647661782042079e-05
1.3743228912353516,-2.547449932112265,-86.06391678147482,84.76186748370279,51.29513937111334,0.005294218500122799,-6.650827434216816e-05
1.3965272903442383,-2.5188004965686046,-85.94670944549085,84.6595272235353,51.222650588071126,0.005057200991928384,-6.654771127319469e-05
1.4199919700622559,-2.4904245869089845,-85.82981724165828,84.55734205928718,51.15035541735941,0.004825984503589492,-6.659545019247519e-05
1.4414918422698975,-2.4623235265929293,-85.71323691973487,84.45531876632208,51.07822808994483,0.004598072826453089,-6.665093556597641e-05
1.4649443626403809,-2.4344800074713784,-85.59697413969565,84.35346278771748,51.006303490300766,0.004371452495814229,-6.671072302155481e-05
1.4864513874053955,-2.4068942211055644,-85.48101538233485,84.25175680360641,50.93457964024632,0.004148237025142232,-6.677539913426582e-05
1.5095899105072021,-2.3795700475650556,-85.3653687804586,84.15020984153708,50.86302698983867,0.003925061789967011,-6.684544479645343e-05
1.53090238571167,-2.3525173482987816,-85.25000644512981,84.04883592907869,50.791652853703276,0.0037020290774145577,-6.691664512814959e-05
1.552623987197876,-2.3257285206313476,-85.13493456534037,83.9476078517768,50.72045912398862,0.003480648306196474,-6.699188020512727e-05
1.5751442909240723,-2.2992087509407217,-85.020159406911,83.84652074687953,50.64944730943877,0.003259375016067878,-6.707113685354332e-05
1.5976901054382324,-2.2729407453049886,-84.90567405491795,83.74557608687486,50.578614387810624,0.003035015798525464,-6.715336663427276e-05
1.6208243370056152,-2.246892360869471,-84.79145980956231,83.64477547479623,50.50792865086486,0.002808585536642603,-6.723879433457556e-05
1.6419994831085205,-2.221094163708362,-84.67750390908246,83.5441248827203,50.43739827792656,0.002547826892326803,-6.732490668776847e-05
1.6652743816375732,-2.195547802210926,-84.56380326145408,83.44364624007201,50.36703016328578,0.002265208983082861,-6.740875222956424e-05
1.6867702007293701,-2.1702433465602766,-84.45036216447336,83.34330793944319,50.296828041535804,0.0019610578593701783,-6.749398853790729e-05
1.7087290287017822,-2.1451585218520424,-84.33716431498712,83.24309920564112,50.22679612518097,0.0016545902951090247,-6.758036573225248e-05
1.7318267822265625,-2.120301584614194,-84.224234660533,83.14300401233689,50.15694027700804,0.0013495171165970935,-6.767012697593406e-05
1.7535343170166016,-2.095655601537676,-84.11158965736358,83.04302154542289,50.08725084538121,0.0010556339512224418,-6.776402058815414e-05
1.7764513492584229,-2.071211034219659,-83.99920575551361,82.94314313743665,50.01770500382874,0.0007762217197366864,-6.78620705817466e-05
1.7977278232574463,-2.0470038213777846,-83.88705706420491,82.84338329722962,49.94832436123175,0.0004986360648383014,-6.795905505547068e-05
1.8210020065307617,-2.0230376760050475,-83.77511165585678,82.74373916307167,49.87912130583932,0.00021211609500424586,-6.805291653977458e-05
1.8430042266845703,-1.999320169956848,-83.66339634488395,82.64422956647755,49.81005674995103,-6.140578333464926e-05,-6.814587817965499e-05
1.864898681640625,-1.9758439828495054,-83.55192198942713,82.54484205727192,49.74113256484264,-0.00033641111420436504,-6.823970619870351e-05
1.8882384300231934,-1.9525933536965685,-83.44069893164396,82.44555884953968,49.67234867765502,-0.000600802318196098,-6.833644586485113e-05
1.909665822982788,-1.9295550405268915,-83.32972574770132,82.34637218994028,49.603716411078196,-0.0008687474846481787,-6.843539134603065e-05
1.9330461025238037,-1.9067325541524036,-83.21898535709708,82.24728727394077,49.53521370374024,-0.0011289205477222836,-6.853574085158622e-05
1.954530954360962,-1.8841062818871568,-83.10847409696149,82.14829505608226,49.46684112546592,-0.0013882236143523273,-6.863771419190145e-05
1.9776356220245361,-1.8616873357740946,-82.99818848639495,82.04938157888223,49.398609423544336,-0.0016659949708692971,-6.874128477855937e-05
1.9997062683105469,-1.8394672567083838,-82.88810889565862,81.95054213177214,49.3304946786757,-0.001958443888117293,-6.8846733628905e-05
2.0218493938446045,-1.8174344688077522,-82.77825452619197,81.85178426967879,49.2625110224208,-0.002262649028361358,-6.895278652429029e-05
2.0447819232940674,-1.7956015541217925,-82.66863707104096,81.7530963677174,49.19468360977559,-0.0025693998732701654,-6.905926612590514e-05
2.0672812461853027,-1.7739595240226296,-82.55924228093636,81.65449433306888,49.12701988125977,-0.002887311900190623,-6.916299877109765e-05
2.089061975479126,-1.7525168186088533,-82.4500833794811,81.555997617512,49.05950546075862,-0.003215367738732496,-6.926376247578018e-05
2.1117324829101562,-1.731266577406209,-82.34112095523172,81.45756735098064,48.99213090140674,-0.00355346007464801,-6.936442354137651e-05
2.133976459503174,-1.7102144428280286,-82.23236257215457,81.35920325421382,48.92486680982108,-0.0038678779147228557,-6.946687130863256e-05
2.1561567783355713,-1.6893519989335335,-82.12381881459528,81.26089871862122,48.85770896015769,-0.004164208536662153,-6.957195129291052e-05
2.1795880794525146,-1.6686696157744938,-82.01549879665856,81.16267211388626,48.79065824392792,-0.0044445791786838764,-6.96773800508777e-05
2.200843334197998,-1.6481622468847403,-81.90739895565616,81.06453213650859,48.72370583250226,-0.004718203408915334,-6.978222631885545e-05
2.223794937133789,-1.6278392112806612,-81.79949624322938,80.96647980756974,48.656860019805364,-0.004991975801717915,-6.988450105061603e-05
2.2456471920013428,-1.6077020832734867,-81.6917904737125,80.86851129187288,48.59012406740891,-0.005264562840054794,-6.998464281771544e-05
2.2689929008483887,-1.5877358877102279,-81.58429600605817,80.77062465349866,48.523490671015544,-0.005567956398803142,-7.00842438961287e-05
2.290696620941162,-1.5679312857038294,-81.47700099550917,80.67281862268409,48.45695387518534,-0.005887511173999569,-7.018307624554044e-05
2.31274151802063,-1.5482928488416674,-81.36989457512804,80.57508153577619,48.390520175331226,-0.006200034851573926,-7.02813150710417e-05
2.3364243507385254,-1.5288199504876543,-81.2629638766897,80.47740088267739,48.324194808558396,-0.006499730512609045,-7.037918402248835e-05
2.3589673042297363,-1.5094994708705842,-81.15622123253391,80.37978897463036,48.25798064403045,-0.006784194314518549,-7.04757863890442e-05
2.381821632385254,-1.4903512805407766,-81.04965477682792,80.2822675868236,48.19188216725023,-0.00705819614449001,-7.056801914558299e-05
2.3954224586486816,-1.4713485348536566,-80.94326299508975,80.1848027710482,48.12589472545642,-0.00735105209867461,-7.066039926093241e-05
2.4182698726654053,-1.4525001680663403,-80.83702709968419,80.08740187940116,48.060010410986614,-0.0076286589954344015,-7.075147937134207e-05
2.4408209323883057,-1.4338017746007898,-80.73095807377183,79.99005988298852,47.99421194936385,-0.007894052139391927,-7.084350613659836e-05
2.4630439281463623,-1.415247289111667,-80.6250430741741,79.8927769875764,47.928499852625606,-0.008149180016122193,-7.093546212194581e-05
2.4861884117126465,-1.3968193662448143,-80.51928456332077,79.79555934410142,47.86287986145993,-0.008400631321738485,-7.102643783008239e-05
2.5071940422058105,-1.3785162448837824,-80.41368888581718,79.6984195396252,47.797322203325876,-0.008657990118129,-7.111728477906391e-05
2.530045986175537,-1.360356755761454,-80.30828944839098,79.60135429985337,47.73185451378206,-0.008910883418530389,-7.120827431599303e-05
2.5521047115325928,-1.3423366836550923,-80.20305355078693,79.50432816116249,47.66647289336395,-0.009157699457426473,-7.130147896349021e-05
2.573944330215454,-1.324428855365185,-80.09796463606824,79.4073610794898,47.60117798212931,-0.009398945619402965,-7.139343548846927e-05
2.596390724182129,-1.3066447847963172,-79.9930183815875,79.310484764105,47.53596177257872,-0.009636385006583908,-7.148120042467458e-05
2.618997812271118,-1.2889694803783944,-79.88822355899805,79.21371037390396,47.47080972271965,-0.009875322964201553,-7.156574197694165e-05
2.641963243484497,-1.27140335622454,-79.78356432192703,79.11700351736506,47.405718333577056,-0.010111940449353268,-7.165062964351035e-05
2.6630191802978516,-1.2539786679168996,-79.67903667232703,79.020369941077,47.340704383114534,-0.01035837529691694,-7.173386866449293e-05
2.68599796295166,-1.23669118203489,-79.57463496587914,78.92379611623109,47.2757553477873,-0.010605149352493876,-7.181763649689419e-05
2.7077674865722656,-1.2195250895583878,-79.4703689290582,78.82727419338931,47.21087931441538,-0.01085864892912026,-7.190268479394043e-05
2.7296948432922363,-1.2024788692587258,-79.36623310442398,78.73080280700115,47.146070532184545,-0.011105116059960833,-7.198891163014852e-05
2.7521591186523438,-1.1855258518234553,-79.26223814931383,78.63439069622827,47.08135540749816,-0.011346684024229588,-7.207419088533961e-05
2.7751173973083496,-1.1686800228758591,-79.1583797286023,78.53803137559399,47.01669703826789,-0.011607561526900748,-7.2161230840316e-05
2.7975661754608154,-1.151959501494595,-79.05466600053913,78.44173169972058,46.95211272432869,-0.011876780897225611,-7.22482319628412e-05
2.8189852237701416,-1.1353737278623897,-78.95110129011752,78.34547921616266,46.88761812338262,-0.012145734110173079,-7.233569560292344e-05
2.8412418365478516,-1.1189186134286924,-78.84768588735541,78.24929095346474,46.82317585722096,-0.012428113472783142,-7.242388979199576e-05
2.863203525543213,-1.1025505643181381,-78.74440162919133,78.15316067268846,46.75880544408366,-0.012696550043854164,-7.251128945886803e-05
2.8854339122772217,-1.0862900771643047,-78.64123643048754,78.05709314260105,46.69451328905005,-0.012955189383891907,-7.259642093657731e-05
2.9076857566833496,-1.0701167122030601,-78.53819259409701,77.96109623342106,46.63026092419652,-0.013205441291709658,-7.268131271445888e-05
2.9312267303466797,-1.0540386567569475,-78.43526791552208,77.8651587947278,46.566037891107186,-0.013448893351914643,-7.276759949095585e-05
2.954061508178711,-1.0380699882515558,-78.3324795635143,77.76927599316485,46.5018303229904,-0.013685495328569894,-7.285707634404698e-05
2.9749889373779297,-1.0221962476927937,-78.22979830421525,77.6734449824973,46.4376386608618,-0.013918593293496364,-7.294779998347172e-05
2.998420000076294,-1.0064330317400534,-78.12723617865664,77.57763978566487,46.37349804908655,-0.014167402390506045,-7.304060714207879e-05
3.0197770595550537,-0.9907813140923653,-78.02480607573611,77.48187242322659,46.30940721732354,-0.01442882989234936,-7.313439214583564e-05
3.041696548461914,-0.9752397033254528,-77.9224843548173,77.38617001338359,46.24539126601324,-0.014682447224397273,-7.322327707618318e-05
3.0641632080078125,-0.9597861875914858,-77.82028296516211,77.29052557872151,46.181439175056276,-0.014929999753715006,-7.331021881358403e-05
3.0869152545928955,-0.9444316677661676,-77.71822216195919,77.19492915114012,46.1175847845009,-0.015175471914011024,-7.339559873385976e-05
3.110158920288086,-0.9291720122106907,-77.61628301659864,77.09936619149748,46.05380340187769,-0.01541558097905792,-7.348169099511083e-05
3.1314330101013184,-0.9140105908833311,-77.51444549731482,77.00383299989444,45.99008736331847,-0.015653247480502588,-7.356808308479802e-05
3.1549878120422363,-0.8989776028267213,-77.41273241138725,76.90833161827979,45.92644221100249,-0.01588754704110744,-7.36551759875823e-05
3.1760733127593994,-0.8840808438254479,-77.31113275742933,76.81286457170094,45.86284872513963,-0.016118619786595047,-7.374301769572205e-05
3.1976242065429688,-0.869330001818753,-77.2096557615932,76.71741877282906,45.79930010161721,-0.016346873171597155,-7.38335776708397e-05
3.2196974754333496,-0.8546768479700932,-77.1083030131616,76.62198601429033,45.73579097291806,-0.016577521265035103,-7.392758549427645e-05
3.2428321838378906,-0.8401146863644234,-77.00708116434473,76.5265552682273,45.67234092551186,-0.016811667328442435,-7.402453385359007e-05
3.2643730640411377,-0.825644566060481,-76.90597670046822,76.43114437379744,45.608963368513535,-0.01704349846679569,-7.412024869229873e-05
3.287045955657959,-0.8112622067686681,-76.80501112719557,76.33576438327498,45.54564215472016,-0.01727337869967249,-7.421568414755758e-05
3.3083865642547607,-0.7969479925466567,-76.7041691298175,76.24040579470567,45.482348532322746,-0.0175043821525386,-7.431266319475596e-05
3.332199811935425,-0.7827256885033638,-76.60344509054093,76.14506825788376,45.41910368402694,-0.017747696999561295,-7.440908211193615e-05
3.356020450592041,-0.7685819549764386,-76.50279941103251,76.0497458204661,45.355900465873134,-0.01800556487908211,-7.45039052404337e-05
3.379314422607422,-0.7545401272375727,-76.40225869663611,75.95445250734662,45.29272802506157,-0.018278057768739177,-7.459772269296961e-05
3.4037892818450928,-0.7406237633300399,-76.30184768251765,75.8591891900165,45.229599356489125,-0.018550834845179102,-7.46909083193085e-05
3.4271702766418457,-0.7268199411584312,-76.20154554652042,75.76396521024282,45.16651448411875,-0.01883131980120651,-7.478141162065564e-05
3.4524567127227783,-0.7131234527232077,-76.10136884222618,75.66876973912171,45.103498402558415,-0.019102623857221532,-7.487020149812626e-05
3.4757354259490967,-0.6995298582986578,-76.00129409844291,75.57359843183573,45.04053543863578,-0.019360683298354556,-7.495771055911682e-05
3.4973816871643066,-0.6860367182587364,-75.90132642575595,75.47846071602707,44.97763877664139,-0.01960927624998481,-7.504261592768608e-05
3.5196621417999268,-0.6726391675149118,-75.80146535406183,75.38335843879491,44.91481536931636,-0.019850065981507747,-7.512478758835103e-05
3.5418100357055664,-0.659345922650261,-75.70169972559539,75.28831671004757,44.85205732724462,-0.020084488338625313,-7.52019712343221e-05
3.5673015117645264,-0.6461197651293553,-75.60204610666621,75.19332292782245,44.78935929811536,-0.020312920170360085,-7.527786304738993e-05
3.5888001918792725,-0.63296397139359,-75.50250269746225,75.09837174348635,44.72670848151659,-0.020538660749119524,-7.535400762129116e-05
3.6112074851989746,-0.6198717482024685,-75.40307800954523,75.00345508710791,44.66411144717301,-0.020764052492327316,-7.543134728271522e-05
3.6341750621795654,-0.6068669318410069,-75.30374861760131,74.90859653701536,44.601587856463944,-0.02099192520726655,-7.550474277015116e-05
3.656050205230713,-0.5939435418581158,-75.2045150155851,74.81380382454243,44.53909675882928,-0.021217466424803266,-7.557672730081488e-05
3.6779932975769043,-0.5810802943331879,-75.10537380221808,74.71904976728928,44.476646812980114,-0.021440073809406403,-7.564998182859546e-05
3.700092077255249,-0.56828002897593,-75.00633259444868,74.62430208307538,44.41425137317892,-0.021659399040416,-7.572737802787825e-05
3.7230184078216553,-0.5555497680060663,-74.90737468975568,74.52956438975804,44.351888273673325,-0.02187660704997339,-7.580814354516558e-05
3.7453579902648926,-0.5429128921112187,-74.80848962743275,74.43483626882406,44.289542282996265,-0.022090324043807532,-7.589190837073098e-05
3.7670986652374268,-0.5303784281731679,-74.70969707084015,74.34013664765133,44.227240781794706,-0.022302205743526763,-7.597538154457746e-05
3.7896478176116943,-0.517921680974212,-74.61100751783283,74.24546931620756,44.16497746606576,-0.022513650097291293,-7.605917448198123e-05
3.813687562942505,-0.5055398572746647,-74.51241427920748,74.15082328198048,44.10274395582373,-0.0227231154052472,-7.614450333752636e-05
3.836573839187622,-0.4932197976541375,-74.41389970075272,74.05620327688376,44.040575670940406,-0.022932500517366526,-7.622753729250884e-05
3.8599698543548584,-0.4809720823101212,-74.31544545546103,73.96163004173687,43.97842226276269,-0.023143414230587283,-7.630846947158406e-05
3.883819580078125,-0.4687857156057482,-74.21705733440382,73.86709015588048,43.916301510884374,-0.023354473891581972,-7.63884495047453e-05
3.905988931655884,-0.45665201672760125,-74.11878110733807,73.7725899255313,43.854197965500255,-0.02356417086546704,-7.647030862548306e-05
3.9296720027923584,-0.44459374459696216,-74.02059769501125,73.67810735420906,43.79210707570272,-0.023775336010198253,-7.655519128622075e-05
3.951817035675049,-0.4326016730141772,-73.92249105124272,73.58363848165232,43.73005523916788,-0.023987540687451084,-7.664049108180346e-05
3.975015163421631,-0.42067017341545465,-73.82445226192927,73.48918109563954,43.668033987407455,-0.02420071539083743,-7.672634658364211e-05
3.996485710144043,-0.4088170420407426,-73.72647774536021,73.39473262210916,43.6060502423489,-0.024415813540745776,-7.681219259872866e-05
4.019026517868042,-0.397032025029873,-73.62858902365363,73.30032384639682,43.544103562219554,-0.02462943677776937,-7.689583652405017e-05
4.0417540073394775,-0.3853248346535323,-73.53079174024398,73.20594992055678,43.48219085188722,-0.024841784004128266,-7.697864164810667e-05
4.064204931259155,-0.37371564892445064,-73.43308302079895,73.11157395405174,43.42031723100559,-0.025054212829206772,-7.706417929823615e-05
4.087908744812012,-0.36219100384893554,-73.33545581324172,73.01718789178115,43.358450491129574,-0.025268226836991547,-7.715425250460322e-05
4.109234094619751,-0.35075456889052414,-73.23788958861246,72.92278787774295,43.29661240921384,-0.025494832155027954,-7.724585490098165e-05
4.132204294204712,-0.33939836952251323,-73.14040031823878,72.82839472672367,43.23482790581893,-0.025720594663351293,-7.733568061033821e-05
4.153729200363159,-0.32812744270302624,-73.04298348007501,72.73400920967367,43.17309404140261,-0.02594540029674252,-7.742379940462894e-05
4.175590991973877,-0.31695773789690534,-72.94565010275333,72.63964774545938,43.111390535425265,-0.02617238254081785,-7.751039670451984e-05
4.198314666748047,-0.30588756503645215,-72.84840066014223,72.54533515057021,43.04973013444657,-0.026412475725446985,-7.759230608577695e-05
4.221113920211792,-0.29490183183353014,-72.75121686417914,72.45104412102505,42.98809345745428,-0.02664792914238925,-7.767363661573474e-05
4.244213581085205,-0.28399256315299526,-72.65412067417753,72.356753549841,42.926472555306155,-0.026897775773856755,-7.775839897882536e-05
4.267892360687256,-0.2731591301159093,-72.55710449610912,72.26249020574346,42.86488797353884,-0.027160024673101506,-7.784134075914553e-05
4.292242050170898,-0.26237588161842096,-72.46017682739294,72.16823608190926,42.80333247013237,-0.02743907376747359,-7.792569097360739e-05
4.31610631942749,-0.2516804040178102,-72.36334771090156,72.0739899368005,42.7417997610898,-0.027706934376796125,-7.801199891204537e-05
4.338408946990967,-0.24105920492974398,-72.26658743165456,71.97972420365444,42.680291303834416,-0.02797001802888122,-7.810115965941522e-05
4.362683296203613,-0.23049941640027793,-72.169914194299,71.88544621986257,42.618818262455065,-0.0282242265999316,-7.819201375955186e-05
4.3870673179626465,-0.21996943748886372,-72.073288779824,71.79114588148477,42.557377449145,-0.02846689723632574,-7.828340431031728e-05
4.411972284317017,-0.2094995730703097,-71.97672428085696,71.6968383877138,42.49595405651378,-0.028700478774529185,-7.837487364145076e-05
4.436294794082642,-0.19907681112182193,-71.880234376492,71.60252904798669,42.43453247104414,-0.028926637733050847,-7.846735346995249e-05
4.461325407028198,-0.18962228363111766,-71.78380509581633,71.50822587041178,42.373130226041944,-0.029146191172472385,-7.855461824281411e-05
4.487062931060791,-0.18164447715412732,-71.68744873983908,71.41394212903518,42.31173138902107,-0.02935824090820752,-7.863601053628363e-05
4.509690046310425,-0.17511532211732356,-71.59117198710518,71.31966493469628,42.25035010651268,-0.029565359141602868,-7.871373581616947e-05
4.534144878387451,-0.16983882879615056,-71.49500257072512,71.22539088593918,42.18895968235451,-0.029768419233578806,-7.87926594241372e-05
4.555704116821289,-0.16557290712837597,-71.39894086443365,71.13111119613397,42.1276056982506,-0.029967544950313903,-7.887169258825104e-05
4.577799081802368,-0.16212911594623036,-71.30295593404702,71.03686028101815,42.06629606577959,-0.030163156393975123,-7.894566045298326e-05
4.601284742355347,-0.15932781247456887,-71.2070505503419,70.94261668082804,42.00501989188929,-0.030357289994814927,-7.901942331877775e-05
4.623181343078613,-0.15703844459090197,-71.11118503439764,70.84836772074846,41.94376783618646,-0.030550234657600164,-7.909340018376707e-05
4.644775867462158,-0.15514172190027697,-71.01538130375629,70.75411318391603,41.88251360385004,-0.03074338751781685,-7.917076867382666e-05
4.667003870010376,-0.15356456446557643,-70.9196579206821,70.65985582037563,41.821270979661996,-0.030935533142655378,-7.925099210018923e-05
4.690346002578735,-0.1522475763111685,-70.8240335902563,70.56558647659864,41.76007058468608,-0.031129961383661805,-7.93338693692916e-05
4.711458921432495,-0.15113258960475476,-70.72849589691748,70.47130454796257,41.698898387030795,-0.03132563568911067,-7.941925538785723e-05
4.734653949737549,-0.15020507587139467,-70.63303530885979,70.37700936607915,41.637740900574585,-0.031521396651254356,-7.950697345068839e-05
4.757636785507202,-0.1493976579546243,-70.53765476672231,70.28272169077997,41.576617066320296,-0.0317149466462398,-7.959345734784728e-05
4.78024435043335,-0.14868903923231364,-70.44234857692018,70.18845327899295,41.5154968113053,-0.0319060588939159,-7.967912906082784e-05
4.802971363067627,-0.1480631781492804,-70.34713391835352,70.09418857559587,41.45439023366732,-0.032093528996432884,-7.976614168868641e-05
4.825173377990723,-0.14750064730789736,-70.25199703495561,69.99991734547466,41.39330678505262,-0.03227827557481995,-7.985402383803948e-05
4.847922086715698,-0.14696205050344555,-70.15692811014529,69.90562770918436,41.332231574047576,-0.032462876150205884,-7.994428118573634e-05
4.8712732791900635,-0.14643880208743368,-70.0619197007339,69.81131153449469,41.271180863171324,-0.03264498137371215,-8.003585515531295e-05
4.892685890197754,-0.1459541681215365,-69.96697837616458,69.71698874438559,41.21015955174414,-0.032823009044661025,-8.012611815238847e-05
4.915943622589111,-0.1454846284765395,-69.87208185396265,69.62267419716436,41.14913643046423,-0.032997877077786245,-8.021430950188095e-05
4.937841892242432,-0.14504312699389635,-69.77722464989463,69.52836275699886,41.088109314075155,-0.03316784495160247,-8.030109194287408e-05
4.960100889205933,-0.14462180668905256,-69.68240634547948,69.4340683851425,41.027095307828354,-0.033337757563052635,-8.038413046892785e-05
4.982849359512329,-0.14422524728672986,-69.58765196937811,69.33978952496459,40.966116312512064,-0.03350808816262067,-8.046434363687715e-05
5.005651950836182,-0.14381737190229202,-69.49296317675912,69.24550708647189,40.90516769638118,-0.03367773385134997,-8.054488509913841e-05
5.02863883972168,-0.1434061678400104,-69.39834212812092,69.15121470362533,40.8442454314577,-0.033845342069383805,-8.062669801596446e-05
5.050169229507446,-0.14300119727136149,-69.30378854889909,69.05695576949982,40.783330575783445,-0.03400897612306133,-8.070579980164967e-05
5.073208808898926,-0.14261121755338135,-69.20928695525224,68.96272523784647,40.722447933400396,-0.03416889700973929,-8.078098748466694e-05
5.0949811935424805,-0.14224289250714672,-69.11483254189706,68.86851784203468,40.66161012301686,-0.03432519551236457,-8.085267607847523e-05
5.116684198379517,-0.14186718143758875,-69.02042463429989,68.77430810414879,40.600784923987675,-0.03448085776359201,-8.092645152316133e-05
5.138844013214111,-0.14150921002775999,-68.9260526383949,68.68010349409238,40.539999465553755,-0.03463427804446764,-8.099888917880203e-05
5.162130117416382,-0.14116560215094776,-68.83172595113612,68.58590745451122,40.47923201380071,-0.03478589785855481,-8.107177331706166e-05
5.183738708496094,-0.14085448463947411,-68.7374453318682,68.49170615662386,40.418485033030514,-0.0349346951337585,-8.114645053769519e-05
5.206205368041992,-0.14054294997750996,-68.643239835175,68.39752041256287,40.35774585949604,-0.035080274390368274,-8.122274862517647e-05
5.228180408477783,-0.14026533171490746,-68.54910946643187,68.30334514354105,40.29704266906407,-0.03522290601971223,-8.129915007079038e-05
5.250894784927368,-0.14001469507070202,-68.4550245592166,68.20919682010529,40.2363618724722,-0.035363598308183204,-8.13730883202067e-05
5.272817611694336,-0.1397547636742715,-68.36095179331757,68.11506843502747,40.175717759144945,-0.03550191350601999,-8.144341054081366e-05
5.295042037963867,-0.13946774532245484,-68.26692976772397,68.0209522106568,40.11510330389789,-0.0356370194540758,-8.151438786584519e-05
5.318301439285278,-0.1391651916395203,-68.17296863146382,67.9268280237695,40.05451213557588,-0.035770816936171804,-8.158909370994045e-05
5.339521884918213,-0.1388758478748083,-68.0790688759658,67.832678503884,39.99391971696865,-0.03590614326085042,-8.167010486918012e-05
5.362155199050903,-0.1385838385461743,-67.9851972389766,67.73849461666035,39.933324302895585,-0.0360410682737667,-8.175546784719315e-05
5.383509159088135,-0.138295004645323,-67.89134420376222,67.64428856795189,39.872717242839755,-0.036177627768668334,-8.184282947480292e-05
5.406569957733154,-0.13800211566515133,-67.79754788981971,67.55006136132296,39.81212274244447,-0.03631432067204068,-8.193221389089642e-05
5.427702903747559,-0.13769940494541957,-67.70379709129554,67.45580108396611,39.751537987351654,-0.036450270802085044,-8.202396257627128e-05
5.44959831237793,-0.13742477032699474,-67.61010267902867,67.3615330922468,39.69098816312513,-0.03658888157728205,-8.211357387418037e-05
5.471693515777588,-0.1371723984244364,-67.51645115441188,67.26727602765827,39.63047459269769,-0.03672894123084636,-8.219848567539866e-05
5.494784116744995,-0.13691346006734276,-67.42285446487455,67.17299389197704,39.570030069680804,-0.03686863947352537,-8.228238555722498e-05
5.517400503158569,-0.13666142963644748,-67.32929348358273,67.07871807363179,39.50964289051734,-0.03700776725203426,-8.236153292815448e-05
5.538525581359863,-0.13640956006377164,-67.23580463621849,66.98443038174977,39.44929065551892,-0.03714766163274271,-8.244223137146614e-05
5.562124967575073,-0.13615504882672555,-67.14235158181765,66.89015112883685,39.38895662921791,-0.03728584653167515,-8.252090163489591e-05
5.583932638168335,-0.13590071588423194,-67.04892750860215,66.79586185787224,39.32863372214193,-0.037424440049096314,-8.260003992004836e-05
5.607057332992554,-0.13562036827218332,-66.95555512436994,66.70157391784737,39.268308274157896,-0.037564696536757806,-8.268041841678822e-05
5.629221439361572,-0.13531210921976528,-66.86220133781202,66.60729075226587,39.2079763828819,-0.0377046041332954,-8.275980640312815e-05
5.652063608169556,-0.13498827478864353,-66.76887972205589,66.51301438715137,39.14765794411882,-0.037844663354424685,-8.283768716703129e-05
5.675114870071411,-0.13468985681965143,-66.67560411812654,66.41872617386213,39.08735164498155,-0.0379858052223927,-8.291712586604678e-05
5.696478605270386,-0.13439639587211158,-66.58239599474688,66.32442522692486,39.027043876570644,-0.03812601126457979,-8.299993659229895e-05
5.719439506530762,-0.1340956700711613,-66.4892529881695,66.23013713601604,38.966717799739705,-0.03826261703715015,-8.308342607823779e-05
5.741389036178589,-0.1338271355975458,-66.39613099863126,66.13587178936557,38.90637382406804,-0.03839577277100321,-8.316369252260917e-05
5.763523101806641,-0.13357529085889785,-66.30306422188964,66.04161201547774,38.846039327385206,-0.03852552823939797,-8.324359576791073e-05
5.785525560379028,-0.13332569157271593,-66.21001543901771,65.947342823071,38.78572077008328,-0.038655276204039045,-8.332248774989234e-05
5.808490753173828,-0.13305647032524331,-66.1170153339993,65.85307836230237,38.72541581682414,-0.03878612700632257,-8.340088965691457e-05
5.829776287078857,-0.13278908682134125,-66.0240715470286,65.75882594664814,38.66513406343813,-0.03891813109235596,-8.34778518085835e-05
5.852652549743652,-0.13251920965284042,-65.93118249123428,65.66459033362673,38.60490960733866,-0.03904906711842029,-8.355106884301821e-05
5.874100923538208,-0.13225236984472444,-65.83835345466275,65.57035513916293,38.54470313207755,-0.039179219696826015,-8.362578778783675e-05
5.897065877914429,-0.1319774932581638,-65.74558229658153,65.47611855115747,38.48449330624935,-0.03930560884988556,-8.370312690837867e-05
5.919233798980713,-0.13167805539019584,-65.65285386218585,65.38189752422032,38.42428409484062,-0.03942752059006214,-8.377965217262538e-05
5.941892385482788,-0.13139389603131735,-65.56015514240494,65.28770306123754,38.36408790202947,-0.03954440956131655,-8.385271177534555e-05
5.96508526802063,-0.13112804977327247,-65.4674862549621,65.19351146403268,38.303896262716606,-0.03965809796412452,-8.392622099997424e-05
5.986100196838379,-0.13086795857701733,-65.37484795630459,65.09930044533753,38.24374656559845,-0.03976712620530267,-8.400052195621093e-05
6.009438514709473,-0.13061629326862514,-65.28225105621367,65.00508683238188,38.183627653584296,-0.03987499098071919,-8.407485692755243e-05
6.030604362487793,-0.130326838956366,-65.18972546872412,64.910886647437,38.12353455433324,-0.03998174970130888,-8.414959370526167e-05
6.053950548171997,-0.13004828285401226,-65.09725578846323,64.81671027146012,38.06345533100731,-0.04008793868583779,-8.422318289549367e-05
6.075505256652832,-0.1297842490871913,-65.00481156162873,64.72253010757177,38.00340387120636,-0.04019526217357498,-8.429647845577609e-05
6.097361087799072,-0.12952930927343687,-64.91243914535822,64.62835240547713,37.943355625434165,-0.04030363522732306,-8.437293848392791e-05
6.120380640029907,-0.1292951260552018,-64.82014042514618,64.53419262813878,37.88331661360607,-0.04040977839702213,-8.444989256931863e-05
6.143598318099976,-0.12907902023743398,-64.7279007620864,64.4400539460406,37.82330270384799,-0.04051375198075474,-8.452514248514244e-05
6.166749954223633,-0.1288681009816969,-64.6357205060545,64.34594949560599,37.76330578732214,-0.04061741714510375,-8.459813131897747e-05
6.187653541564941,-0.12864555057865407,-64.54357851154052,64.25185798624985,37.703313871223784,-0.04072027199166102,-8.467136049935071e-05
6.210210800170898,-0.12843644558714695,-64.45146340954388,64.15776309974201,37.64333801762591,-0.04082002930673866,-8.474527980098062e-05
6.232762336730957,-0.1282284194706351,-64.35935296842052,64.06367073315286,37.58336971763792,-0.04091580393383156,-8.481842825975826e-05
6.254902601242065,-0.12802998964701784,-64.26726434746503,63.969578328413526,37.52338224083132,-0.04100843246112511,-8.48938041679145e-05
6.2783825397491455,-0.12783681195123003,-64.17523093154992,63.875480888650294,37.46339511488583,-0.04109811391005317,-8.497226725513125e-05
6.2997167110443115,-0.12763194945891893,-64.08326270230278,63.78137463874256,37.40343695270402,-0.041186284072765734,-8.505252344196692e-05
6.322927474975586,-0.12740566027069467,-63.99135153635961,63.68725700322259,37.34350242673872,-0.041271212873756416,-8.513434279233315e-05
6.34463357925415,-0.12718473146943113,-63.89950083654818,63.593118651254,37.283573353787986,-0.04135467697547859,-8.521954661574221e-05
6.367887020111084,-0.1269779208613509,-63.807698556816185,63.49897136460167,37.223642056201804,-0.041436428769622946,-8.530573422328399e-05
6.389744997024536,-0.1267692908443436,-63.715948359969,63.404816958157994,37.16370384933735,-0.041516061249935635,-8.539291189050046e-05
6.41172456741333,-0.12657027963712908,-63.624247283517235,63.3106700279987,37.103762334026264,-0.041593419071503525,-8.547865627374491e-05
6.435039043426514,-0.12638226166765806,-63.53259858813757,63.216551604772434,37.04382050252306,-0.0416695200274784,-8.556075719961666e-05
6.456263780593872,-0.12619750071742447,-63.44098424444437,63.122443832115465,36.98391929312609,-0.04174394782891912,-8.563849273968186e-05
6.479285001754761,-0.12600617675873454,-63.34939386561856,63.0283211711663,36.9240438108775,-0.041816836321512875,-8.571595498384198e-05
6.500561237335205,-0.1258253534230482,-63.25782148064107,62.93418338052489,36.86418114244581,-0.04188857532596259,-8.579356584741485e-05
6.52335524559021,-0.125651781157376,-63.166293701213185,62.840025803369294,36.80433811702813,-0.041958817045771944,-8.587292150693687e-05
6.54568886756897,-0.12548395902774168,-63.074818507600845,62.74585451986723,36.74452969059854,-0.042029175299033016,-8.59525074615802e-05
6.56742262840271,-0.1253012657401051,-62.98339398736494,62.65168525210152,36.68472118434155,-0.04210185154662039,-8.603246718286155e-05
6.589669704437256,-0.12511633551316304,-62.89201547359468,62.55750737731784,36.624923460270466,-0.04217902978257957,-8.61129161974941e-05
6.612211465835571,-0.12494005585085101,-62.800685293214634,62.46331879607053,36.56512191703748,-0.04226102388374759,-8.619488253322083e-05
6.634505271911621,-0.12477008947138106,-62.709388725155314,62.369128166415315,36.505311730044966,-0.04234705316427044,-8.627644291995283e-05
6.6572887897491455,-0.12459201160058929,-62.61815553642619,62.274952063125134,36.44549958248795,-0.0424364333306211,-8.635708356618514e-05
6.679317474365234,-0.1243943014929149,-62.52696567790124,62.180791614400604,36.38569759119228,-0.04252544536896689,-8.64349808035842e-05
6.703109502792358,-0.12419159834392522,-62.4357928477903,62.08663612420392,36.32591100934537,-0.042614680033677486,-8.651000521318036e-05
6.724281072616577,-0.12397736295865643,-62.344663689875205,61.992490946141736,36.2661464555678,-0.042702669164237865,-8.658330692568926e-05
6.746420860290527,-0.1237633797143358,-62.253561294790096,61.89833762647955,36.20640332104697,-0.04279245534578528,-8.665638565390157e-05
6.7697532176971436,-0.12356119919980445,-62.16247417335891,61.80415309962479,36.14669090553971,-0.04288288373123763,-8.67306877970557e-05
6.791010618209839,-0.12337103032140295,-62.07142361062329,61.709980648534064,36.08698611161258,-0.042973791171082174,-8.680363830568083e-05
6.814045429229736,-0.12319105550306345,-61.98039212723877,61.61583199069677,36.027282321824124,-0.04306660366096398,-8.687360007749618e-05
6.835488557815552,-0.1230111529888808,-61.889375141367,61.52170727139061,35.967575740257395,-0.043159881977300814,-8.69412379338434e-05
6.858654499053955,-0.12283914015215963,-61.798366831700484,61.42758062403015,35.90791433964014,-0.043252152914483366,-8.700687278738485e-05
6.880191802978516,-0.12266744076825617,-61.70735460761796,61.33345683034555,35.84826313734547,-0.04334185367474208,-8.707186510477931e-05
6.9020936489105225,-0.1225009000095497,-61.61636936350666,61.23934675385713,35.78862859964027,-0.043430138309019366,-8.71366264733074e-05
6.924481391906738,-0.12233909236659835,-61.52540952949148,61.14524093912997,35.72902931125572,-0.04351502633710583,-8.720123082568178e-05
6.946943521499634,-0.1221758092016109,-61.43446679125347,61.05113866675538,35.66947035310164,-0.043597042805496804,-8.726517031696355e-05
6.968491315841675,-0.1219972608019761,-61.3435604874703,60.957010341409124,35.60995660892299,-0.04367685856577363,-8.73329987667999e-05
6.990479946136475,-0.1218260344921262,-61.25270562338655,60.86285390353193,35.55046676839713,-0.043753273593265994,-8.740628920538991e-05
7.012091159820557,-0.1216531174154073,-61.16190793420076,60.76866704280562,35.49100709122659,-0.04382611662411162,-8.74842050129992e-05
7.035032749176025,-0.12145434419654717,-61.07116712186941,60.67446506238484,35.431571424820014,-0.04389297535274253,-8.756444611395475e-05
7.056960105895996,-0.12123702351691183,-60.98048117520834,60.58026749559849,35.372142196129886,-0.04395490586584241,-8.764511213254485e-05
7.0791027545928955,-0.12101557127540073,-60.88983818921594,60.48609574995294,35.31272854617843,-0.044013440833165385,-8.772227986535395e-05
7.102181911468506,-0.12081005179526547,-60.799215301302645,60.391948257708925,35.25332176037677,-0.04406943930383851,-8.779589610367871e-05
7.123218059539795,-0.12061701835756557,-60.70862920334891,60.297821176979326,35.19389757201181,-0.04412323670516658,-8.786956000171162e-05
7.14615273475647,-0.12043404397350706,-60.618068919694636,60.20368406436193,35.134486887800605,-0.044174691870062975,-8.794429266511997e-05
7.167173385620117,-0.12026033416103205,-60.52755244766154,60.109545856751176,35.075077540279715,-0.04422332886436771,-8.802061891009872e-05
7.18967604637146,-0.12009270881979447,-60.43704939338679,60.01539799217765,35.01566259451641,-0.04426732587692952,-8.809779420131219e-05
7.212011098861694,-0.11991656660180673,-60.34656968493381,59.921256393258616,34.95626790446868,-0.04430586117753665,-8.817288272103586e-05
7.233841419219971,-0.11973464268632489,-60.25611251641833,59.82711722776183,34.89690784935416,-0.044340303200846955,-8.824582112315373e-05
7.256123304367065,-0.11955566333884789,-60.165666377143225,59.73297513290138,34.8375695672029,-0.04436773934670792,-8.831771777289918e-05
7.278696775436401,-0.11938463820757467,-60.07524989686218,59.6388249179949,34.77828466695067,-0.044388953408045294,-8.838861334683652e-05
7.300167083740234,-0.11922087675782127,-59.984858536496816,59.54467516623302,34.71905916982056,-0.04440599856978259,-8.845713524963114e-05
7.32582688331604,-0.11906243554734665,-59.89450660824908,59.45052609133263,34.659865304600956,-0.04442295718385339,-8.852630889300658e-05
7.350728750228882,-0.11890755608203674,-59.80419180627823,59.356357317531184,34.60071840134287,-0.0444387725280575,-8.859736374479879e-05
7.372939825057983,-0.11874627849065679,-59.71391734673582,59.262187403080944,34.5415959943503,-0.0444531681047228,-8.866936633568736e-05
7.395104169845581,-0.11858494896787895,-59.62366057987667,59.16801422503944,34.482490520459145,-0.0444662704849101,-8.874145115239644e-05
7.419305801391602,-0.11842771829902471,-59.533432454831754,59.07383814839963,34.4233934703441,-0.04447791924888355,-8.881470717104695e-05
7.442779064178467,-0.1182566333218565,-59.4432141914975,58.979661715025806,34.36430800672004,-0.04448439760208707,-8.888735836257016e-05
7.464529514312744,-0.11808613349017857,-59.35301084705149,58.88548573000823,34.3052585162496,-0.044486471565768154,-8.895823098423932e-05
7.4876298904418945,-0.11792159855918226,-59.26281750602361,58.791294043475055,34.24626235619573,-0.04448523190569004,-8.902822926722406e-05
7.50956654548645,-0.11776014530905782,-59.172624078072204,58.69707903773895,34.187293171587044,-0.04448316109340566,-8.909941003354372e-05
7.531742334365845,-0.11760215338616478,-59.082449037712706,58.60284429539032,34.12833910215131,-0.044481061380848064,-8.917293985139008e-05
7.554752826690674,-0.1174299976037909,-58.9923235553237,58.50859992181619,34.06939460890546,-0.04447756602621277,-8.924942675115461e-05
7.576027154922485,-0.11726039773292785,-58.902251001400714,58.414357805607615,34.010464240382184,-0.04447268711307987,-8.932669487614875e-05
7.59914231300354,-0.11709606155666735,-58.81223881959874,58.32012346404748,33.951553511942436,-0.04446641489083427,-8.94039861562147e-05
7.620463609695435,-0.11692547958778424,-58.72228191929034,58.22588058987594,33.89268505780881,-0.04445628903526529,-8.948151278244635e-05
7.642993211746216,-0.11676114552632041,-58.63237120316873,58.13162744594164,33.83381989282187,-0.0444426983116363,-8.956105935436533e-05
7.664976358413696,-0.1166032049718224,-58.542481702595,58.03735647462778,33.77496433413337,-0.04442502634750832,-8.964109582528794e-05
7.686813116073608,-0.11645080218258046,-58.45261387012465,57.94306332103677,33.71614920475519,-0.04440282745434686,-8.972011705716686e-05
7.709494352340698,-0.11630289083112332,-58.362760587734996,57.848762176527444,33.65738701492436,-0.044374698223543674,-8.979541457989857e-05
7.731605529785156,-0.11615874203626728,-58.27294365068188,57.754463036083244,33.59865870856786,-0.0443376082110949,-8.98689961550416e-05
7.7528300285339355,-0.11601986325254741,-58.18316411861657,57.66016803945168,33.53993475861975,-0.04429500517461835,-8.994274276294186e-05
7.775336980819702,-0.11588481747262538,-58.09341485084826,57.56586218747282,33.4812346201158,-0.04424897868230573,-9.001674641027156e-05
7.796732664108276,-0.11575428025416966,-58.00370266480013,57.47156103830601,33.422528478692406,-0.044200367658414855,-9.009128966460648e-05
7.819946527481079,-0.11562768399269599,-57.91401463060341,57.377245218009925,33.36385010107498,-0.044147983335748896,-9.016567737995711e-05
7.841846466064453,-0.11550600025382098,-57.82436561854523,57.282934127470995,33.30521784558675,-0.044092240944058676,-9.023745839178144e-05
7.86357855796814,-0.11538873147679284,-57.7347478256277,57.18862558763509,33.246620759211204,-0.04403631521652265,-9.030758183779957e-05
7.886518955230713,-0.11527345970096985,-57.64516847829945,57.094303154933705,33.188054519551805,-0.043981157849372496,-9.037902086950074e-05
7.908002614974976,-0.11515888604741711,-57.555616019310705,56.99996523042069,33.129541988593466,-0.04392619779836411,-9.044962344880349e-05
7.931060791015625,-0.11504477137423802,-57.46609966986993,56.905612412181966,33.07106705406476,-0.04387206546962423,-9.05210165447477e-05
7.952164649963379,-0.11492931718186526,-57.376600537566375,56.81126068585287,33.012622695558136,-0.043817570624710395,-9.059042379974131e-05
7.974820613861084,-0.11481295170986486,-57.28709233745569,56.71689676479431,32.95419601986171,-0.04376471661198593,-9.065895176861872e-05
7.997210502624512,-0.11469546297218781,-57.19756943893264,56.6225188335564,32.895785310211586,-0.04371333806295471,-9.072676683302312e-05
8.018956422805786,-0.11457849193037582,-57.10804675607225,56.5281151246549,32.837392961689275,-0.04366267255293728,-9.079619055466275e-05
8.041345357894897,-0.11446309952428795,-57.01855664968877,56.43372731427488,32.778994652256955,-0.04360973224987738,-9.086548158881572e-05
8.063586235046387,-0.11434941242116457,-56.92910933231736,56.3393611426361,32.72062865278627,-0.043556207689002806,-9.09323693914359e-05
8.085101127624512,-0.11423605359882498,-56.83968916166157,56.245031982652684,32.6622749630479,-0.0435010288884151,-9.099581070444339e-05
8.107259035110474,-0.11412090953808189,-56.75029596799578,56.150696676806845,32.60393691305211,-0.043444470778020765,-9.10614402181045e-05
8.128494501113892,-0.1140049490384542,-56.660926949493025,56.056364962444896,32.54563765538577,-0.04338661421757799,-9.112617379780034e-05
8.15154480934143,-0.11388803864419592,-56.57158229646724,55.96203839109059,32.48736416699687,-0.043328840132649774,-9.119086354562148e-05
8.173385858535767,-0.11377208256109447,-56.48224356308875,55.867726160429214,32.42910781497751,-0.04327190217211791,-9.125385548021358e-05
8.195138692855835,-0.11365659084915652,-56.39290654298786,55.77342514224417,32.370882766958616,-0.043215990418720256,-9.131484387635067e-05
8.21840500831604,-0.11354332433339547,-56.30356832447543,55.679133999812336,32.312673691746184,-0.043158528282222934,-9.13752229047484e-05
8.239516258239746,-0.1134348970831648,-56.21423569173456,55.58483142332641,32.25449834635933,-0.04309555678251165,-9.143708938790842e-05
8.262356042861938,-0.11333023853786356,-56.12491947898847,55.49052993131601,32.19635537282664,-0.04302609949051314,-9.149953248835271e-05
8.283594846725464,-0.11322695682033167,-56.035633419640035,55.39623518205359,32.138252463217356,-0.042950412385246314,-9.15622752219663e-05
8.306438684463501,-0.11312560828345168,-55.94637676947942,55.30194488888408,32.08019265992879,-0.04287187955256901,-9.162537479625422e-05
8.328126430511475,-0.11302524304719062,-55.85713625897611,55.20766259395166,32.022181746084556,-0.042790242425240134,-9.168723816062623e-05
8.350043535232544,-0.1129251970863196,-55.767884848431855,55.113360085445464,31.96422032078908,-0.042706502120744484,-9.174977248445496e-05
8.372029304504395,-0.11282656787326502,-55.6786618907737,55.01905064063534,31.90627772055065,-0.04262023047627783,-9.181566628626558e-05
8.394801378250122,-0.11272769134694446,-55.58945756022518,54.924736567669726,31.848339768156077,-0.04253312264330853,-9.188421554207955e-05
8.416144132614136,-0.11262938049162222,-55.50027044993867,54.83042120703216,31.79039024206706,-0.042445603551328245,-9.195534503837912e-05
8.438830375671387,-0.11253152668804131,-55.4110765345542,54.736112064511865,31.73243814907157,-0.04236008144916382,-9.202553263271116e-05
8.460474967956543,-0.1124359733867421,-55.32187696838375,54.641798923306695,31.674495566876793,-0.04227670949825859,-9.20954834105691e-05
8.483443975448608,-0.11234089111335048,-55.23269215619564,54.54748514713201,31.61655437785125,-0.04219321212063992,-9.216660847791925e-05
8.504948616027832,-0.11224754000117093,-55.14354014279383,54.45315780929567,31.558631840663427,-0.04210525912543297,-9.224026323876444e-05
8.526598691940308,-0.11215470349037424,-55.054408340104665,54.35881189367051,31.50072249088045,-0.042014073883072496,-9.231596012680048e-05
8.548594236373901,-0.11206045164300847,-54.96532216694891,54.264466761280545,31.44283272530143,-0.04192112322553487,-9.239214569284552e-05
8.571542501449585,-0.11196445503035653,-54.87626515165193,54.17012838992288,31.38497037696407,-0.04182974877655127,-9.246637289750928e-05
8.593096017837524,-0.11186504548656336,-54.78721768713441,54.07580922872797,31.32710650289039,-0.04173937972224754,-9.253794266302675e-05
8.615504503250122,-0.11176399297899246,-54.69816762305089,53.981492123726355,31.269250885478076,-0.041652339570966694,-9.260798518777364e-05
8.636637210845947,-0.11166196125733978,-54.60913312999744,53.8871709711731,31.211438493754986,-0.04156916898883172,-9.267657985602193e-05
8.658996820449829,-0.11156041392867264,-54.52010135939118,53.79287644491926,31.1536566893779,-0.041489410246518615,-9.274028920257536e-05
8.680476427078247,-0.11145851668181364,-54.43109195202553,53.69861905423351,31.095919042149518,-0.041411419457410684,-9.279937818826195e-05
8.702098608016968,-0.11135599009562418,-54.34207673360066,53.6043686901866,31.038229069547185,-0.04133462547870438,-9.28564147844867e-05
8.72434687614441,-0.1112533155082719,-54.25306639707826,53.510117448417745,30.98054580301615,-0.041259443587892755,-9.291600405990697e-05
8.747233152389526,-0.11114894152045665,-54.164059459598406,53.41588395940283,30.92286576463975,-0.04118477991917317,-9.297562474115591e-05
8.768303155899048,-0.11104489146177794,-54.075074402931946,53.32166676696492,30.865192978911633,-0.04111132907033708,-9.303648353821001e-05
8.791461944580078,-0.11094185741772834,-53.986093247890636,53.22745969423013,30.807528787501244,-0.0410377012198991,-9.309787010933187e-05
8.81256365776062,-0.1108407830695873,-53.89712797626139,53.13327133523362,30.749888147677105,-0.04096104843957126,-9.315860634885049e-05
8.835864067077637,-0.11074208925179674,-53.8081825510256,53.039099815163894,30.69226147284178,-0.040882098093143894,-9.321994103273701e-05
8.857341051101685,-0.11064548673548637,-53.719271325130464,52.94495782668506,30.634665878429608,-0.04080148954204234,-9.328022926018733e-05
8.879145622253418,-0.11055170023100547,-53.6303665307304,52.8508303787634,30.57708217857243,-0.04071938036001151,-9.334084687616813e-05
8.901567459106445,-0.11046029410199214,-53.541468727164585,52.75671494790095,30.519506109151433,-0.04064099688533388,-9.340237863119097e-05
8.924416065216064,-0.11037309408987386,-53.45257947141188,52.66262276950789,30.461947551526784,-0.04056500366475051,-9.346285795165126e-05
8.945762395858765,-0.11028961353703125,-53.36370611070265,52.568540940065574,30.404394903379288,-0.04048789815797199,-9.352526848201457e-05
8.96830701828003,-0.1102083252126458,-53.27485039402706,52.474468848550146,30.34685366626132,-0.04040822433810463,-9.358911544458182e-05
8.989595651626587,-0.11012880815226636,-53.18601794040048,52.380394679471536,30.28935495772126,-0.04032608186240426,-9.365404313161755e-05
9.012534379959106,-0.11004946785006023,-53.09718959516843,52.286328562363494,30.23187826308357,-0.040237461655524144,-9.37185810318312e-05
9.033820152282715,-0.10997006409912002,-53.00836886251779,52.192254948991454,30.174403627393115,-0.04014252347260972,-9.378607510006384e-05
9.0554940700531,-0.109891245580117,-52.91957222083548,52.098165300508846,30.116937940403737,-0.040044359595381065,-9.38575745604929e-05
9.07762098312378,-0.10981206700024634,-52.83075863579183,52.004077408729515,30.059476229697854,-0.03994436039441062,-9.392761109772057e-05
9.100344181060791,-0.10973342134288527,-52.74195131728899,51.90999391319249,30.002043675216424,-0.03984124538930421,-9.399613048696632e-05
9.123215913772583,-0.10965537357017525,-52.65314646063082,51.8159358773867,29.944617970521808,-0.03973576117536507,-9.406194448690139e-05
9.144471645355225,-0.10957652112052657,-52.56433166905109,51.72190418746762,29.8871890970426,-0.03962748949340543,-9.412524406328838e-05
9.167318344116211,-0.10949742209276656,-52.475520586773705,51.627898326486545,29.829766327053587,-0.039515083704817856,-9.418696657635277e-05
9.189178466796875,-0.1094189030125041,-52.38671775055734,51.53390424416693,29.77237283324103,-0.039399348305257216,-9.424805393522267e-05
9.210933446884155,-0.10934169681972047,-52.29794550375998,51.43993578146739,29.714988775894124,-0.03927942628591743,-9.430969690546043e-05
9.232723236083984,-0.10926766870587366,-52.20920470876434,51.34597931950561,29.657610865131435,-0.039157626988361734,-9.437367614724885e-05
9.25575566291809,-0.10919673368745483,-52.12047932157527,51.25202539371454,29.600253985822043,-0.039034984011052376,-9.44386660202331e-05
9.277188062667847,-0.10912795171439862,-52.031765582170316,51.158072119877225,29.54290348106938,-0.038910817859261565,-9.450528137722033e-05
9.300329446792603,-0.10906147092475545,-51.943075510835286,51.06412880825393,29.485606806987423,-0.03878536152446882,-9.457001455480156e-05
9.321705102920532,-0.1089967293062322,-51.8544355024092,50.97020196281071,29.42833665889939,-0.038656159708507595,-9.46358677950602e-05
9.344979524612427,-0.10893449725463926,-51.76582726083483,50.87628902677336,29.37108266427763,-0.03852368147487107,-9.470225145220116e-05
9.36663293838501,-0.10887476585593522,-51.67723194702611,50.78240900999567,29.313857887595326,-0.038387797340056304,-9.476467485425463e-05
9.38847303390503,-0.10881622085958033,-51.58862529859726,50.688561615606325,29.25665678648378,-0.03824846599357977,-9.482266642013798e-05
9.410465478897095,-0.10875861103544142,-51.50001099268605,50.59472882963254,29.199449591997453,-0.03810713774510024,-9.488136775979387e-05
9.4332754611969,-0.10870198944860705,-51.41139460500738,50.50088658826512,29.142266632081398,-0.037962496350677714,-9.494213187651031e-05
9.455986499786377,-0.10864473817431121,-51.32275633233937,50.4070257149217,29.085124045496872,-0.03781426916217011,-9.500334065495635e-05
9.477302312850952,-0.10858641284638221,-51.234121340929846,50.31315711213608,29.02800062755701,-0.037664152726130704,-9.506659178333565e-05
9.499723434448242,-0.10852917882903564,-51.14550825627746,50.219298883868404,28.970898010604845,-0.0375116342648047,-9.513044727643176e-05
9.522135496139526,-0.10847397835922225,-51.05691747821545,50.12545242134071,28.91380986173174,-0.03735549917019202,-9.519498765421735e-05
9.54346489906311,-0.10842068009575814,-50.96834264833646,50.03162560051063,28.856734612660098,-0.03719459893156077,-9.525874337003488e-05
9.565092086791992,-0.10836903162825623,-50.87977984391476,49.93781909510018,28.79969484297809,-0.037028422330758884,-9.532014627701576e-05
9.587518692016602,-0.10831808521697524,-50.79122642345215,49.84404418660869,28.74268362866489,-0.03686135786513301,-9.537855479616237e-05
9.609680414199829,-0.1082679249194327,-50.7026945722378,49.7502914511352,28.685687312166934,-0.036690132366768026,-9.543740623795616e-05
9.63195252418518,-0.10821857400372735,-50.614197503659845,49.656564102042324,28.628706593303203,-0.03651267451426699,-9.549712826002379e-05
9.653583288192749,-0.10817254054784496,-50.525718285231605,49.56284912995485,28.571741802372813,-0.03633385676063033,-9.555791597431844e-05
9.675692796707153,-0.10812761819735894,-50.43727740770707,49.46916305606312,28.514790056413602,-0.03615028012292545,-9.561917277493023e-05
9.698047399520874,-0.10808407511978486,-50.34884309916165,49.37550006821241,28.45784972202243,-0.03596205551538808,-9.567937726953753e-05
9.719595432281494,-0.10804376943464834,-50.26038619237336,49.28184653607744,28.400920785032714,-0.035769901080384366,-9.573834154375249e-05
9.741795301437378,-0.10800762134301918,-50.1719263170147,49.188198642529386,28.344014826765253,-0.03557317280472408,-9.579746844980326e-05
9.764733076095581,-0.10797437386283124,-50.08345809466933,49.09454472827852,28.28713889691556,-0.03537466715474937,-9.585734820636457e-05
9.78611159324646,-0.10794309244067068,-49.994986741757664,49.000877407691846,28.23029438448306,-0.0351761788335648,-9.591900211959098e-05
9.808956861495972,-0.1079136529206778,-49.906530182642925,48.90722184604978,28.17348889240593,-0.034978739911078895,-9.597981495873351e-05
9.830365419387817,-0.10788613750602392,-49.818087066699185,48.813581050127404,28.1167043513745,-0.03478283903892981,-9.60405640975497e-05
9.853368043899536,-0.10786055528599107,-49.72963505600656,48.719969668527185,28.059938835436395,-0.03458560189550155,-9.609801965879992e-05
9.874518871307373,-0.10783623431818293,-49.641169592370524,48.62638021201466,28.00323436203139,-0.03438704707246564,-9.615095643823221e-05
9.896484136581421,-0.1078117020187601,-49.55270222488563,48.53281025287646,27.94652729273246,-0.03418601474511238,-9.620529419422111e-05
9.91932225227356,-0.10778638323828779,-49.464226091401635,48.4392753331025,27.88983306113378,-0.03398177549736496,-9.625752717884146e-05
9.941691160202026,-0.1077610584397743,-49.375732912849614,48.34576932154779,27.83314073558426,-0.03377472614078656,-9.630897413387525e-05
9.964502096176147,-0.10773680713770531,-49.28722590909237,48.25228041303188,27.77644333211806,-0.03356747854961218,-9.636195636994016e-05
9.985607862472534,-0.10771516192217832,-49.19871296244054,48.158812908632704,27.719770488580885,-0.03336211755377324,-9.641449706791054e-05
10.008029699325562,-0.10769554201097492,-49.11018703442803,48.06535468701583,27.663108499721673,-0.033156663048102844,-9.646854813907581e-05
10.0299973487854,-0.10767725322998085,-49.021666281746455,47.97191373009785,27.606470323477875,-0.03294990179447594,-9.65234162618681e-05
10.05173635482788,-0.1076600292568442,-48.93315066957533,47.87847385069868,27.54986437853991,-0.03274219601558048,-9.658043304278205e-05
10.074315071105957,-0.10764337254827795,-48.84465926647291,47.785042088504184,27.493296403000674,-0.03253342417207987,-9.663934705036117e-05
10.097444534301758,-0.1076285657702412,-48.756202496246296,47.69162501156269,27.436768800878053,-0.03231280611282835,-9.669956350525733e-05
10.118849277496338,-0.10761622686365875,-48.667752045815625,47.59820991197343,27.380253223437638,-0.03205154026878556,-9.676198063305125e-05
10.141210794448853,-0.10760515347484143,-48.57930314270921,47.50482290420797,27.323762282103427,-0.03177082348652242,-9.682182491408185e-05
10.162749767303467,-0.10759661776521993,-48.49083976917666,47.411472496547105,27.267305772774595,-0.031493650530246914,-9.687680830766887e-05
10.185568809509277,-0.10759082600610341,-48.40235041583635,47.318154037757985,27.21088897057853,-0.031222207375112082,-9.692736765934279e-05
10.20682430267334,-0.10758666800454623,-48.313836903441384,47.224844539371254,27.154516073189793,-0.03092786985327973,-9.697716769359125e-05
10.228833198547363,-0.1075839551398072,-48.225303518762864,47.131558208403284,27.09818755962475,-0.030649581549075912,-9.702501152224416e-05
10.251400470733643,-0.10758362468578253,-48.13677287462533,47.03830096073387,27.041890996387913,-0.030382980055919037,-9.707307873061065e-05
10.273644208908081,-0.10758580563334509,-48.04823535572215,46.94507394663011,26.98561108673754,-0.03012691715007575,-9.712151156097252e-05
10.29556941986084,-0.10759045483159249,-47.95970840506305,46.85186312203093,26.92935412496385,-0.02988092163031943,-9.717294275454927e-05
10.317437887191772,-0.10759837856802427,-47.871183138547536,46.75866540407826,26.87313953590079,-0.029641290246422244,-9.722538666463474e-05
10.33919644355774,-0.1076080432446343,-47.7826833398232,46.665511248991415,26.81697665912875,-0.02940714297353171,-9.727617172767197e-05
10.362118005752563,-0.10761857830571203,-47.69421867939429,46.572378278088145,26.760866128812392,-0.029177278380202013,-9.732910787727442e-05
10.38328504562378,-0.10762873082009508,-47.60578558036447,46.479267067548534,26.704786789991143,-0.028952164876206797,-9.738473688495738e-05
10.405176401138306,-0.10763958273229947,-47.51734352557516,46.38615918056679,26.64876704269726,-0.028732438600893705,-9.744007479220778e-05
10.427626132965088,-0.10765215713583064,-47.42891555191681,46.29306480223514,26.592799199912132,-0.028518744421148233,-9.749609139376971e-05
10.450150728225708,-0.10766679715427344,-47.340493848184465,46.199987889519804,26.536877672142882,-0.028312256088620973,-9.755191379040188e-05
10.473216772079468,-0.10768233228512032,-47.25207800206899,46.10691649611491,26.48096696875202,-0.028113022947339073,-9.761112421146025e-05
10.494440078735352,-0.10769880677029492,-47.16368026266881,46.01384766957895,26.425101037717187,-0.027919342526011096,-9.767220902357008e-05
10.51726746559143,-0.10771449598715054,-47.07528580358035,45.92078679152656,26.369259678516,-0.027731754683820928,-9.773416265074248e-05
10.539118766784668,-0.10773000783113161,-46.98689676799777,45.827741064914605,26.31345233071083,-0.027547777413436055,-9.779542133320608e-05
10.561104536056519,-0.10774635282569389,-46.89853633782918,45.734708377549005,26.257661910384495,-0.02736687037876008,-9.785903483922577e-05
10.583053588867188,-0.1077645349753732,-46.810203960848995,45.64168799307244,26.20189628772674,-0.027188572416841587,-9.79239739072998e-05
10.60617971420288,-0.10778423252405525,-46.72189870016851,45.548679850775635,26.146185406342667,-0.02701251183013352,-9.798797563167177e-05
10.62775731086731,-0.10780353530770594,-46.63358534664361,45.45566984648902,26.09054341225195,-0.02683712850111269,-9.804935586113378e-05
10.650244951248169,-0.10782267457185153,-46.54525893578601,45.36266810983108,26.034942146634478,-0.02665943034009402,-9.810862172680271e-05
10.671703577041626,-0.10784267288395596,-46.456915950243825,45.26968608186118,25.979388514608377,-0.02648090089808122,-9.816404761644527e-05
10.694440603256226,-0.10786271569503805,-46.36853757051125,45.17670513859436,25.92387379683356,-0.02630138896475051,-9.821777887541924e-05
10.715816020965576,-0.10788343009438102,-46.28012504197072,45.08372838693406,25.868379071630525,-0.02611899890606051,-9.827099311685083e-05
10.738033533096313,-0.10790351747353902,-46.191705463593365,44.99076380809931,25.81292347168821,-0.025934736470570544,-9.832371838719446e-05
10.760802507400513,-0.10792217730009672,-46.103258125482256,44.89780023613345,25.757459899264287,-0.025750588454617727,-9.837868175903716e-05
10.78257417678833,-0.10793982270478693,-46.01478888274523,44.804844181823974,25.70199696977608,-0.025565501065084414,-9.843451970392495e-05
10.805521965026855,-0.10795668437424956,-45.92632207493421,44.71193513700423,25.646559682429157,-0.02538023418682687,-9.84865175278217e-05
10.82665205001831,-0.10797335559043446,-45.83787317141982,44.619053635788134,25.591139688854806,-0.025192657862350212,-9.853952664836992e-05
10.849905014038086,-0.10799065590933168,-45.74944672831051,44.526181359414146,25.535743136098443,-0.025002936064624993,-9.859555723471963e-05
10.871129274368286,-0.10800903547084524,-45.66101761562527,44.433322249481776,25.48037057157367,-0.02481399561743816,-9.86515130651192e-05
10.892738342285156,-0.10802740222628433,-45.572568577305276,44.34047821276188,25.42503432137122,-0.024625467749540463,-9.870507496651022e-05
10.914777755737305,-0.10804638965914098,-45.48409585981734,44.24765531082419,25.369724774736728,-0.024436933939288922,-9.87562496825664e-05
10.937655687332153,-0.10806544625141323,-45.395623236407,44.15487654249507,25.314445063976642,-0.024247542014959496,-9.880434341405143e-05
10.958744287490845,-0.10808343314391433,-45.30714892649374,44.06213753433287,25.259177617047314,-0.02405767515035635,-9.885149420668541e-05
10.981606721878052,-0.10809929884816437,-45.21869600503598,43.96944013147887,25.203919314604335,-0.023868131287965246,-9.889969346002024e-05
11.002590894699097,-0.10811326858539759,-45.13024609975195,43.8767914209314,25.14868474189774,-0.023676581673657736,-9.894561612204814e-05
11.025211334228516,-0.10812507246110449,-45.04179063274536,43.7841700088437,25.093476051910617,-0.023482797524425114,-9.899164254025322e-05
11.047035694122314,-0.10813485668673546,-44.953334863325175,43.69156222010127,25.03830688411067,-0.023289172610450746,-9.903909038782419e-05
11.068619012832642,-0.1081415614978287,-44.86491023527969,43.59896569653282,24.983182268636227,-0.02309737480475081,-9.909014485779365e-05
11.0913987159729,-0.10814872408692501,-44.77648360539492,43.50639774160493,24.928103162446284,-0.022906361889607374,-9.913930015025246e-05
11.115235090255737,-0.1081572584861082,-44.68803944232582,43.41383855464833,24.873055581387906,-0.02271344381892837,-9.918903028940974e-05
11.138103008270264,-0.10816728724060347,-44.5995798573949,43.32127553436736,24.818055366205005,-0.022517677567120167,-9.92399914451608e-05
11.15931248664856,-0.10817855843778183,-44.51111935529346,43.22871401636569,24.763091761123594,-0.022320034209994014,-9.929303938993162e-05
11.180979013442993,-0.10819155397400207,-44.42264408169326,43.13615944571377,24.708170521991477,-0.022120980618494566,-9.93456096877185e-05
11.203763723373413,-0.10820708246593963,-44.33415397590014,43.0436277923721,24.653312692524803,-0.02191801862815716,-9.939452520677287e-05
11.224841833114624,-0.10822475110366185,-44.24564800094985,42.95111716884285,24.598518324437173,-0.02170228426256478,-9.944069531486072e-05
11.246403932571411,-0.10824473530673047,-44.15711318034607,42.85863072466087,24.543760511042926,-0.021459172388701948,-9.948493302644075e-05
11.269149780273438,-0.10826671964461126,-44.06856288083182,42.76614413573836,24.489047546319828,-0.0212205371781775,-9.953125345409387e-05
11.291690826416016,-0.10829092459373932,-43.97999345309726,42.673666515066394,24.434366504803496,-0.020987538248780382,-9.957863061130421e-05
11.312923669815063,-0.10831824908528007,-43.89140880897866,42.58120884525965,24.379711483754956,-0.020744711565010343,-9.962617172956663e-05
11.335509300231934,-0.10834718853491813,-43.80281183300473,42.48876891131541,24.325095794528497,-0.020480107590316945,-9.967357228830727e-05
11.35707139968872,-0.10837611630403438,-43.71420109202373,42.39636006897066,24.270515974698082,-0.020224346510702408,-9.971932914869571e-05
11.381116390228271,-0.1084030034131159,-43.625573922082644,42.30396024126511,24.215971458941233,-0.01997562461980223,-9.976637782174052e-05
11.402465343475342,-0.10843060334469252,-43.53695698541682,42.21158297902045,24.16145437209659,-0.01973231643067523,-9.981537068024041e-05
11.424126148223877,-0.1084579914445303,-43.44836791036218,42.11922782250526,24.106950325138605,-0.019494658291856655,-9.986823090522219e-05
11.44633936882019,-0.10848522337796508,-43.35979030123899,42.02687476250941,24.05245857223065,-0.019239429409927126,-9.992532723472265e-05
11.468786716461182,-0.10851396660756775,-43.2712141477745,41.934538267898,23.997990717759546,-0.0189910535633896,-9.998237892650383e-05
11.490957498550415,-0.10854452364013474,-43.18264840414915,41.84221520923526,23.943545401040545,-0.01873630442430332,-0.00010004045681109721
11.513020515441895,-0.10857631522911143,-43.094073137018896,41.74990725002454,23.889135501656934,-0.018488987918349367,-0.00010009664268928178
11.534622430801392,-0.10860805691067303,-43.005506028981344,41.65761762089686,23.83475301879415,-0.018247666685715137,-0.00010015271143104327
11.557324171066284,-0.10863813709629719,-42.91697352201784,41.565361224847756,23.780430016568516,-0.018010380765674103,-0.00010020693673468278
11.5785973072052,-0.10866605514670806,-42.828427147341756,41.47311329001725,23.7261462942682,-0.017775939837095314,-0.00010025999803855022
11.600357294082642,-0.10869204039168187,-42.73986014084609,41.38087537997222,23.671892241502377,-0.01754416512453386,-0.00010031188887344532
11.622850894927979,-0.10871659716164438,-42.65127855225665,41.28863935004106,23.617687984155257,-0.017314038605208033,-0.00010036306874875249
11.64504599571228,-0.10873883261575285,-42.56269583130771,41.196425027213806,23.56351598190723,-0.017075969101027565,-0.00010041330917945479
11.666748046875,-0.1087598383511044,-42.47410954034999,41.10426091701292,23.509333759590817,-0.016830522977201813,-0.00010046156381556266
11.688445568084717,-0.10878094167006767,-42.38553587783724,41.01216283400471,23.455153602730356,-0.0165475400108457,-0.00010050682543386362
11.709934949874878,-0.10880198069260179,-42.296956074179455,40.92011407627132,23.40100541615614,-0.016251418024926363,-0.00010054848020762766
11.73274564743042,-0.10882272984766306,-42.20834925139311,40.828110650844486,23.346867890391195,-0.015966206072710657,-0.00010058740436854772
11.754234552383423,-0.10884384307791692,-42.1197241695945,40.73613142507294,23.292746032782798,-0.015679128533162313,-0.00010062728819228094
11.775947093963623,-0.10886515617798821,-42.03105897767361,40.6441680889631,23.238691656349967,-0.015378588858597981,-0.0001006641549009522
11.79880690574646,-0.10888706165251082,-41.94240267051706,40.552230751384904,23.184682777804035,-0.015049677260170015,-0.00010070280903886796
11.82065486907959,-0.10890736458416517,-41.853747955712564,40.460329215833255,23.130666206632743,-0.014721059847173302,-0.00010074437068698147
11.841917514801025,-0.10892568836401197,-41.76508478335603,40.36844000308238,23.076674714181483,-0.014390470202502873,-0.00010078843200805799
11.864463090896606,-0.10894143452728429,-41.676397308608195,40.276566995050764,23.022685078204535,-0.014082208874275335,-0.00010083410878353598
11.885734558105469,-0.1089544836107934,-41.58768995153338,40.184708069618566,22.968710025158853,-0.013791012685288045,-0.00010088092544471459
11.908804178237915,-0.10896623846469224,-41.49893996307469,40.09286737024633,22.91474370864143,-0.013514794747892382,-0.00010092657173448528
11.9301278591156,-0.108977327697521,-41.41017354096295,40.00105886346561,22.86080588838217,-0.013250086039715368,-0.00010097050457172536
11.952143430709839,-0.10898826145615441,-41.321408663522014,39.909297015969386,22.80689871370727,-0.012957726815618534,-0.00010101264074225586
11.975091695785522,-0.10899926157130094,-41.23262461885455,39.817566621778106,22.752997087434306,-0.012677167670256723,-0.00010105506555643856
11.997200012207031,-0.1090099876338375,-41.1438278642566,39.72587542470443,22.699125796967866,-0.012395638772127205,-0.00010109582896595112
12.01908254623413,-0.10902097339827614,-41.055021807044454,39.63422250141842,22.64529480866601,-0.012114484746921643,-0.00010113511551336976
12.041063785552979,-0.10903251917661572,-40.96621954152638,39.54259035482385,22.591507685879876,-0.011827911136523525,-0.00010117635483273326
12.062666416168213,-0.10904445372399513,-40.877404723473816,39.450993510765024,22.537765118285467,-0.011551830509961605,-0.00010121596788399914
12.085724592208862,-0.10905656043580414,-40.78858936428089,39.359433588652855,22.48406999593156,-0.011286201629235834,-0.00010125497479592585
12.107251167297363,-0.10906910788770204,-40.69976735972191,39.267901827365904,22.43039714513944,-0.01101543806537897,-0.0001012956611474906
12.129135370254517,-0.10908027144018913,-40.61092797599329,39.176400844397044,22.37674200440468,-0.010755175210646126,-0.00010133677663188115
12.151575803756714,-0.10909128542771991,-40.52206094215876,39.08492307925118,22.323131961301534,-0.010493989158371669,-0.0001013766908500656
12.173648118972778,-0.10910196166890987,-40.43317133920999,38.99347695413659,22.269566685125927,-0.010240411100983672,-0.00010141508493719538
12.195148944854736,-0.10910968252359297,-40.34426250110223,38.90205723399615,22.216022473524323,-0.009994423347217098,-0.0001014547048826549
12.217421054840088,-0.10911515283460702,-40.255337521868455,38.81068258989743,22.162535471843057,-0.00975501202865527,-0.00010149108959738246
12.238697052001953,-0.10911834553731553,-40.16639096743841,38.719348834188814,22.10908401870414,-0.009506765822000425,-0.00010152635301270275
12.26166296005249,-0.10911955170139923,-40.07741104613266,38.628056428670625,22.055665298701612,-0.009247492161756948,-0.00010155992968858125
12.283046245574951,-0.10911883972118595,-39.98840471568992,38.53678768757967,22.002268279473135,-0.008995721055753723,-0.00010159574631954869
12.305189371109009,-0.10911653729549894,-39.89940377192971,38.4455462626698,21.9489027045945,-0.008743467137807775,-0.00010163508906347197
12.327180624008179,-0.10911186416939993,-39.810403991576024,38.35431556842999,21.895546460065333,-0.008487826631891477,-0.00010168033072032035
12.349966049194336,-0.10910436410238512,-39.721393483721194,38.26308486679815,21.8421957848961,-0.00823889644455828,-0.00010173078048767273
12.370988368988037,-0.10909676480817829,-39.63237181953649,38.17187214433061,21.7888551199696,-0.00798368754904794,-0.000101782680857355
12.393715143203735,-0.10909079571299671,-39.543348204372045,38.08069381735291,21.73554485517127,-0.007731027734281782,-0.00010183308749882986
12.415104389190674,-0.10908657390781606,-39.45429690784355,37.98954726651895,21.68225108419594,-0.007462994028531228,-0.00010188114324583717
12.43805193901062,-0.109084794390812,-39.36524167065592,37.89843499549539,21.628975970232307,-0.007191446398238354,-0.0001019288252624838
12.459488153457642,-0.10908349299045507,-39.276180409115504,37.80734114963437,21.575740269086516,-0.006896235946388247,-0.0001019766974804088
12.48122501373291,-0.10908446892884976,-39.187116858852015,37.71627652644927,21.522532230708084,-0.00657436644854064,-0.00010202429343108345
12.503379106521606,-0.10908654790765455,-39.0980538703229,37.62525506320932,21.469345055131665,-0.006237341593117472,-0.00010207049072235732
12.526347398757935,-0.1090909875218703,-39.00899361214162,37.534261173246946,21.41616392958916,-0.005887427109686495,-0.00010211853616903945
12.547327518463135,-0.10909696341774967,-38.91993851513467,37.4432915967521,21.36298683189337,-0.005523192260842538,-0.00010216870126421621
12.569734573364258,-0.10910361076562,-38.83087823436078,37.35231958964187,21.309813120200662,-0.005186538817350803,-0.00010222293073177019
12.591222763061523,-0.10911066495903367,-38.741818429655794,37.26135098966018,21.25667608404155,-0.004873340401600151,-0.00010227796203963018
12.614224672317505,-0.109118251612074,-38.65275901229588,37.17039009172975,21.203573991602028,-0.004551240751539221,-0.00010233299140187163
12.635971784591675,-0.10912624155753677,-38.563690568675355,37.07944279984405,21.150494497508806,-0.004239719867392031,-0.0001023869976216207
12.657415390014648,-0.10913498756358796,-38.47461022025664,36.98851368997283,21.09743717683438,-0.0039389509027158145,-0.00010243919577401476
12.679349660873413,-0.10914427004519443,-38.38551165729638,36.897605240667176,21.044385098536416,-0.003654020287274289,-0.00010248994325551283
12.70220685005188,-0.10915369932707777,-38.2964012749002,36.80670666097161,20.991351654512442,-0.003369856012256893,-0.00010254050252038708
12.723293542861938,-0.10916142533405679,-38.207275909712614,36.7158221688285,20.93835334879641,-0.0030864782104008566,-0.00010258896937642242
12.74617886543274,-0.10916554037664501,-38.118146859415006,36.624957392501194,20.885394362452143,-0.002815673957852555,-0.00010263569225982604
12.767265796661377,-0.10916651425697615,-38.02897428824418,36.53409874856415,20.83246171573387,-0.0025429531969811976,-0.00010267990966723525
12.790093421936035,-0.10916637238982686,-37.9397656093063,36.443257794650954,20.779557566548363,-0.0022522382527755277,-0.0001027211142133605
12.811312437057495,-0.10916498722722887,-37.85052253089322,36.35242593450476,20.726675362485214,-0.0019568318602438736,-0.00010276151721365172
12.8328115940094,-0.10916258927650127,-37.76126718524714,36.261631507175494,20.673844727611616,-0.0016699304698317788,-0.00010279785403389058
12.855567216873169,-0.10915970576320085,-37.67197944876333,36.17087275873144,20.621046951888246,-0.0013906569507533787,-0.00010283054905879508
12.878389835357666,-0.10915752536674692,-37.58265446803118,36.0801359406749,20.56828254229027,-0.0011122036635061005,-0.00010286169065626166
12.899399995803833,-0.10915591472087942,-37.4932861542285,35.989410969983645,20.51555230088968,-0.0008384510319064899,-0.00010289237303868839
12.922046661376953,-0.10915466809671248,-37.403871003234,35.89867999756547,20.462852849066337,-0.0005761456191168324,-0.00010292493311196007
12.943180561065674,-0.10915573177106072,-37.314434117204776,35.80794115958789,20.41020260389904,-0.0003241770846563113,-0.00010296041318192271
12.966331720352173,-0.109159055540601,-37.22500057399061,35.717211837960136,20.357592771844335,-7.984133120258376e-05,-0.00010299882724241428
12.987920999526978,-0.10916439075439845,-37.13555965851932,35.626495260057595,20.30501380950256,0.0001780790052844997,-0.00010303878153727291
13.009240627288818,-0.10917094442210203,-37.0461130210775,35.535789301643966,20.25247944376478,0.0004286676804259466,-0.00010307952521905384
13.031261205673218,-0.10917839633228657,-36.956662428431045,35.44513041002033,20.199934342398336,0.0006814663354115245,-0.00010311974089546184
13.054030418395996,-0.10918754533578792,-36.86720848017707,35.35451307396134,20.14741879300825,0.0009279836501884304,-0.00010315781838405959
13.075179100036621,-0.10919680255137516,-36.77772078948728,35.26392525968089,20.094890875786387,0.0011946539601443533,-0.00010319550596444865
13.098060369491577,-0.10920479771186119,-36.688205145064,35.17336243964309,20.04236088741887,0.0014894031621400655,-0.00010323335432489095
13.11933946609497,-0.1092138798943499,-36.598680132427624,35.08285078767413,19.9898328921718,0.0017695044045156383,-0.00010326942153282582
13.141674041748047,-0.10922370152476436,-36.509138546525385,34.99237257913763,19.937311937768293,0.002037905833478503,-0.00010330537507795749
13.163778305053711,-0.10923470976581273,-36.41958154549991,34.901922251663144,19.884824091465102,0.002305867434733318,-0.00010334048502026253
13.185071468353271,-0.1092458234262707,-36.33000309456903,34.811512445559664,19.83236636647336,0.0026019260878912616,-0.00010337297973574418
13.207000732421875,-0.1092568150511253,-36.24040872100932,34.72114907790941,19.779938646934397,0.002898804219123326,-0.00010340320679821915
13.229998350143433,-0.10926935908421631,-36.15079131193815,34.630831438481216,19.727544911609588,0.0031800959148554774,-0.00010343090292316814
13.251206636428833,-0.10928334833365193,-36.06114501539612,34.54055663821741,19.67516270957658,0.0034487413056049593,-0.00010345788609618436
13.274192571640015,-0.10929906651653305,-35.97149474660521,34.45032654509375,19.622796796535408,0.0037185263712631042,-0.000103486180940385
13.295049905776978,-0.10931641108559413,-35.88182545491129,34.36012503921689,19.57045680183048,0.003993206307459697,-0.00010351571119825814
13.31784701347351,-0.10933461347181131,-35.792133997279954,34.26994649361759,19.518150802092368,0.004294569274138046,-0.00010354625217223547
13.340015172958374,-0.10935343923683644,-35.702446892055484,34.17979666405702,19.46586265329876,0.004578653577767832,-0.00010358035004412332
13.361500024795532,-0.10937171821249832,-35.61275844123391,34.08967032714426,19.413576629967007,0.004852742933683282,-0.00010361839691085403
13.383752822875977,-0.10938950003082615,-35.523034725331236,33.999563151958036,19.36130617857113,0.005121143409298701,-0.00010365615504544276
13.406979322433472,-0.10940652113472389,-35.43327459442365,33.90946582980985,19.309057328219094,0.0054072556233997465,-0.00010369435973942233
13.42838740348816,-0.10942418378752233,-35.34349424002615,33.819368737701296,19.256844551469655,0.005703701399103888,-0.00010373471576016608
13.45084285736084,-0.10944280174964943,-35.25370799111796,33.729288822906085,19.20465687698184,0.005985468084773772,-0.00010377654218439966
13.472244262695312,-0.10946101478370858,-35.16390173445106,33.639218831064575,19.152456613544476,0.00625627391671853,-0.00010382134067284411
13.495163440704346,-0.10947872070678996,-35.07407935545025,33.54915794540005,19.100271059930176,0.006522771958045339,-0.00010386718252341334
13.516697645187378,-0.1094965733977899,-34.984245614265184,33.45911924163654,19.04808486265517,0.006779503801751185,-0.00010391340314251817
13.538641691207886,-0.10951280567819774,-34.89439537077208,33.369122415611066,18.995903723645156,0.007028624153937571,-0.00010395644046360727
13.561052799224854,-0.10952792807875927,-34.804507070844636,33.27916069408004,18.943744499345637,0.007279529843490602,-0.00010399464979824018
13.58337116241455,-0.10954291154007724,-34.71458909967408,33.18923351653309,18.891614507950806,0.0075396751868394025,-0.00010402936882194358
13.604422807693481,-0.10955713531579986,-34.62465113562066,33.09933804115009,18.83949268139081,0.007817784563707105,-0.00010406384838704925
13.627155780792236,-0.10957051791989153,-34.534660079048145,33.009463956695754,18.787365443134803,0.008097125032130238,-0.00010409714742037398
13.64849853515625,-0.10958292591332644,-34.44462254405659,32.91961647252278,18.735239630700054,0.00842295919881716,-0.00010412905187621546
13.671459197998047,-0.1095946510931887,-34.35455615692067,32.82980313005269,18.683130532465423,0.008761296188288763,-0.00010415963619084312
13.692895650863647,-0.10960683715142676,-34.2644552209835,32.74001691026467,18.631034093993154,0.009075696540376793,-0.00010418980055910692
13.714825868606567,-0.10961959672452777,-34.17432212855439,32.65024100211516,18.57895495037665,0.009371722535970252,-0.00010422176348065298
13.736987113952637,-0.10963288857236492,-34.084172978758026,32.560500378282576,18.52685351637033,0.009653024790105243,-0.00010425590168809444
13.759758949279785,-0.10964646512721922,-33.993992539161646,32.470780140028616,18.47475505321709,0.00992173804177155,-0.00010429068616238668
13.781239748001099,-0.10965873030632128,-33.90376790221676,32.381066457796265,18.422651866544324,0.01019283649812663,-0.00010432697003907271
13.803331851959229,-0.10966968945915877,-33.81350436143106,32.29135387537098,18.370569460680304,0.010462374588813024,-0.00010436405225520501
13.825325965881348,-0.10967977360626179,-33.72320388541691,32.201646654611196,18.318520387988112,0.01074689275554071,-0.00010440058686067737
13.848160028457642,-0.1096880802976386,-33.63286140807697,32.11192240235952,18.26650979132155,0.0110259002989438,-0.00010443870078512594
13.869508504867554,-0.10969475465641786,-33.54250507084439,32.022201954647585,18.2145352029816,0.011321840852877907,-0.0001044781694157897
13.891175270080566,-0.10970056108369783,-33.45211375231438,31.932482669144644,18.16261575625349,0.011615801198897156,-0.00010451576764937573
13.914023876190186,-0.10970411900375732,-33.36167174193119,31.842758847410494,18.110751900636444,0.011898567019481401,-0.00010455099908397939
13.93614912033081,-0.10970579893946512,-33.27121471939721,31.753060765034302,18.058933708075426,0.012206605811327273,-0.00010458445655703377
13.9585702419281,-0.1097047860568172,-33.18074048501507,31.663386710007092,18.007138639322484,0.012498606864186124,-0.0001046178572880555
13.980355501174927,-0.1097038268458677,-33.09024579190432,31.573737841645688,17.955399715418388,0.012792330284442923,-0.00010464871690096744
14.001823663711548,-0.1097017662728219,-32.999741596308745,31.48411606282603,17.90366447994612,0.01310188864743464,-0.00010468156618142966
14.024580001831055,-0.1096995327183427,-32.90922482779907,31.394534469713857,17.85194448054561,0.013411504916615025,-0.00010471330075655928
14.045911073684692,-0.10969725942941176,-32.81868977769629,31.305000919171675,17.800224941962256,0.01370291997928559,-0.00010474347633839291
14.068182468414307,-0.10969533344847886,-32.72812052384974,31.215507100050193,17.748526193332726,0.014001648414472795,-0.00010477071287449338
14.091554641723633,-0.1096922618556087,-32.63753086451185,31.12604316675991,17.696855076932934,0.014317617916590085,-0.00010479786446905822
14.113101720809937,-0.10968532628306582,-32.54691597050604,31.03661142873098,17.6452176878024,0.014626723356500329,-0.00010482387852938767
14.13601565361023,-0.10967598008564305,-32.456261725790796,30.947196711130488,17.59360982304923,0.01491704596507111,-0.00010484986697715417
14.157490253448486,-0.1096653128937442,-32.3655621345923,30.857786894857156,17.54201533760473,0.015199151160055113,-0.00010487783608762775
14.18036150932312,-0.10965301320381725,-32.27483030803425,30.768368899549586,17.490439769078314,0.015479742070945395,-0.00010491004352722558
14.201754570007324,-0.10963832708678588,-32.184080737628555,30.67895272604491,17.438879013969125,0.01574838166479645,-0.00010494598680473186
14.224146604537964,-0.10962290026209813,-32.093305071111594,30.589566097382693,17.387298538493102,0.01600501327315191,-0.00010498252250744017
14.246984481811523,-0.10960685891594593,-32.002502766172654,30.500224055547974,17.335709667508365,0.01625082020964945,-0.00010501676663480733
14.26893138885498,-0.10958957936902812,-31.911686491616315,30.410926570031133,17.284128590623197,0.016486340528312108,-0.0001050494076454029
14.291634321212769,-0.10956968448793551,-31.820837640645244,30.321651055163215,17.23255268010825,0.01671343107790683,-0.0001050819732825933
14.313068628311157,-0.10954842802001874,-31.7299564717541,30.232405001362565,17.180991112330588,0.016933648850594504,-0.00010511293712261346
14.336450338363647,-0.10952539752552348,-31.63907854230406,30.143188832460368,17.129444069620025,0.01715053050964378,-0.00010514607326831222
14.3577561378479,-0.10950074404846187,-31.54820022256604,30.05401218367045,17.077902622192777,0.017364281576555837,-0.0001051798370824072
14.379960060119629,-0.10947375137968739,-31.457312710372047,29.96484929630049,17.026381772219228,0.017574943949960533,-0.00010521558715628071
14.403555870056152,-0.10944408042572305,-31.366397068467393,29.875719510789686,16.974865383142724,0.017783422555848975,-0.00010524943480653222
14.425318241119385,-0.10941014085133008,-31.27545190875584,29.786639560102895,16.92335171977628,0.017987482213352873,-0.00010527952368536103
14.44818115234375,-0.1093724010375845,-31.18447652885523,29.69760098199027,16.871856773477504,0.01818956023945534,-0.00010530665648033178
14.469446420669556,-0.10933021534695168,-31.09347831805003,29.608593686881896,16.820404185636786,0.018392075005488555,-0.00010533207414453257
14.492763757705688,-0.10928617613059897,-31.00245437369794,29.519625378634146,16.768974312712476,0.018593418442020143,-0.00010535606657158714
14.514166355133057,-0.10924162760177547,-30.911403408150292,29.430701880230483,16.71757549426569,0.018793218744283934,-0.00010537759544477246
14.535919427871704,-0.10919570563829181,-30.820331285519405,29.341814855171872,16.666229165134432,0.01899267755823412,-0.00010539763269663107
14.558056831359863,-0.10914878169426659,-30.7292301291767,29.252941308038427,16.614911975855073,0.019194209913021267,-0.00010542018948836634
14.580794334411621,-0.10909944712680322,-30.63809374529478,29.164090477687978,16.563602443142617,0.019397444261958947,-0.00010544432081494823
14.602221965789795,-0.10904869816588217,-30.546912719083924,29.07525453810647,16.512274859513365,0.019600744962725535,-0.00010547136879937413
14.62459683418274,-0.10899789458073066,-30.455683683212314,28.98643693577803,16.4609480710718,0.019806273886596157,-0.00010549880639411633
14.646128177642822,-0.10894715330820326,-30.364403150731572,28.89764758910465,16.409626412154868,0.020014459600034236,-0.00010552465366022907
14.668880224227905,-0.10889683546012843,-30.273086058199382,28.808898365997198,16.358307058031645,0.020224677030289274,-0.00010554940754596631
14.689963579177856,-0.10884492447958273,-30.181730579935603,28.72020041414599,16.30698742054432,0.020436143883872118,-0.00010557186919729804
14.712045192718506,-0.10879166640392976,-30.09035112307933,28.631566712406503,16.255670375775516,0.020647226932152686,-0.00010559218710111832
14.735092401504517,-0.10873504062011932,-29.998946209714198,28.54299622619294,16.204353851246413,0.02085745883536246,-0.00010561101789953739
14.757079124450684,-0.10867559004781774,-29.907490053683787,28.45445242839634,16.153069778761488,0.021065693465414002,-0.00010562892946017766
14.780089378356934,-0.10861272716413958,-29.81598688570863,28.36594311395033,16.101780107317012,0.021273240986141802,-0.00010564796592706765
14.80115032196045,-0.1085442393497131,-29.724449484798807,28.277470803736893,16.05047727907401,0.02147975551753508,-0.00010566945655741477
14.823581457138062,-0.10847014347582398,-29.632886421653886,28.18903974320604,15.999164874959012,0.021684952499995316,-0.00010569308457003936
14.845380067825317,-0.10839251791455375,-29.541319664756482,28.100653174869286,15.947838661828868,0.02188872761744171,-0.00010572054365657791
14.866908073425293,-0.10831280590563304,-29.449727811688565,28.012288715595275,15.89653620481743,0.02209375923678296,-0.000105749452081257
14.889257669448853,-0.10823147896374186,-29.358122372903168,27.92395281096936,15.845267799919753,0.022297671746103562,-0.00010577920857527579
14.912509202957153,-0.10815004527329193,-29.266505232982517,27.835622443411417,15.794053772160616,0.02250106568292834,-0.00010581153733180242
14.933817386627197,-0.10806896521847639,-29.17485389180484,27.747280095356896,15.742868936279484,0.0227077183161314,-0.00010584730528698508
14.956531047821045,-0.10798784900732644,-29.08316569309124,27.658935035030172,15.69170116326175,0.02292258656555835,-0.0001058849387846113
14.978839635848999,-0.10790601867672076,-28.991453463450796,27.570608514360092,15.640545572578038,0.02316169061235694,-0.00010592277363594417
15.00135326385498,-0.1078235902330681,-28.899748751977025,27.482319406380604,15.589411892468894,0.023396818184853674,-0.0001059608510025095
15.022759437561035,-0.10774157555937444,-28.808021868091373,27.39404652638972,15.538285315239765,0.023628988390757662,-0.0001059995162542351
15.044718980789185,-0.10765955401206016,-28.716273160147967,27.30578758933297,15.487191248630957,0.023866812905853605,-0.00010603726855608643
15.067554950714111,-0.10757861523394827,-28.62451175713903,27.21756016840269,15.436103653587228,0.024115385989333618,-0.00010607438143140077
15.089008569717407,-0.10749781392644037,-28.532724152135778,27.129367605964173,15.385009137394393,0.02435866447836929,-0.0001061098027954395
15.112196207046509,-0.10741796331593681,-28.44091799171337,27.04122109308853,15.333913257936674,0.02459620120828124,-0.0001061427487701439
15.133206605911255,-0.10733785201526597,-28.349079374629493,26.953126472310228,15.282820749429726,0.024830630849876762,-0.00010617112420573041
15.155537605285645,-0.10725692659156283,-28.257217977957,26.86507549802146,15.231746797940072,0.02507243886564079,-0.00010619699209256616
15.177246570587158,-0.1071736286088438,-28.16533375781913,26.777048722029477,15.180684169227272,0.025308361327509164,-0.00010622383175309453
15.198701620101929,-0.10708779870901422,-28.073428479879684,26.689054848410997,15.129625263026414,0.025539419231648222,-0.00010625093937545678
15.220836400985718,-0.1069995828521491,-27.981508123689924,26.601086735576402,15.078571755630229,0.025766713922682746,-0.0001062796929466445
15.24366307258606,-0.10691076135604241,-27.88957214785846,26.51315012166656,15.027529678283969,0.02599218833142291,-0.00010630852580789009
15.264755487442017,-0.1068205443202656,-27.797612090807085,26.42522980120833,14.976483084652862,0.026215166367544587,-0.00010633942771122516
15.288017988204956,-0.10672861695683956,-27.705627447703133,26.3373275580697,14.925448078866017,0.026436223164584126,-0.00010637062831272177
15.309358835220337,-0.10663465262594914,-27.61362190737065,26.249435269998404,14.874430430107699,0.02665611766620467,-0.00010640307978455005
15.332578182220459,-0.10653635695969241,-27.521596499789027,26.16155406538489,14.823458389711623,0.026873578744297924,-0.00010643467844640736
15.354362964630127,-0.10643412464854868,-27.429562956835735,26.07369473348498,14.772536115509034,0.02709032526051295,-0.00010646509507522038
15.376153945922852,-0.10632794794338535,-27.33751225075808,25.98587158839934,14.721633733842797,0.027305502772249923,-0.00010649348097982182
15.400462865829468,-0.10621752588610271,-27.245434451896784,25.898089298338036,14.67071086416258,0.027521002337468167,-0.00010652098423429196
15.422619104385376,-0.10610221812188972,-27.15333015822168,25.81032971294425,14.619787790494234,0.02773479828456769,-0.00010654893964119861
15.445995092391968,-0.1059835026606688,-27.061189219373304,25.72261100441804,14.568834661142825,0.027947399641294435,-0.00010657554617899107
15.469463109970093,-0.10586342988718792,-26.96902214625259,25.634923091700347,14.517888993263469,0.028156358608502397,-0.00010660118937341074
15.490455150604248,-0.1057400132295294,-26.87682144290305,25.547268873408537,14.466948709478588,0.028360455304646703,-0.00010662499315341017
15.512704372406006,-0.10561345863957745,-26.78458618321118,25.45967469547076,14.416022468911565,0.028561342372141994,-0.00010664326021480995
15.534732103347778,-0.10548572499990673,-26.692328174052406,25.37212273844133,14.365097522867515,0.028760684472959496,-0.00010666156108999085
15.557737827301025,-0.10535511038395962,-26.60002686903735,25.284610225307585,14.314169106881277,0.028959591506552074,-0.00010667839891710612
15.58018708229065,-0.10522323869364837,-26.50768545220958,25.19713833467152,14.263245511327781,0.02916034982526928,-0.00010669383213402205
15.601459741592407,-0.1050910879026875,-26.415304860793473,25.109688303186953,14.212337227418702,0.029360797344184657,-0.00010671015947984449
15.623426675796509,-0.10495813286662899,-26.322877432459343,25.022259266617084,14.161415825141503,0.029563424549662133,-0.00010672830085082689
15.645951986312866,-0.10482294692969817,-26.230409962307682,24.93485893384237,14.110519034074489,0.029767788065506257,-0.00010674538692616654
15.667273759841919,-0.10468741543221752,-26.137896388306967,24.847481270508435,14.059633396250314,0.029972996056202735,-0.00010676264476212977
15.68912386894226,-0.10454777404467783,-26.04536671311345,24.760133428519506,14.008745519530367,0.030180157762898785,-0.00010678329007765391
15.712574005126953,-0.10439916627271718,-25.95282227391563,24.672818988483236,13.957874204232738,0.030387603155871017,-0.00010680522409484884
15.733718872070312,-0.10425222942183475,-25.860254126381427,24.585542375564145,13.907002858534279,0.030596435615968323,-0.00010682758306845766
15.756644487380981,-0.10410834367460234,-25.767674499772298,24.498292307270358,13.856135756741345,0.030805556804808898,-0.00010685283462464836
15.777707815170288,-0.10396584621585754,-25.67507753379944,24.411051201928764,13.805254995974705,0.03101754013108806,-0.00010688311456163757
15.800410747528076,-0.10382437802681893,-25.58244332002945,24.323827049542874,13.754356232048169,0.031230923672719048,-0.00010691431669603984
15.822108507156372,-0.10368220503798564,-25.489789362522796,24.23663336817795,13.703456119394628,0.031446300140830954,-0.00010694528051589663
15.843578815460205,-0.10353960808731565,-25.397130212451927,24.149471403897497,13.652585566949778,0.03166339606566476,-0.0001069754954827331
15.865459680557251,-0.10336788979900388,-25.304467846077024,24.062349056804916,13.60172065475457,0.031880972590168345,-0.00010700582966730957
15.888647556304932,-0.10316670412409079,-25.211797769155783,23.975251778911662,13.550837133306235,0.03209876203277918,-0.00010703904475252316
15.910114526748657,-0.10295194817065784,-25.119122604414535,23.888171518423444,13.49996441920886,0.03231550711623553,-0.00010707386017017766
15.933095693588257,-0.102730296817571,-25.026432418287325,23.80108815177202,13.449114293372535,0.0325308130984251,-0.00010711055723522963
15.95418906211853,-0.1025251619862447,-24.93373584053896,23.713989961445158,13.398263974118258,0.03274573985307616,-0.00010715229568713739
15.977219820022583,-0.10233294954140645,-24.841025080879298,23.626901543071245,13.347408197265983,0.03296004599564958,-0.00010719402357236891
15.998217821121216,-0.10215299950630835,-24.748301083276356,23.539844987259933,13.29654411682177,0.03317269906888282,-0.00010723285434264767
16.020354747772217,-0.10198290410671078,-24.655540643520286,23.45280808480386,13.245662412407704,0.03337832527771763,-0.00010726874085327192
16.04226541519165,-0.10182223597534401,-24.562770211936957,23.365804619471206,13.194786505133788,0.03357492158564199,-0.00010730180844693255
16.06526207923889,-0.10166804770181062,-24.469988781255545,23.278839082229826,13.143890053494774,0.0337622479881625,-0.00010733340184726355
16.08640432357788,-0.10151964134024337,-24.37717192500345,23.1918824712478,13.092970422966664,0.03394064875167644,-0.00010736492085899313
16.10939621925354,-0.10137560663941066,-24.284310304366976,23.104929739799903,13.042023654762598,0.03411119605295284,-0.00010739609935315987
16.13114643096924,-0.10123541926540147,-24.191412540067244,23.018011488024353,12.991057116116968,0.03427562423849271,-0.00010742336230989224
16.15359902381897,-0.10109833361680491,-24.098487776192503,22.931107968323264,12.940093108813311,0.03443600852931928,-0.00010744969481384583
16.17482852935791,-0.1009630285501167,-24.005520958850656,22.844230269948905,12.889109640912643,0.03459309361934066,-0.00010747340345060468
16.196730613708496,-0.1008277689792765,-23.91251804346642,22.75736808647272,12.83811487044443,0.034744699712769285,-0.00010749652296235905
16.21915555000305,-0.10069258669039392,-23.81947423948553,22.670509377566916,12.787112055757278,0.0348905285898548,-0.00010751998117576562
16.241456031799316,-0.1005561505647905,-23.72640187509923,22.583669752057347,12.736091117601827,0.03503210006491413,-0.00010754363334795488
16.264373540878296,-0.10041866796174116,-23.633308253894825,22.49685646813574,12.685067787323234,0.03517014970396669,-0.0001075663097313154
16.28512191772461,-0.10027960324875533,-23.5401845483935,22.41007317169097,12.63404419931591,0.035305066588459416,-0.00010758657000924463
16.30855917930603,-0.10013829964832108,-23.447028614792316,22.32332620711794,12.58303526529228,0.035437028229810257,-0.00010760292209500734
16.32980704307556,-0.09999013216967458,-23.353843599549393,22.23662161246438,12.532028874486269,0.03556645964158243,-0.00010761654973373176
16.35176420211792,-0.0998386426862176,-23.26063388659499,22.149967550312248,12.481047808546172,0.03569499356548789,-0.00010762611073203285
16.37380862236023,-0.09968866028933543,-23.167387640263335,22.063346969932365,12.430083345938728,0.03582204108333474,-0.000107633977474301
16.396448850631714,-0.09953773023401895,-23.074106093272245,21.976769191500033,12.379132284490208,0.03594540517299663,-0.0001076397816261026
16.418702602386475,-0.09938887315858644,-22.98080007007564,21.890230163749578,12.328195409973484,0.03606515339977079,-0.00010764584566250126
16.440344095230103,-0.09924176201933582,-22.88747778075777,21.803704508389675,12.277255515092818,0.03618450870014158,-0.0001076576533250936
16.462132215499878,-0.09908417922956335,-22.794117786446638,21.717185980515005,12.226313702104584,0.036302669341844576,-0.00010767250624897526
16.484793424606323,-0.09890829170330306,-22.70072758024044,21.63069003665729,12.175389111830572,0.03642052661066917,-0.00010768754681082908
16.506253004074097,-0.09872107934913528,-22.60730023220363,21.54419799929137,12.124479754461378,0.03653850144641395,-0.0001077045412971582
16.528263568878174,-0.09850081123493708,-22.513849481336507,21.45770707806528,12.073582712373014,0.03665355836016982,-0.00010772539541854094
16.55040669441223,-0.09828457291258433,-22.420384799985655,21.371223813196572,12.022696016966409,0.03676820252411524,-0.00010774942142794328
16.572832822799683,-0.09805586675539521,-22.32689266115481,21.284742199869044,11.971830024480901,0.0368817965971086,-0.00010777460654256898
16.59429693222046,-0.09780503247522991,-22.233364895612322,21.198269263443393,11.920982608214176,0.03699598808042141,-0.00010779894585774154
16.61639094352722,-0.09754909752737242,-22.139818057111054,21.111813987994218,11.870132696761415,0.0371126968212416,-0.00010782445839325603
16.63772463798523,-0.09730395652198452,-22.046244891243028,21.025358670485396,11.819282514674764,0.03723200942732997,-0.00010785207785193286
16.660576343536377,-0.0970799549999952,-21.95265073568964,20.93891708131185,11.768435128784079,0.037354874817251395,-0.00010787980367274644
16.681564569473267,-0.09686612379973981,-21.859040257332744,20.852492683358317,11.717594036092677,0.037481177255665965,-0.00010790743929418197
16.70319652557373,-0.09665269960846254,-21.765417870671925,20.766067764296412,11.66676458340016,0.037609598228592174,-0.00010793748388110175
16.725554943084717,-0.09644733618722191,-21.67178084375377,20.679667127223677,11.615952053079939,0.03774043087307773,-0.00010796532052519433
16.74833655357361,-0.0962434727344183,-21.578116832913217,20.59328879303025,11.565150486342871,0.037872224310178774,-0.00010799049913930437
16.770055532455444,-0.09601978474313223,-21.484423672779446,20.506915066794807,11.514383804019314,0.03800337653638645,-0.0001080142354338646
16.792106866836548,-0.09576431597478609,-21.39071242974525,20.420558015392697,11.463623949865394,0.03813435298767399,-0.00010803825149151255
16.813547611236572,-0.09547504160213569,-21.29697128129368,20.334213194662485,11.412880684770727,0.03826424777674409,-0.0001080610276429319
16.836260080337524,-0.0951513096238241,-21.203208274896507,20.247877913199513,11.362142835770207,0.03839116605653241,-0.000108084752134903
16.85789465904236,-0.09481020801760552,-21.109427510668525,20.16154931370814,11.311398907520875,0.0385138523183293,-0.00010811061700884233
16.879673957824707,-0.0944711445436144,-21.01559875301607,20.07523275738087,11.260657619612543,0.0386306122496085,-0.0001081331311370675
16.90220022201538,-0.09415738171707447,-20.921720640247486,19.98892632410802,11.209914540086737,0.03874247545564577,-0.00010815312599132831
16.924416065216064,-0.09387815176220393,-20.82779165203205,19.90261603054255,11.159150333634082,0.038849931036475396,-0.00010817387954143912
16.946821212768555,-0.0936158923771456,-20.733812735766985,19.816312593894114,11.108375713919475,0.03895388942354754,-0.0001081933356643162
16.96815299987793,-0.09337807258639852,-20.639787103503657,19.730009828587413,11.057575311808526,0.0390550199981927,-0.00010821382539136778
16.992313146591187,-0.09314856828756916,-20.545706739587175,19.643683501851886,11.006760962093994,0.03915687847917053,-0.00010823673244319237
17.01472496986389,-0.09290375542210257,-20.451582325367568,19.557337085151897,10.955920922058096,0.03926010394154764,-0.00010826316850482894
17.03778052330017,-0.0926601611200684,-20.357427850134815,19.47099418583612,10.90503947432995,0.039363461090888494,-0.00010829167982142967
17.060682773590088,-0.0923909702803929,-20.263252271336775,19.38468366362273,10.854127928882471,0.039465305806337544,-0.00010831841113209056
17.08356499671936,-0.09210158600665642,-20.169062444965604,19.298426070643593,10.803204793233432,0.039565977857654054,-0.00010834052574020577
17.105674266815186,-0.0917901731068194,-20.074852067936718,19.212202329689703,10.752242173311977,0.03966687023691386,-0.00010836240834789608
17.12830901145935,-0.09148236470961117,-19.980617951284838,19.126004898870477,10.701275501037664,0.03976769616923155,-0.00010838232840363326
17.14925980567932,-0.09118432244349359,-19.886361857196764,19.039825149162418,10.650267577540982,0.03986680689246102,-0.00010840425235858809
17.17088794708252,-0.09089159572584499,-19.7920911423403,18.953667412231702,10.59921004599526,0.03996380821451293,-0.00010842856098383645
17.192785024642944,-0.09059657130621869,-19.69781298762554,18.86753630936824,10.548158350914228,0.04005819992240391,-0.00010845157819728902
17.21575427055359,-0.0903218936492698,-19.603541122228652,18.781435931609938,10.497108990308062,0.04015060263222552,-0.00010847468080405474
17.236849784851074,-0.09006040211133332,-19.509253372755307,18.695374338533885,10.446053422596394,0.04023860732190192,-0.00010849459021116193
17.2596755027771,-0.08979712351476567,-19.414936095955287,18.60933570321672,10.395028849375302,0.0403231775957885,-0.00010851019099694485
17.280920267105103,-0.08955370968511131,-19.320592909990566,18.523308310863154,10.344016107342616,0.040405471186499564,-0.0001085254152784355
17.303918600082397,-0.08929605496271813,-19.226233788186686,18.43728902020184,10.293010522979728,0.040483871778928156,-0.00010854250507047048
17.325080633163452,-0.08902353000667229,-19.131861274517696,18.3513031930892,10.242004519812955,0.04055960856528044,-0.00010855847903327726
17.34766674041748,-0.08876365242332541,-19.037472655389955,18.265336311003637,10.190989608550852,0.04063435785758624,-0.00010857552434922647
17.37157416343689,-0.08852038459807468,-18.94308547462744,18.179404639962474,10.139959367015317,0.040707348980970504,-0.00010859376525653239
17.388686895370483,-0.08827026989817098,-18.848688217347863,18.09349824894487,10.088889015415027,0.04078064801157737,-0.00010861453280278841
17.41145968437195,-0.08800779904921163,-18.754257075354285,18.007601033168847,10.037796059294939,0.0408550358077976,-0.00010863544779039766
17.432639837265015,-0.08774078280604079,-18.659793206328747,17.92170548523701,9.986702530469943,0.04093137776838511,-0.0001086561563259031
17.454333782196045,-0.08744863517116062,-18.565316950516436,17.835814778846796,9.935633267252667,0.04100814638148015,-0.00010867732902374017
17.476217031478882,-0.08713068847145763,-18.470811923303863,17.74991321171779,9.884583156983172,0.04108324586957987,-0.00010869920640966289
17.499271869659424,-0.08680689339798413,-18.37628168287354,17.663998858472095,9.833532725931647,0.04115516214605394,-0.00010872332663897814
17.522323846817017,-0.08648485878991673,-18.281715858589422,17.57807598156747,9.782457337498787,0.04122231942646497,-0.00010874873479507174
17.54548931121826,-0.08614974480178968,-18.187108890507417,17.492142403511306,9.731381842591531,0.04128386402167008,-0.000108773212068263
17.56900691986084,-0.08581827202843942,-18.092460536148526,17.40621581083253,9.680296971018807,0.041341549414745014,-0.00010879489392862084
17.59146738052368,-0.08549355679981865,-17.997774979813897,17.320347461534944,9.62921096937601,0.041396330872574244,-0.00010880741125773117
17.613826990127563,-0.0851631460351531,-17.90306894672989,17.234508203415214,9.578129787978662,0.04144691874356417,-0.00010881836963470002
17.63714027404785,-0.0848218046488623,-17.808341327584657,17.148683351752545,9.527027842483614,0.041492103279504804,-0.00010883158691791546
17.660555839538574,-0.08447365727721308,-17.713585415858592,17.062871896515155,9.475904152529347,0.0415338046066853,-0.00010884596974878825
17.684030532836914,-0.0841280874308282,-17.61878740341357,16.9770843612177,9.424758314467049,0.04157238219946332,-0.00010885812873771895
17.705716133117676,-0.08376844490598971,-17.523968863237194,16.891311709097433,9.37360515284966,0.04161055475504962,-0.00010887166277915836
17.728140830993652,-0.08340196900281088,-17.429135659004068,16.805580106128755,9.322449676874651,0.041648186877507175,-0.0001088831972969831
17.751442670822144,-0.0830277706833299,-17.33426868656838,16.719856266092233,9.271293807244591,0.04168328494076931,-0.00010889514805016565
17.775184631347656,-0.08267274510907997,-17.23938321906519,16.634135718116504,9.220120260591832,0.04171731113062223,-0.00010891087084376017
17.798297882080078,-0.08233436042824016,-17.14448935241653,16.54843352308298,9.16890385456626,0.04174749764777118,-0.00010893040756141265
17.82049584388733,-0.0819994829000691,-17.049566064820173,16.46273674128691,9.117645705931533,0.04177407114837579,-0.00010895203356705029
17.842546939849854,-0.08167792881686861,-16.954618949296464,16.377029632093763,9.066350372859084,0.04179934168988783,-0.000108977699212715
17.86598563194275,-0.08137679621724007,-16.85966006216899,16.29131376454254,9.015044995713708,0.0418218627768133,-0.00010900603038606704
17.888137340545654,-0.0811075292450127,-16.764699990713417,16.20560244971847,8.963745277773773,0.04184061044601139,-0.00010903481893222284
17.911179780960083,-0.08083891576564892,-16.66973051173981,16.119888091711587,8.912452268055873,0.04185698935815422,-0.00010906391664583329
17.93433666229248,-0.08055678781629537,-16.574750257274996,16.034173916616705,8.861156985739592,0.041869621026599566,-0.00010909311642962001
17.95634651184082,-0.08025419652925928,-16.479772745840528,15.948477739495942,8.809860560364285,0.04187943078798432,-0.00010912151282976341
17.978814601898193,-0.07993582826106763,-16.384768090171775,15.862783220788758,8.758555065300577,0.04188695344732262,-0.00010914794849954638
18.001832485198975,-0.0795998698960177,-16.289745221885656,15.777090929445542,8.707231389513494,0.041893003609346266,-0.00010917429796150078
18.025435209274292,-0.0792320567124654,-16.194723738483102,15.6914185158105,8.655902322877624,0.04189706747036203,-0.00010919986166624005
18.048593044281006,-0.07886093426399096,-16.099689770771256,15.605770331811753,8.604542189343409,0.04190191587806679,-0.00010922369736333465
18.070750951766968,-0.07847666324381267,-16.004633534754593,15.52014891285888,8.553172177899405,0.04190920143695162,-0.00010924321104169865
18.092931270599365,-0.07810247007439916,-15.909545389797,15.434548262315701,8.5018251450565,0.04191525367598974,-0.0001092566140369744
18.116723775863647,-0.07772593025950111,-15.814439221121582,15.348959964439883,8.450516975175534,0.04192271258916494,-0.00010926718434845453
18.13802456855774,-0.07733770494379633,-15.71929687855586,15.263387091138856,8.39922407213548,0.041931635571103,-0.00010927433264255788
18.160741806030273,-0.07695658470911311,-15.624112940606272,15.177823740854157,8.347959875587097,0.04194112226411881,-0.00010927799535001942
18.182141304016113,-0.07658132234303557,-15.528917927889221,15.092270935198576,8.296708083866843,0.04195159692605287,-0.00010928382377624568
18.20503258705139,-0.07622261394778994,-15.433684754142845,15.006711509458938,8.245464939892416,0.04196228639315227,-0.00010929047303887755
18.226362466812134,-0.07585804719528857,-15.33844455121828,14.92114690919073,8.194227333300915,0.04197249343726304,-0.00010930203681818723
18.24764347076416,-0.07549524187001591,-15.243198538810393,14.835608581949712,8.14297890923579,0.04198199530867841,-0.00010931443644237702
18.27010941505432,-0.07514445600378938,-15.147928452305718,14.750088665890878,8.091717753490117,0.04198977271392307,-0.00010932627442686169
18.292892456054688,-0.07481934028032448,-15.05263324020946,14.664577417733689,8.040431748296584,0.04199640963180218,-0.00010933952227101347
18.31414818763733,-0.074512913655338,-14.957293286998752,14.579074865585186,7.989144349369038,0.0420021787743495,-0.00010934995603387897
18.33719825744629,-0.07420216450552891,-14.861906765860514,14.493606945781401,7.937843101576112,0.042007600006177225,-0.00010935538575420156
18.358734369277954,-0.07392500245947498,-14.76649469930684,14.408162476038015,7.886540597768854,0.04201173115627209,-0.00010936014280511963
18.381826639175415,-0.07364085371272157,-14.671063108711428,14.322748316248376,7.83525616509674,0.04201550973814564,-0.00010936343365662494
18.40319848060608,-0.07333032357077103,-14.575605717981988,14.23734580433125,7.783974197869724,0.04201804654516916,-0.0001093684910267126
18.42531442642212,-0.07299516185620589,-14.480107267320335,14.15195474136834,7.732671772922989,0.042019270018892475,-0.0001093745049097431
18.448160886764526,-0.0726517638578065,-14.384538789427953,14.06656071031928,7.681342337960478,0.0420211548324458,-0.00010937982227582501
18.47006320953369,-0.07230374711434236,-14.288923885963607,13.98117391417541,7.63000669113032,0.042024515793336235,-0.00010938508535696776
18.492926359176636,-0.07194799571958814,-14.193260830220742,13.895803145886717,7.57861257144729,0.0420273305458353,-0.00010939223711711832
18.513917684555054,-0.07159110182159967,-14.09755983631582,13.810451561899802,7.527195350394463,0.04202927965774649,-0.0001093996543607091
18.53727149963379,-0.07121387108562678,-14.001833727982552,13.72511414985348,7.475785358148458,0.04203085458804324,-0.00010940798048307569
18.558747053146362,-0.07082519523990856,-13.906085531290078,13.639782554587923,7.424386954405678,0.04203258251427161,-0.00010941829121765928
18.5802640914917,-0.07042438854788735,-13.810308474562602,13.554453612075683,7.372989070915939,0.042034485362642024,-0.00010943044207011497
18.602670669555664,-0.07002725639485326,-13.714500193406115,13.46911488808536,7.321564365949569,0.04203817497245698,-0.00010944700977677842
18.62563395500183,-0.06963544831553525,-13.618666545199714,13.383771011269992,7.270119744405478,0.042042858478499236,-0.00010946675127476767
18.646701335906982,-0.06923841346960684,-13.522817807551812,13.29844000795339,7.218628112711319,0.042046157940108055,-0.00010948959412818432
18.669424057006836,-0.0688438329654548,-13.426957504739129,13.213119922039699,7.167092529337488,0.04204808698457138,-0.00010951526059953795
18.6905734539032,-0.06845807875013261,-13.331089220095093,13.127809649630773,7.115543449088722,0.04204720094329015,-0.00010954170467857721
18.713707447052002,-0.06808442404404604,-13.2352230695851,13.04247507222471,7.0640071353756255,0.04204364896878451,-0.00010957289685470914
18.73520040512085,-0.06772461117318138,-13.139364703174788,12.957144973540228,7.012464204734998,0.04204047613043251,-0.0001096056725665466
18.75706171989441,-0.06739551627893492,-13.043488755747422,12.871806329698018,6.960904912192649,0.04203953608838733,-0.00010963831260514271
18.779099464416504,-0.06706244542746709,-12.947591414890502,12.786451155009814,6.909337563446182,0.04203876231216973,-0.000109670873772986
18.801812648773193,-0.06671237687423313,-12.85167378934211,12.701093120550611,6.857764935395253,0.042037105857610016,-0.00010970132040950565
18.82298970222473,-0.06635422199942585,-12.755724682678956,12.615718469869515,6.806182365358543,0.04203485294912597,-0.00010973043099138068
18.84592294692993,-0.0659946523674476,-12.659755786129802,12.53034608661409,6.754574457981629,0.042032234354066805,-0.00010975816414176815
18.86738610267639,-0.0656280824532188,-12.56378420759802,12.444977594343724,6.702963159076168,0.04202827551093447,-0.00010978535269526584
18.89031744003296,-0.06524976493886998,-12.46779407118599,12.359604142540357,6.651332427410962,0.042022302153881724,-0.00010981200474599425
18.911444902420044,-0.06485966086819465,-12.37177787847995,12.274221126895746,6.599684422517823,0.04201482622788634,-0.0001098375191479019
18.93399953842163,-0.06447296808476423,-12.275745392559605,12.188831639212196,6.548015659101143,0.042005215868267456,-0.00010986295150253719
18.95630121231079,-0.06408018716857476,-12.179686602432373,12.103415022927846,6.496329409242393,0.041991668672879755,-0.00010988945324058779
18.978593826293945,-0.06368987192830136,-12.083609478798568,12.017985709133091,6.444622291183258,0.04197455533746098,-0.0001099158800134809
19.001599550247192,-0.06329799204319352,-11.987505788145898,11.932561152177422,6.392879574288203,0.04195689928787635,-0.0001099395162987272
19.022743225097656,-0.0628946901453212,-11.891388777657358,11.847149722201209,6.341118589957697,0.04193744243037078,-0.0001099604310166345
19.045421361923218,-0.06248089681569601,-11.795256527228354,11.761744901546553,6.289354187568433,0.04191785312889609,-0.00010997876334591405
19.06734800338745,-0.062050933246596836,-11.69908448311631,11.67632260972285,6.237571068672779,0.04189611396946514,-0.00010999587608260915
19.089062452316284,-0.06160129255390311,-11.602871238621598,11.590876724346696,6.185765926613949,0.041873809645171955,-0.00011001280946444776
19.111421585083008,-0.061149185647616636,-11.506619573773685,11.505394424418377,6.133954418700538,0.041851014353484435,-0.0001100305516739243
19.13600206375122,-0.06071212454629958,-11.410346858800485,11.419888452425978,6.082134086407329,0.04182733836210909,-0.0001100495168469798
19.157727241516113,-0.0602661134767257,-11.314038094934016,11.334357797039434,6.030288552465401,0.041805046048861774,-0.00011006863195629782
19.180333852767944,-0.05983125445790503,-11.21771038488735,11.24883183069025,5.978444822519177,0.04178223021938195,-0.00011008429997960963
19.20193099975586,-0.05940385353595336,-11.121368708031321,11.163298095927125,5.926586563435665,0.04175964162750777,-0.00011010058013789305
19.224703550338745,-0.05898450145200967,-11.025013496238472,11.077741569692671,5.874734923218555,0.04173282910580388,-0.0001101180739963874
19.24563455581665,-0.05856411386208888,-10.928661141509524,10.992182931079055,5.822893341833278,0.04170086824509106,-0.00011013574919911632
19.267227172851562,-0.058156806224726645,-10.832295586879843,10.906620765809933,5.7710463876268205,0.04166659208155681,-0.00011015233869915349
19.28944420814514,-0.05774071377502938,-10.735903553726542,10.821038623735811,5.719189433083556,0.0416307341862154,-0.00011016884972404474
19.312384128570557,-0.05730682794060615,-10.639488717797994,10.735451665694411,5.667301593203609,0.04159318011643936,-0.0001101850304331635
19.333809852600098,-0.056870869453379796,-10.543047448728405,10.649833026919657,5.615411012726874,0.04155199477546634,-0.00011020217965266168
19.35679292678833,-0.05644691267656605,-10.446595027212112,10.564208579754217,5.56349224069279,0.041507961360103034,-0.00011022008572525103
19.378725290298462,-0.05600560190153073,-10.350126813082273,10.478603814495102,5.511531257408837,0.041462270203646956,-0.00011023548024346051
19.402377367019653,-0.05555302436653665,-10.253627290604335,10.392986175070105,5.459524470177658,0.041412941394327295,-0.00011025128066696941
19.423741817474365,-0.055107163683951216,-10.157110386935472,10.307345334730176,5.40748977019601,0.04136120904257541,-0.0001102694346219434
19.445116758346558,-0.05467353936133542,-10.06057660728128,10.221688974780221,5.355420102165161,0.04130840247533228,-0.00011028879026370708
19.467167377471924,-0.05423985798257408,-9.964035726465328,10.136047447454596,5.30334815255411,0.041253603861570745,-0.00011030428621856575
19.489991426467896,-0.053796213302809356,-9.867484594666927,10.0504281049701,5.2512501862931,0.0411973868404754,-0.00011031676002574032
19.51124930381775,-0.0533582453264649,-9.770915512364523,9.96479888267966,5.199122907005108,0.041136439633192266,-0.00011033019726470431
19.53413414955139,-0.05290847848923311,-9.674317224856825,9.879162596791241,5.1469848574183175,0.04107346327919326,-0.0001103413953225988
19.555672883987427,-0.05244638396883912,-9.577705488285597,9.793530862357217,5.094822207986034,0.041006628775374324,-0.00011035228340029394
19.578551530838013,-0.05197827938451303,-9.481063950892084,9.707877602858689,5.042663827385329,0.04093874518816245,-0.00011036236133477167
19.600135326385498,-0.0515171721723828,-9.384402094803264,9.622226697275439,4.9904875193972185,0.0408678580229196,-0.00011037115797124153
19.62149477005005,-0.05108549249627796,-9.287722357975426,9.536589771318443,4.9382944818260155,0.04079548278100139,-0.0001103774853208121
19.644037008285522,-0.05066021387388134,-9.191019533171593,9.450947549737585,4.886079103753135,0.04072140938593346,-0.00011038431836851806
19.666632175445557,-0.050220329152923446,-9.094289556762586,9.365291086542992,4.833830548040498,0.040645306738826124,-0.00011039307656993347
19.688310384750366,-0.049771512402474676,-8.997537782966027,9.279615540663492,4.781569011724996,0.04056767544620917,-0.00011040351022656502
19.710543632507324,-0.0493197019706991,-8.900750322658466,9.193921129381895,4.729312990295847,0.04049036388361965,-0.00011041210564359612
19.732441902160645,-0.04885937875160657,-8.803935686901095,9.108207988799846,4.6770424657808505,0.04041135783144399,-0.00011042172082674586
19.755013942718506,-0.04839815446508174,-8.707094083924822,9.022496547366552,4.624703322135019,0.040331071356549675,-0.00011043269850254662
19.776302099227905,-0.04793783741493976,-8.610242670320794,8.936786090172935,4.572343810967715,0.04024666402665864,-0.00011044426848245177
19.797899961471558,-0.04748168406667571,-8.513401711592136,8.851086739571723,4.5199637677662,0.04015795436533369,-0.0001104577716679495
19.820148706436157,-0.04699537746509963,-8.41655821967709,8.765367241292068,4.467549182643775,0.04006508134212944,-0.00011047632453658225
19.843015432357788,-0.04650145510626003,-8.3197216254218,8.67964346250021,4.415098812460344,0.03996663446126234,-0.00011049787574475901
19.864448308944702,-0.04601432384533784,-8.22287486568317,8.59391667876208,4.362613364871609,0.0398637918787463,-0.0001105189235951259
19.886876344680786,-0.04551379785427693,-8.12602489485473,8.50819183508259,4.310111053800651,0.039755960329694744,-0.00011053875948656387
19.908249855041504,-0.045011987135015814,-8.029173483746742,8.422471842369953,4.2576038020871625,0.039645996098169003,-0.00011055653448854223
19.93173861503601,-0.04451433080219475,-7.932284999303278,8.336730266656588,4.205083512548837,0.039535637025108206,-0.0001105715664368381
19.95312786102295,-0.044017745360717946,-7.835371530512753,8.25098531768975,4.152562872741914,0.03942441599702176,-0.00011058281607592539
19.9746732711792,-0.04352823738686178,-7.7384405677190875,8.16523929531685,4.1000115748910115,0.039313480671336554,-0.00011059363037901223
19.99673080444336,-0.04302899865346891,-7.64147826362218,8.07947283884838,4.047456634672287,0.03920137926937368,-0.0001106031994839513
20.019598722457886,-0.042511597466177393,-7.544507556579115,7.993708576667154,3.9948902807650377,0.03908791469088057,-0.00011061251663917354
20.04071283340454,-0.041989182189510345,-7.447534245537091,7.907955666022603,3.9423228430594133,0.03897102841098366,-0.00011062048936887432
20.063392639160156,-0.04147621179201395,-7.350561751527668,7.822193648149342,3.889743641400454,0.03885106144489073,-0.00011063127024388533
20.084937810897827,-0.040980717331987986,-7.253574682217051,7.736406533470845,3.837130633154589,0.03873108530189305,-0.00011064556191525382
20.107696533203125,-0.04051602697760012,-7.1565908791839785,7.650612338253622,3.784470469507718,0.03861047095060132,-0.00011066342103420439
20.129192352294922,-0.04006181505140178,-7.059625372095076,7.564788322352467,3.731760441113538,0.03849071878537645,-0.00011068961047826977
20.150983810424805,-0.03963168646831188,-6.962664287207989,7.478949552423031,3.679008619438885,0.03837079703117044,-0.00011071755197082686
20.17318081855774,-0.039198287580478504,-6.865701308261237,7.393103891954858,3.626222877897954,0.03824985463758315,-0.00011074437129527134
20.19608211517334,-0.038759245569807366,-6.768735333396993,7.3072466063081265,3.5734229210485506,0.03812860691608306,-0.00011076935317755108
20.21832799911499,-0.03833341802208003,-6.67175395793477,7.221370779464514,3.520589998405096,0.03800547314099575,-0.0001107928440681588
20.24031925201416,-0.03790250672749673,-6.574764512662123,7.1354692290231485,3.4677303358570324,0.037879915884384434,-0.00011081675471901015
20.261922121047974,-0.0374826695217462,-6.47778628651653,7.04955202314128,3.4148461314301772,0.03775247165901472,-0.00011084197304304713
20.284810066223145,-0.037042705244882575,-6.380811039665018,6.963616402316891,3.361910277635621,0.03762372289342345,-0.00011086912339305348
20.306040287017822,-0.036594777687050765,-6.283822256816455,6.877661331393128,3.308959895971353,0.037494227987155966,-0.00011089291981839434
20.32912826538086,-0.03614918479060422,-6.186833523029094,6.791674922758712,3.2559955132222087,0.03736522111122089,-0.00011091735300760045
20.351667881011963,-0.03570424757107228,-6.089841978131151,6.705653855487221,3.203025831268826,0.03723683286897834,-0.00011094160427581892
20.37374186515808,-0.03525114337240849,-5.992835173236753,6.619585592569623,3.1500505277415076,0.037108733358014886,-0.00011096549874023067
20.395809650421143,-0.034798168297471406,-5.895804179205779,6.53350461162886,3.09708175647666,0.0369786508496725,-0.00011098206174170827
20.4196994304657,-0.03433503297711275,-5.798763750542105,6.447412160172727,3.044074587983488,0.036849596473081905,-0.00011099754778222219
20.44352412223816,-0.03385777020198728,-5.701703580166466,6.361313172559355,2.991037856683361,0.036720211085796185,-0.00011100938675965702
20.466165781021118,-0.03336902252206346,-5.604637912963569,6.2752265594090115,2.937965642046112,0.036588766900611344,-0.00011101813189355481
20.487459421157837,-0.03287918748180346,-5.507553771875109,6.1891373107364815,2.8848294890146344,0.036456212579395145,-0.00011102626758778032
20.510359287261963,-0.032380162913504415,-5.410467123371648,6.103022891470229,2.831659492339094,0.03632305379609759,-0.00011103756122461451
20.532353162765503,-0.03189329360254856,-5.3133625402160165,6.016870436978403,2.77845328199061,0.036187756655416584,-0.00011105082158256171
20.55528211593628,-0.031405431176209433,-5.216255550624834,5.930704022976897,2.7252270274505617,0.03604777647566039,-0.00011106366618214312
20.577106475830078,-0.030923465478475604,-5.119149152523021,5.844533812021634,2.6719480435432135,0.03590507545107832,-0.00011107716046243341
20.598930597305298,-0.03044766623960827,-5.022053872014401,5.7583605807537595,2.6186251709407373,0.035760879631415235,-0.00011109201320535292
20.62068486213684,-0.029968041920641366,-4.924967573775285,5.672201084275552,2.565233241979033,0.035613632565536596,-0.00011110689841077891
20.643580436706543,-0.029503775738091525,-4.827869882364798,5.586023821528362,2.5118006049372426,0.03546237121121022,-0.00011112113558919987
20.664917945861816,-0.02904447161588681,-4.730764392301223,5.499826746139108,2.4583702091849844,0.03530787292439938,-0.00011113300562433456
20.686480283737183,-0.028576739140117522,-4.633646203298766,5.4136281912525535,2.404951976287648,0.03514926742734983,-0.00011113919002113478
20.708616495132446,-0.028092795523789085,-4.536512986049553,5.3274320640835136,2.351478973337304,0.034986529087357644,-0.00011114422600519524
20.731450080871582,-0.027621201172853483,-4.439373641056995,5.241237163312011,2.2979783075521953,0.03482311003884303,-0.00011114798586471126
20.752850770950317,-0.027154954458142384,-4.3422128778874995,5.155019010314127,2.244452071869831,0.03466193808956765,-0.00011115180811808381
20.775524139404297,-0.026684810157183006,-4.245065594714662,5.068790818258855,2.1909089359201754,0.03450169696631229,-0.0001111586646513557
20.796879529953003,-0.026180140511408986,-4.147922101695279,4.982539002068773,2.1373485164225916,0.0343413756920033,-0.00011116864538186808
20.819708824157715,-0.025663084987447626,-4.050769399825432,4.896271558921751,2.083746591021749,0.034180487130622314,-0.00011117939342629648
20.84127640724182,-0.025149282584070873,-3.9535974552471442,4.809998803381048,2.0300962121070705,0.03401936652603743,-0.0001111881134606755
20.86315655708313,-0.02462450981052533,-3.8564134379423938,4.723731228185608,1.9764010068797817,0.03385549912536286,-0.00011119472632598287
20.886173248291016,-0.024096835504960726,-3.759212523243672,4.637459192419262,1.9226784109678083,0.03368851176948354,-0.00011119914228766253
20.908002376556396,-0.023564184464301616,-3.6619993564476165,4.551192723942169,1.8689034726958846,0.033517737912989364,-0.00011120274906431414
20.931137084960938,-0.02301634590134902,-3.5647710440955835,4.464922472114357,1.8150743850975852,0.033344519535197875,-0.00011120681741997624
20.952550888061523,-0.022483813112755054,-3.467526543466049,4.378649006617107,1.7612157554585939,0.03316753745822322,-0.000111209307649982
20.975767374038696,-0.021979672988948755,-3.370252376071224,4.292367691106055,1.7073132384596565,0.03298971316859299,-0.00011121001651293528
20.99701762199402,-0.021498401424899376,-3.2729321886712115,4.206059242827148,1.6533841388057133,0.03281293854943365,-0.00011120855163803977
21.018908977508545,-0.02101772400205778,-3.1755844798921915,4.1197361160937565,1.5994154206303428,0.03263724714269426,-0.00011120753672800763
21.041417837142944,-0.020547425741091103,-3.078222335855471,4.033385702170944,1.545443233101652,0.03246003894512711,-0.00011120838787910761
21.06379461288452,-0.020084258341920302,-2.9808538416560433,3.9470267299139676,1.4914682006305395,0.03228100633517013,-0.00011120945020209178
21.085506916046143,-0.01962224887456874,-2.8834717334694333,3.8606656175145377,1.4374697974429012,0.03209720323180405,-0.00011121011409013381
21.107611417770386,-0.01914879603228753,-2.7860769020260086,3.774302541271822,1.3834404206073747,0.03190817100026451,-0.00011121123983723281
21.129522562026978,-0.018671130270988608,-2.6886750290028654,3.6879163419990966,1.3293823042154393,0.03171609045836078,-0.00011121641076414675
21.152215242385864,-0.018190470854274096,-2.5912908003579287,3.6015154592177967,1.2752985456298023,0.03151979438808523,-0.0001112272296261646
21.174132347106934,-0.01770361763083858,-2.4939256714796305,3.5151074433651623,1.221183853469486,0.031321353632638285,-0.0001112420463065432
21.196077823638916,-0.0172295042272579,-2.3965705120168566,3.4286823320128663,1.1670527404888427,0.031120634591216546,-0.00011125888866176451
21.21906280517578,-0.016751311797379476,-2.2992103252649576,3.342246553607719,1.1129150194747148,0.030918973034052482,-0.00011127356483465899
21.24073886871338,-0.016261108985256834,-2.2018410331244334,3.2557990804713404,1.0587627866734062,0.030720381547705195,-0.00011128649573934758
21.263641357421875,-0.015767760971580825,-2.1044687436076113,3.169340251383902,1.004594882079855,0.030522239847532086,-0.00011129885782526902
21.284727334976196,-0.015270225954756633,-2.0071112046897337,3.0828767123281255,0.9504096671966057,0.03032615152916104,-0.00011131261821675191
21.30827021598816,-0.01476766245003106,-1.9097621028790055,2.9963893956437935,0.8961922138835072,0.030131513338749315,-0.00011133001598557038
21.329923152923584,-0.01426312206432816,-1.8124195915567853,2.909890116007398,0.8419408502117441,0.029937936460324468,-0.0001113483436438203
21.351693868637085,-0.013763740646569813,-1.7151004269123158,2.8233815018978237,0.787685855100396,0.02974519368372156,-0.00011136753889007503
21.373937606811523,-0.013277806968957497,-1.6177755838138712,2.7368444665385185,0.7334261245208825,0.02955300040843389,-0.00011138544614250043
21.396944999694824,-0.01278711149606347,-1.5204477023720206,2.650288548285591,0.6791561701124714,0.029360924999611526,-0.00011140175804581087
21.41808581352234,-0.012289096127003355,-1.4231208767864068,2.5637188170323904,0.6248570823134387,0.0291663440056635,-0.00011141781032468479
21.441006422042847,-0.011793107783543888,-1.3257953070638737,2.4771507953653553,0.5705041362327155,0.028969868239142785,-0.00011143289448709069
21.462340354919434,-0.011309064472716951,-1.2284663234386481,2.3905489405852394,0.5160884923868022,0.02877200000986583,-0.00011145176774632065
21.485129833221436,-0.01083085294530075,-1.131151883751134,2.303951174899562,0.46162820649777814,0.028571536696410594,-0.0001114699553142758
21.506528854370117,-0.010347421906355767,-1.0338509899947181,2.2173615650222502,0.40713707937119953,0.02836996207481135,-0.00011148596199278522
21.52793788909912,-0.00987082539057394,-0.9365438871255879,2.1307664517746248,0.3526032019622286,0.028166177568425425,-0.00011149959043682954
21.54982018470764,-0.009399315133439015,-0.8392330244672589,2.0441682379274932,0.2980395513662318,0.02795786194453776,-0.00011151048759660322
21.573089361190796,-0.008918047046979191,-0.741913330263287,1.9575779924518053,0.2434537762521703,0.027747646938169047,-0.00011151647708593316
21.594258546829224,-0.008432945766528286,-0.644736714657614,1.8708273039861958,0.19199330045672558,0.027538784191119,-0.0001113689854347124
21.616581201553345,-0.007953151048964869,-0.547883024894445,1.7837249983050814,0.14811876061560336,0.027331003646029958,-0.0001108775327500071
21.638081073760986,-0.007468484509507697,-0.45126435732178444,1.6964084566945044,0.11183003980360552,0.027122709219957606,-0.00011008686037679915
21.661015033721924,-0.006984126614650161,-0.35475544263086,1.6090154808201025,0.08206408260612666,0.026916789711811544,-0.00010909691639000998
21.6823091506958,-0.006488086563154301,-0.25824347723539137,1.521645687265398,0.0576244040948431,0.026713452110127035,-0.00010800551915371247
21.703781604766846,-0.005975079550773082,-0.1678842875968359,1.435934146461274,0.037943515030202234,0.026509800250292887,-0.00010762122235088483
21.725917100906372,-0.005445403183172748,-0.08860376657643573,1.3524726335558903,0.022178851468013225,0.026304693256454945,-0.0001085495548097763
21.748831272125244,-0.004924379641177972,-0.0215528087037754,1.2705602914939533,0.00937094286544894,0.026092389250069847,-0.00011085054391824967
21.770082473754883,-0.004395270313705744,0.03387332631832783,1.18937721967317,-0.0013115014909210474,0.025879024205154928,-0.00011428652985460871
21.7927143573761,-0.003860896685699144,0.07901418002888967,1.108249186787204,-0.010493328289517483,0.025655581707607646,-0.00011850359013934389
21.814202785491943,-0.00330625337520731,0.1154376452963828,1.0267251665866883,-0.018586280617833854,0.025431672117422532,-0.00012312863683002834
21.836894035339355,-0.002753755066437029,0.14468312877689232,0.9445413755902141,-0.025860894394371288,0.02520808356236113,-0.00012782791304621305
21.858267068862915,-0.0021989424770391184,0.16817612437575297,0.8616034489493228,-0.032493485690053794,0.024967079215662095,-0.00013232302059606137
21.87964916229248,-0.001673491909018813,0.1878678561500143,0.7777380979363053,-0.038656838553874244,0.02473066418101877,-0.00013632240603120635
21.90222144126892,-0.0011819772365470633,0.20563312251623334,0.6928458436306594,-0.044446140357340166,0.024500834333616023,-0.000139597548358638
21.925049781799316,-0.0007114021139509894,0.22259068604006488,0.6070762788402864,-0.04992265659960973,0.024276015986835184,-0.00014205884678629045
21.946265697479248,-0.0002448385450372087,0.23941339648661544,0.5206345006889028,-0.05511435333433811,0.024056237476749315,-0.00014370653673309691
21.96890950202942,0.00022015124097487165,0.25653282058675947,0.4336932020125144,-0.060031539924846146,0.02383725478270761,-0.00014459316769315823
21.99074387550354,0.0006907128363558035,0.27422251365626915,0.3464236146378551,-0.06468535990015327,0.023619533962900136,-0.00014479612363324615
22.013921976089478,0.0011795285277463319,0.29266866097051103,0.25892351084459053,-0.06910316583074558,0.02340296175718012,-0.00014441131069618866
22.03526544570923,0.001660169295201133,0.3106886757696714,0.17723223770974825,-0.07370442628693784,0.0231755215096488,-0.00014294022224155446
22.05679965019226,0.0021319985914917687,0.32769732720612127,0.10660782503791957,-0.07857993202845964,0.022937743418156777,-0.00013999495852609357
22.079028606414795,0.002592367877963941,0.3443552960338999,0.047563315575889095,-0.08340060678038874,0.022696056210312416,-0.00013572147282096996
22.102102279663086,0.0030550799147126854,0.3614361803254477,-0.0010206174590192843,-0.08797322661855472,0.022451830286439753,-0.00013047087884602844
22.123322248458862,0.003513880357525447,0.3795540788239436,-0.04070510560010254,-0.09222591213855036,0.022204451486073095,-0.00012462958250355084
22.146013021469116,0.003989616749112238,0.39907644207724535,-0.0730253162830914,-0.09620564891262956,0.021961883574217172,-0.00011855602391277932
22.16729712486267,0.004497106464311857,0.4201935754888883,-0.09941223837539306,-0.09989801646400055,0.02171336379807178,-0.0001125481597998574
22.1900577545166,0.005014304114090011,0.44297139144651304,-0.12103102126631217,-0.1033487078264878,0.021448887413920294,-0.00010682837688382596
22.21147584915161,0.005524128522847478,0.4673969333681883,-0.1388935928436526,-0.10659979147784432,0.021191792687630405,-0.00010156068193390432
22.23300862312317,0.00603190702586455,0.4934083404308667,-0.15378927063801648,-0.1097527779269072,0.020942656768219086,-9.68501210161257e-05
22.255120992660522,0.006535599507395513,0.5209214142487063,-0.16636633841492765,-0.1128046134624567,0.02070023728800731,-9.27500235002443e-05
22.278199195861816,0.007033492716486954,0.5498364142568335,-0.17714753081686788,-0.11580097314470228,0.020462439471992763,-8.92825715816426e-05
22.299304962158203,0.007538103225205672,0.5800763934187197,-0.18654059177464188,-0.11876459590429192,0.020228324180979404,-8.643587738621168e-05
22.322097301483154,0.008051849989191234,0.611716465386962,-0.195645692384352,-0.12169051068122791,0.019998143063756163,-8.426205884459832e-05
22.343778371810913,0.00858176261148426,0.6447111157733643,-0.20509970216937773,-0.12457534433781933,0.01977099351097301,-8.274843130441982e-05
22.366941690444946,0.009119316039127951,0.6789643834521881,-0.21520988055814805,-0.12746052371095512,0.0195347579916057,-8.184087215837925e-05
22.3882257938385,0.009659883259104014,0.7143866928079363,-0.2261476402160882,-0.13037376792263655,0.019302261463586618,-8.146737660377411e-05
22.40978503227234,0.010199545699765165,0.7508841574840895,-0.23802530790384,-0.1333071177368988,0.019073036631761242,-8.155364117655225e-05
22.43196439743042,0.010725105015953293,0.788375395231622,-0.25086412402568886,-0.13628925847223336,0.018840369781685427,-8.20218809670839e-05
22.454984426498413,0.011226890793642563,0.8267802820997198,-0.26469432930183123,-0.1393207140928524,0.018600938109898938,-8.280432228169972e-05
22.476073503494263,0.011722092065694112,0.8660624453605428,-0.2795401839410622,-0.14239615227848132,0.01836501497250227,-8.383482842668054e-05
22.498718976974487,0.012225532212172518,0.9062087956895186,-0.29544680340901297,-0.14551691759573723,0.018127725147644186,-8.505698803827223e-05
22.52059578895569,0.007652807294751495,0.805189435502689,-0.15967712677753423,-0.07660869194004782,0.007881796534490036,-8.327346067195767e-05
22.54384422302246,0.004385808418439385,0.7425331402685255,-0.08758322401650546,-0.04045957822112166,0.006085784170724977,-8.703364090701232e-05
22.565979480743408,0.002124808435252509,0.6951276217678923,-0.044165029002443144,-0.018330526289231413,0.006405492526906891,-9.280776329117687e-05
22.58775305747986,0.00060107602070633,0.6543987475812243,-0.015286274394916435,-0.003215421423745874,0.007121152101353617,-9.906842448409217e-05
22.6106436252594,-0.000383818011573468,0.6164402771513617,0.005370901842629376,0.007849707413266646,0.007786216919594176,-0.00010518819350847687
22.631556272506714,-0.0009857410172162636,0.5796742248151983,0.02074179342366953,0.01625124301691414,0.008355371177418585,-0.00011086785455440861
22.654573917388916,-0.001305701036141295,0.5434612205328826,0.03239724536754775,0.022719210625531075,0.008841577724001445,-0.00011595699531937554
22.675789833068848,-0.0014293553153805927,0.507577190415123,0.04127168375723383,0.027731938592339436,0.009255721493700771,-0.00012038222371371486
22.698573350906372,-0.0013982319181948988,0.4719454675228021,0.048026535768536785,0.031609712640767895,0.009607619699653687,-0.00012411893454079023
22.720388174057007,-0.001261188681931088,0.436544792359396,0.05317537580475422,0.03461919029208902,0.009903482995059781,-0.00012717198185276688
22.742365837097168,-0.0010641896045614557,0.40140380501310746,0.057074830792482927,0.036926511760859176,0.010149471127953296,-0.000129574741702029
22.76455283164978,-0.00081911108569911,0.366538888917311,0.06001562169149576,0.03869679337454736,0.010348077528948382,-0.00013137408112492426
22.7872953414917,-0.0005492054457213254,0.332000568604233,0.062234480377469786,0.04003287865223007,0.010504376372722274,-0.0001326214211267713
22.80881667137146,-0.00025169702431394875,0.2978161729840816,0.06390091719804064,0.04103946117016823,0.010623126892211184,-0.00013337831035433327
22.830678939819336,4.5107849449367956e-05,0.26401542926148636,0.06514375139068203,0.04179881166967629,0.010709591102281764,-0.0001337068391533383
22.852306365966797,0.00034564118955971796,0.23061482884658352,0.06608562272183269,0.04236060758751607,0.01076801724968578,-0.00013366751385183204
22.875077486038208,0.0006470076129896534,0.19831537349528133,0.06659418533972514,0.042709728229411714,0.010799635731492025,-0.0001332444216225405
22.896151781082153,0.0009632705906306575,0.16969642846485655,0.06618930332278075,0.04272518981895556,0.01080791682204508,-0.0001321876839028533
22.917477130889893,0.0012783064449424146,0.14551801733925648,0.06526384129833815,0.04250821337672603,0.010794863965713409,-0.00013046044573584634
22.93954086303711,0.0015772599490864667,0.12573627720726838,0.06422622224766415,0.0422244354228503,0.010762690040521262,-0.00012816372952981014
22.962451457977295,0.0018598859012406784,0.10995497350109175,0.0633393899397603,0.041939726744876636,0.010713571218964223,-0.00012546794469444635
22.983564615249634,0.0021431148571594712,0.09740099985481117,0.06264199882483144,0.04168130611617328,0.010650006323145061,-0.00012260735192467297
23.006535291671753,0.002410494016165471,0.0874410360048402,0.06211152749346941,0.04144878862916855,0.010572397156991098,-0.00011975826393181778
23.028368949890137,0.0026608047040497904,0.07968618761164563,0.061721179325073615,0.04123960591852708,0.010480437334911481,-0.00011702285233968264
23.05109429359436,0.0028919499563979352,0.07379406961395335,0.06144853808843061,0.04105264718667003,0.010375366518345506,-0.00011447273108788
23.072230577468872,0.0031145668064059976,0.06940027114871855,0.06127595829865758,0.0408848467836945,0.010257802849560923,-0.00011216535995305698
23.09344744682312,0.003329663421896224,0.06620114444709024,0.061201863945231916,0.04073201947872259,0.010129373145933594,-0.00011013125190061467
23.115367650985718,0.003531843560190525,0.06390973112963137,0.061245602738268005,0.04058949217443235,0.009992048131109101,-0.00010838536782711351
23.138484001159668,0.003735245361159933,0.06229797214514522,0.06139879714388475,0.040455224461404767,0.009846041126774065,-0.00010693016548618612
23.15957808494568,0.003933342360285112,0.061217907904237874,0.06161261175954698,0.04032846759288802,0.009691799312141798,-0.0001057562982405755
23.18220543861389,0.004130714284140728,0.06053380242535245,0.0618598159198593,0.040207621913602276,0.009529858442271067,-0.00010484769279370063
23.20305037498474,0.004341776669543342,0.06013771458437352,0.06211516783749389,0.04008929441792834,0.009362166358694952,-0.00010418344734436892
23.224327564239502,0.00456377398698833,0.0599446180493366,0.06237730933494999,0.039973949790730816,0.009190186867487965,-0.00010373627581167403
23.247204780578613,0.0048111972098827975,0.05987508354239938,0.06264418796228975,0.039861309915631145,0.00901498021464419,-0.00010348089747431595
23.268550634384155,0.005088198335098401,0.059883406705068976,0.06289264272337217,0.039751469206296255,0.008834425528581052,-0.00010339205856922007
23.290178060531616,0.005387249421152425,0.05992942832301008,0.06312236894422163,0.03964338593816874,0.008648683938792328,-0.00010344332510582605
23.31218194961548,0.0056942174795051245,0.05999725098453717,0.0633336025983478,0.03953539651157581,0.008456364950233204,-0.00010360782232121097
23.33528447151184,0.006006114742972566,0.0600843196524424,0.06352890387215092,0.03942487642943329,0.008252044338727298,-0.0001038603363670136
23.35678243637085,0.006306713833755994,0.060190301383413455,0.06370878843580188,0.03931194758236938,0.00804088970581985,-0.00010417926191083087
23.379199981689453,0.006583930794492975,0.0603198950060606,0.0638745953275266,0.039196104563951346,0.007797162494907521,-0.00010454566313509514
23.40043330192566,0.006856084150695981,0.06046323251796668,0.06402801267138958,0.03907668897916886,0.007557671269963462,-0.00010494634127077658
23.42342257499695,0.007102394123187715,0.06060885062834022,0.06416788105768001,0.03894878059409541,0.007309312918040964,-0.0001053709284546516
23.44464659690857,0.0073382342264473105,0.060754539124606266,0.06429455538256214,0.03881544390557342,0.007058402078406421,-0.00010580896388107833
23.466415882110596,0.00757105963056701,0.06090041315175566,0.0644106355593111,0.038678088136863194,0.006807572705063471,-0.00010625130299106365
23.48848819732666,0.007810534436887042,0.06104579475120391,0.06451858114317154,0.038535028283560285,0.006551869860468033,-0.00010669096798563503
23.511324167251587,0.008041940473496484,0.061194626549304666,0.06462067219562188,0.038386283656661455,0.006302751271473384,-0.00010712143843827877
23.533463954925537,0.008254706437338846,0.061348239483204746,0.06471677186360827,0.038232805463425064,0.006037424698144138,-0.00010753837422074719
23.55911374092102,0.008453533211802514,0.061515974993092644,0.06480716212560769,0.038075147370136155,0.005781498501793316,-0.00010793733001313847
23.582442045211792,0.008646733097029029,0.06167940110054549,0.0648942634051574,0.03791544368460234,0.0055337401757906595,-0.00010831904614909914
23.604414701461792,0.00884505512387001,0.06183965217625611,0.06497717249601817,0.037753371109500646,0.0052917650908762244,-0.00010868188169025956
23.62620210647583,0.00905778376301492,0.06199732481836005,0.06505483595194167,0.03758805854069739,0.005056129233159953,-0.00010902491812708835
23.64849328994751,0.009283017661408988,0.06215258323548856,0.06512583372058808,0.03741976546904673,0.00482599655865106,-0.00010934765507707708
23.6713924407959,0.009515559538699571,0.06230567687591592,0.06519072971365075,0.037246377656491976,0.004598931632891544,-0.00010964980548478606
23.69451141357422,0.009763489423900693,0.06245618475502453,0.0652505822076989,0.03707114005464599,0.004372969401023656,-0.00010993123061734633
23.718172788619995,0.01002210312215774,0.06260466931598649,0.06530421049493153,0.03689484445744971,0.0041502619386432505,-0.00011019230996585278
23.74031925201416,0.010283968536091186,0.06275043862763634,0.06535250386056984,0.03671547255193255,0.003927475369338837,-0.00011043368884168373
23.762778282165527,0.010537909450616167,0.06289520557379939,0.06539764415404062,0.036533829730740826,0.003704736631466061,-0.00011065538372595302
23.78617763519287,0.010786457721567642,0.06303855789564071,0.06543765452487656,0.03635024102466082,0.003483574873874626,-0.00011085872893179336
23.807405948638916,0.01102370440569029,0.06317987867218966,0.06547218371882464,0.036165330597827984,0.003262461531346691,-0.00011104475778849175
23.8298077583313,0.011260493786318283,0.0633192859784222,0.06550159369214684,0.03597942055145511,0.0030382650540985794,-0.00011121446569030344
23.85135793685913,0.011518193297897404,0.06345783315645817,0.06552631584160351,0.0357898616311981,0.002811960571890505,-0.00011136897944715409
23.87427854537964,0.011771521558961476,0.06359657184948482,0.06554752491110509,0.03559707302869689,0.002551303102227629,-0.00011150873550183613
23.89505386352539,0.01201606931058222,0.06373601585164022,0.0655681097364828,0.03540194842582858,0.002268759604939304,-0.00011163426940231982
23.916781663894653,0.012256843413810241,0.06387575166021335,0.06558588476041047,0.03520505497493819,0.0019646576126225437,-0.00011174714636905949
23.938849210739136,0.01250805540051647,0.06401675808418786,0.06560005743879452,0.035007406991578185,0.0016582152322132404,-0.00011184841733716426
23.96176290512085,0.012761192656144903,0.06415723467893197,0.06560887842339602,0.034810200933008545,0.0013531544852743399,-0.00011193945667537937
23.982961416244507,0.013025564007042665,0.06429532756065783,0.0656119348839712,0.03461334526589598,0.0010592670885505914,-0.00011202154341827592
24.00595760345459,0.013304785295057691,0.06443172126376201,0.0656083778537761,0.034415051915797454,0.0007798350503567278,-0.00011209553615477358
24.02734875679016,0.01356912004319534,0.06456808836180702,0.06559990744933449,0.03421744159597866,0.0005022332303886953,-0.00011216120794605974
24.05012822151184,0.013813370197762544,0.06470696249602917,0.06558683321688395,0.03402242226179513,0.00021569566254184768,-0.0001122187570476403
24.071218490600586,0.014036756933249907,0.06484711763949912,0.06557101033153541,0.03382704503586379,-5.7855266084984254e-05,-0.00011226917420958477
24.093057870864868,0.014243394220413158,0.06498749078066125,0.065551982206857,0.03363096770925409,-0.0003328662338081804,-0.00011231351346220588
24.114733934402466,0.014437346686824072,0.06512671343662378,0.06552837280444038,0.03343394333418319,-0.0005972786961659975,-0.00011235286752484785
24.13805055618286,0.014629485419445275,0.06526412319125065,0.065499566690049,0.033237148300930795,-0.0008652469048977136,-0.00011238792014485501
24.15900444984436,0.01481836465036786,0.06540031768514883,0.06546609543588519,0.03303896818717518,-0.0011254364282051283,-0.00011241899341144546
24.18206286430359,0.015017674556537765,0.06553529651151731,0.06542730671439648,0.03283922288506883,-0.0013847592685809478,-0.00011244668655206548
24.203001499176025,0.015217571109873018,0.06566907214637391,0.0653819440733977,0.03263893789256578,-0.0016625492535152367,-0.00011247134060362281
24.226057767868042,0.015421848207925758,0.06580286723423667,0.06532937554278223,0.03243620355355435,-0.0019550219765165186,-0.0001124932836576479
24.247645616531372,0.015636359735953637,0.06593552362860626,0.06527026423054522,0.03223218693639955,-0.002259257864216666,-0.00011251283540307867
24.269506692886353,0.015849100000703793,0.06606574891726089,0.0652037477798889,0.03202970620294622,-0.0025660395693413215,-0.00011253027047470418
24.291810274124146,0.016063917734482798,0.06619398602996826,0.06513163341956538,0.0318308367643794,-0.002883986572387631,-0.00011254536296897282
24.31464433670044,0.01627241774913763,0.06631899379207598,0.06505626832273222,0.03163538957980194,-0.0032120758548808063,-0.00011255820166245673
24.336219549179077,0.016477784085056332,0.06644282986307888,0.0649748136967908,0.03144271560769348,-0.0035502032414452944,-0.00011256920530136331
24.358834743499756,0.01667448665513285,0.06656524158091798,0.06488694496157678,0.031249991187076782,-0.00386466282649872,-0.00011257881806672137
24.380500078201294,0.016867485401328892,0.06668541164379312,0.06479199670851657,0.03105601391285151,-0.0041610264655632286,-0.00011258752887287559
24.40472722053528,0.017062660969579573,0.06680241424422981,0.06469187936664518,0.030860424711093275,-0.004441436689764962,-0.00011259535399342834
24.427700757980347,0.017262156015993752,0.06691595501781405,0.06458806784864388,0.030662101663068857,-0.004715093084152052,-0.00011260229630627683
24.45061683654785,0.01745727103738046,0.06702729020553129,0.06448160741214011,0.03046154005786045,-0.0049888929115586185,-0.00011260799673646423
24.47304344177246,0.017645134381356536,0.06713649789724999,0.06437275661037356,0.030259114948195432,-0.005261505963530919,-0.00011261253679151766
24.496063232421875,0.017835332258556588,0.06724247531633486,0.06426166711232449,0.03005432425549331,-0.005564929068942772,-0.00011261635114471821
24.51952028274536,0.018033171959324103,0.06734566082288633,0.06414867744638213,0.029846686963728896,-0.0058845161912959385,-0.00011261949293728889
24.541632175445557,0.018233246975245372,0.0674466808997124,0.0640330443981912,0.029636811172397273,-0.006197071804108395,-0.00011262198077769207
24.56370973587036,0.018433770664294188,0.06754651192368424,0.06391363374200351,0.02942550784251445,-0.006496800262296221,-0.00011262385231097426
24.5865421295166,0.018642163073986043,0.06764457318993375,0.06379145676812427,0.029213649418802497,-0.006781302440262275,-0.000112625164571855
24.608099937438965,0.018841784563761704,0.06774166762326296,0.0636690839577217,0.029002418187798168,-0.0070553357389335275,-0.00011262532347571751
24.631072998046875,0.019050393343777727,0.06783776037216217,0.06354372425283933,0.028791741756978326,-0.007348229800244001,-0.00011262509954071457
24.65202522277832,0.019259648545630243,0.06793427300092124,0.06341604094416238,0.028581347641212035,-0.007625878470985345,-0.00011262420955470423
24.67471694946289,0.019470723849035206,0.06803067976658941,0.06328545840562563,0.028369572627524636,-0.007891315887789411,-0.00011262307808945088
24.696498155593872,0.019686109121791865,0.06812786288021197,0.06315216066061116,0.028154990514530628,-0.008146489600216017,-0.0001126217136514262
24.717890977859497,0.01991631486238999,0.0682258020137372,0.0630168982323537,0.027939538048736185,-0.008397981878473015,-0.00011262004421050299
24.740000247955322,0.020159885242263385,0.06832411770319267,0.06288120448089377,0.027693952103428676,-0.008655381437128191,-0.00011261981934929394
24.762826442718506,0.02039995738348723,0.06841987230186115,0.06274511001440285,0.027453721083507895,-0.00890831153352102,-0.00011261885578121572
24.784409523010254,0.020637208884931178,0.06851430123807359,0.062605664308641,0.02721188554849552,-0.009155167368662667,-0.00011261797162671628
24.807176113128662,0.02088966176940806,0.06860860481415348,0.06246455184201779,0.02697254379322461,-0.009396455332188615,-0.00011261662695798497
24.828364610671997,0.021146681991606353,0.06870346015230032,0.062325206690905834,0.026729195370358144,-0.00963393773920422,-0.0001126146723755156
24.85135817527771,0.021416644527457618,0.06879841499741621,0.0621895944363534,0.02646878938974543,-0.00987292069194611,-0.00011261294088860281
24.87265157699585,0.02169653689605717,0.06889425794452504,0.06205522077965886,0.02619152662764658,-0.010109583945659221,-0.0001126115951466929
24.894644021987915,0.021960150649909544,0.06899138796931414,0.06192262692199964,0.025920824656455402,-0.010356054791858733,-0.00011260876276066002
24.91737127304077,0.022209322988957593,0.06909035054739324,0.0617905823014512,0.025641310953194805,-0.010602861856532166,-0.00011260584684335194
24.939831018447876,0.022455571408201824,0.06919049386976855,0.06165801027063039,0.025364465954009093,-0.010856393970790268,-0.00011260253104686865
24.962550401687622,0.022699974004949715,0.0692920588872162,0.06152453511821909,0.025084827271676793,-0.011102895578981115,-0.00011259930738969487
24.98433566093445,0.022961326551033407,0.06939415743778701,0.06139086550778582,0.024818778683654757,-0.011344499135926498,-0.00011259536976105077
25.00730013847351,0.023227702593591314,0.06949671420983693,0.061256360897443164,0.024545066227764974,-0.011605405044535015,-0.00011259225040690692
25.02854347229004,0.023483764661008072,0.06959880363966744,0.0611216785897032,0.024281325771763958,-0.01187464660033106,-0.00011258865601959349
25.05089235305786,0.023721567312160307,0.06969958680771533,0.060985806207421604,0.02402775160896071,-0.012143617180692914,-0.0001125849310444591
25.07371687889099,0.023944365907159024,0.0697986353103422,0.0608502936209106,0.02376244217926676,-0.012426010773731505,-0.00011258240025055232
25.095380067825317,0.024184635722334234,0.06989668645900031,0.06071499287726789,0.023505965862019727,-0.012694466988550902,-0.00011257973364959307
25.118122100830078,0.02442666803823074,0.06999465958671199,0.06058065459721099,0.02325745275574854,-0.012953129775070987,-0.00011257667434112875
25.139899730682373,0.02468371814692492,0.07009270307774679,0.0604482443231219,0.0229826262188789,-0.01320340795714418,-0.00011257543549134445
25.16270399093628,0.024947576893200273,0.07019091133597784,0.06031697080498362,0.022678126523810287,-0.013446888403239541,-0.00011257590084816882
25.18412971496582,0.025205616752218274,0.07028797602837972,0.06018625016227087,0.022338203292100508,-0.013683520314326273,-0.00011257826232271862
25.205629348754883,0.025466824272681682,0.0703855452817992,0.06005593149186447,0.02197390044994172,-0.013916649254512735,-0.00011258124137893294
25.22775673866272,0.025718601531395095,0.0704827330456589,0.0599231995042475,0.021624312951691545,-0.01416547932173192,-0.0001125826563745701
25.250653982162476,0.02595963009778053,0.0705785959437487,0.05978866084677272,0.021283444225957657,-0.014426923500252924,-0.00011258323784486139
25.273181438446045,0.02619101575974717,0.07067455144256124,0.05965522591788627,0.02096806574785808,-0.014680561257340019,-0.00011258148237638226
25.294576168060303,0.026429117736467386,0.07076980201037907,0.05952259728685426,0.020670979143934252,-0.014928136727865962,-0.00011257864035652527
25.316091537475586,0.026665493190228002,0.07086261039405155,0.05939011468700593,0.02039253653205041,-0.015173621204040111,-0.00011257524989917309
25.33882474899292,0.026902353473984564,0.07095360565555599,0.059256295107184616,0.020127886779201343,-0.015413746938148018,-0.0001125718966877771
25.359835147857666,0.02713637194344665,0.07104413989654494,0.05912056116527497,0.019873657466995747,-0.015651424803111772,-0.00011256866888870858
25.382203817367554,0.027351484123293697,0.07113284889118839,0.058982727909487456,0.019628091516287707,-0.015885738942356266,-0.00011256580811511129
25.404823064804077,0.027550295539008188,0.0712202102220169,0.05884294358801553,0.01938657905552172,-0.01611682696723675,-0.0001125634913047218
25.426969289779663,0.0277344405766248,0.07130546896781079,0.05869987439214807,0.019133653564551267,-0.016345094389615678,-0.00011256292325991248
25.449212312698364,0.027909057631287076,0.0713881745463607,0.05855243646194262,0.018865411723236036,-0.016575762481533394,-0.00011256426070418638
25.47055411338806,0.02807696465918362,0.07146739281611836,0.0583991615572792,0.01860502318388055,-0.016809934145590007,-0.00011256602173497403
25.493037223815918,0.028240027872126833,0.07154384348200134,0.05824166282932172,0.018354123497162755,-0.017041791454012332,-0.00011256767129744364
25.51542615890503,0.02840508881093996,0.0716158976562426,0.05808100509001605,0.01810969935615984,-0.017271697269677054,-0.0001125695633910845
25.537561893463135,0.028589586516976573,0.07168417497643045,0.05791678406142254,0.017839245951424547,-0.017502701199368188,-0.00011257375179043545
25.559536695480347,0.028775927479881,0.07174884788830191,0.05774914445941591,0.017571646456767342,-0.017746004274629135,-0.00011257771559955223
25.583061933517456,0.028972581612250258,0.07181292330212594,0.05757559329496305,0.017298240943697737,-0.018003866413063722,-0.00011258192502309574
25.605020761489868,0.029160798863400977,0.0718753210747094,0.05740025137680747,0.017009778668363024,-0.018276352662256787,-0.0001125863003492644
25.626949548721313,0.029338447041015014,0.0719341314842196,0.057223319430706146,0.016723524043697403,-0.018549081648711586,-0.00011258992753974804
25.64856791496277,0.02950754272233372,0.07199037100046388,0.0570462178646509,0.01643960233417603,-0.01882953725870823,-0.00011259256017186343
25.671236515045166,0.029669585083763234,0.07204270737416572,0.056868251494334485,0.016169987015259416,-0.01910082761051646,-0.00011259393800252346
25.692086696624756,0.02982587949803495,0.07209246134344238,0.05668917894408003,0.01591080866564647,-0.019358883838519875,-0.00011259437581981648
25.714094400405884,0.029977446699243397,0.07213952235705869,0.05651001861997418,0.015661126229136815,-0.019607481527784517,-0.0001125940032054355
25.736176252365112,0.030125329632470537,0.07218393095114668,0.05633123772787121,0.015420252130629088,-0.019848282277335344,-0.00011259297126318539
25.758796453475952,0.030269509960699232,0.07222659660513854,0.056155686462378805,0.015186682506316818,-0.020082718984938755,-0.00011259098372946246
25.782152891159058,0.030412957121966632,0.0722663626603683,0.055982666601182014,0.01495874965380187,-0.020311171829513346,-0.00011258867147623621
25.803260326385498,0.030556407706229534,0.07230305045052239,0.05581188252229972,0.014734216225505397,-0.02053693751676419,-0.00011258634757062297
25.82653832435608,0.03070776166484915,0.07233580582431215,0.055642609835554774,0.014512590872906126,-0.02076235656803804,-0.0001125843760581768
25.848024606704712,0.03085744340531132,0.07236617293691999,0.055477466233985945,0.014295478667732215,-0.02099024345211431,-0.00011258192723643375
25.869463205337524,0.031006119751437067,0.07239428722022005,0.05531742056053316,0.01407892460735988,-0.021215802477687527,-0.00011257922948733202
25.891523838043213,0.031169149696338563,0.07242038101643805,0.05516025651044123,0.01386244435040466,-0.021438430259139198,-0.00011257679476091932
25.914488315582275,0.031344037131676675,0.07244390162866583,0.05500240448651944,0.013646633802140295,-0.021657777618183792,-0.00011257512792271424
25.935703992843628,0.03152395899510235,0.07246608649684161,0.05484333202846937,0.013423316598587342,-0.021875008999631892,-0.00011257442894887994
25.95852041244507,0.03169611903465326,0.07248808394185978,0.05468246060670355,0.013174646634740989,-0.022088749118064754,-0.00011257542081869648
25.980178356170654,0.031860875513994656,0.07250882233126214,0.05452115551704766,0.012932171764381113,-0.022300652164050184,-0.00011257575594721571
26.002912282943726,0.03202062858064854,0.07252738417273612,0.054359891693561806,0.012688862444455303,-0.0225121190755516,-0.00011257610240102441
26.024332284927368,0.032176580170256895,0.07254383044256871,0.0541978261215171,0.0124349093676358,-0.022721607691021842,-0.0001125771834737466
26.04627299308777,0.03233189856775013,0.07255928309018028,0.05403561538152666,0.012190168759006689,-0.022931017503887943,-0.00011257734994590957
26.06846594810486,0.03248497743022228,0.07257545701054885,0.05387535763163153,0.01193342569987381,-0.02314195548042031,-0.00011257753731934798
26.09122109413147,0.03264304483880535,0.07259231136933178,0.053716172301973925,0.011678402659084394,-0.023353038943319523,-0.00011257706802990078
26.11430788040161,0.03281310545202324,0.07260674755046141,0.053558505833338085,0.011405982356530238,-0.023562758962236818,-0.00011257776334217128
26.13523244857788,0.03297805058178388,0.07261916840787484,0.0534005102955685,0.0111156320090619,-0.023773946286725287,-0.00011257946403135983
26.15756320953369,0.03314324325880289,0.0726303860060563,0.05324159078048912,0.010839213906092528,-0.023986172476172907,-0.0001125799470366731
26.179519414901733,0.03331230122125729,0.07264126903915068,0.0530812796498389,0.010563129810103376,-0.02419936800641362,-0.00011258026129613888
26.20125722885132,0.03347598323457945,0.0726523270224395,0.05291905131516262,0.010294642649702725,-0.024414485457329115,-0.00011257990127090896
26.222694158554077,0.03363573186274879,0.07266236880472128,0.05275768986753604,0.010032949998655427,-0.024628127664859997,-0.00011257887483035893
26.245734453201294,0.03379159252885867,0.07267059247936945,0.05259724523873909,0.009772388693129169,-0.024840492067791587,-0.00011257780705370749
26.267308473587036,0.03394245617411516,0.07267657032306557,0.05243428203897557,0.009516326020175435,-0.025052934070614458,-0.00011257704585499218
26.290653467178345,0.03408914673610269,0.07268065282089144,0.0522674191341064,0.009232747845457676,-0.025266959752645545,-0.00011257868270343664
26.311646223068237,0.03423155590000456,0.07268436165225435,0.05208467869300104,0.008954680827093813,-0.025493521499642825,-0.00011258155873188671
26.333820343017578,0.03437029836859714,0.07268675475157022,0.05190115475089537,0.008690067376741946,-0.025719254583282506,-0.00011258294778673568
26.356046676635742,0.03450519766472552,0.07268815344120447,0.05171336027862822,0.008436603675748904,-0.025944041063853094,-0.00011258371038808247
26.377476930618286,0.034635116165565555,0.07268770936261439,0.05152718442855207,0.00819056161621346,-0.02617096153461478,-0.00011258350627652511
26.399677515029907,0.03475984794463489,0.07268525907271317,0.051345233676565766,0.007951363264830869,-0.026410995757033966,-0.00011258223461464612
26.428119897842407,0.03488028035973319,0.07268173681914902,0.05116523693707677,0.007711298982005198,-0.026646410376726628,-0.00011258078832385226
26.454983472824097,0.0349971493745349,0.07267562893993713,0.050984609519025684,0.007456127306107614,-0.02689626121405581,-0.00011258071617834032
26.47768473625183,0.03511077895190254,0.07266723152611443,0.05080553803745735,0.0072086082277403275,-0.02715852353340323,-0.000112579968601696
26.505566358566284,0.03522326456575704,0.07265568700926227,0.05062620427208482,0.0069613858944031675,-0.02743763357505575,-0.00011257955848514482
26.52927827835083,0.035332555467931605,0.07263995708494475,0.05044611115686877,0.006707247720626128,-0.027705543061671146,-0.00011258009219520017
26.553645610809326,0.03543935495514966,0.0726220444829971,0.05023843514116268,0.006450806806635006,-0.02796863423621524,-0.00011258448778913503
26.578001499176025,0.03554465538365051,0.0726006777296259,0.05001218913079297,0.006201923505106747,-0.0282228545025761,-0.00011259023977783015
26.60299062728882,0.03565107136542805,0.07257861972334699,0.04976297695727486,0.005956909976488802,-0.028465543502559035,-0.00011259741592325832
26.627383708953857,0.03575726148409596,0.07255543440295607,0.0495084482838948,0.005699208779897813,-0.028699144323322684,-0.00011260427368201739
26.657095193862915,0.035864170281485225,0.07253031757595427,0.0492530764651521,0.005417783337627704,-0.028925324546045884,-0.00011261098952036445
26.685120344161987,0.03597154490918247,0.07250393794497023,0.04900542841643313,0.005138586414085927,-0.0291447781832688,-0.00011261458343661124
26.71159529685974,0.036079228450820656,0.07247562494613612,0.048771246384517304,0.004844200918015019,-0.029356572246827924,-0.00011261604289236671
26.734678506851196,0.03618644790264064,0.07244476148627785,0.048540883410430995,0.00455263743631539,-0.029563326705903163,-0.00011261608796582082
26.75857162475586,0.03629257360829757,0.0724091700109844,0.048308235414606104,0.0042351988356910545,-0.029765974155265263,-0.00011261798756647537
26.781611442565918,0.036398585668899426,0.07236788951080592,0.048065175603487685,0.003938389355698239,-0.029964688830772673,-0.00011261971715597793
26.81274652481079,0.03650402882197762,0.07232248326873801,0.04783593051937654,0.003659074374273983,-0.03015992135298576,-0.00011261787453816253
26.842142820358276,0.0366097014958887,0.07227287723254626,0.04761597835116548,0.003392981280382809,-0.03035372898064695,-0.00011261412788316612
26.865158081054688,0.03671565836606491,0.07222235050574026,0.04739039140234072,0.003136531871361314,-0.030546408878319917,-0.00011261069217483139
26.887462854385376,0.03682289372905094,0.07217031566652563,0.047156404774991244,0.0028578613044303552,-0.030739361784805002,-0.00011261002724624066
26.91213345527649,0.0369311080537155,0.072115442702451,0.046915930006208764,0.0025755218245797048,-0.030931368106469966,-0.00011261035998477508
26.9375319480896,0.03703974374466886,0.07205605069755715,0.046661164902241585,0.002307259783981692,-0.031125711960157176,-0.00011261171645917925
26.95975136756897,0.037148836406937016,0.07199234832949607,0.04639568736438056,0.0020493198685673365,-0.03132135151054517,-0.00011261357539096808
26.981297254562378,0.037256247680462595,0.07192483180707034,0.04612214420941594,0.001787919881547161,-0.03151711729137405,-0.00011261620796690737
27.003795862197876,0.037363193264119916,0.0718530833245005,0.04586229138154926,0.0015356171088417936,-0.03171071011449126,-0.0001126156959184025
27.02558159828186,0.037469518286863,0.07177766636490894,0.04561849266004859,0.0012674209551635058,-0.03190189558447722,-0.00011261383369726089
27.048505783081055,0.03757486763798278,0.07169742793942424,0.045378430017622484,0.000996289463985651,-0.032089462574289206,-0.00011261200107537071
27.06973624229431,0.03767926012496137,0.07161316990377548,0.045131391022022294,0.0007319607932479476,-0.03227432475533669,-0.00011261096707204932
27.091145753860474,0.03778457609404878,0.07152581600757821,0.04486767392061351,0.0004567970187608179,-0.03245905805485079,-0.00011261289910226992
27.113492012023926,0.03789175809234501,0.07143609549608369,0.044582498470145504,0.0001904766447266452,-0.03264130776599742,-0.00011261648977787099
27.136412858963013,0.03799945674514591,0.07134358968535084,0.04429970982459854,-6.62891475146825e-05,-0.032819483713878474,-0.00011261805705818664
27.158465147018433,0.038108526913311146,0.07125010276288339,0.04403469695546205,-0.00034610897668888675,-0.03299450369180519,-0.00011261761973771729
27.18026900291443,0.0382179808200643,0.07115676246690751,0.04377666902183296,-0.000642576858199744,-0.03316462248400914,-0.00011261650339192447
27.202705144882202,0.038327661169114284,0.07106402676249203,0.043534035819011746,-0.0009341037624913863,-0.033334684161257296,-0.00011261227349550093
27.224809408187866,0.038436737640553824,0.07097043975908404,0.04330347728831259,-0.001210085673012611,-0.03350515984200935,-0.00011260564670764326
27.24633264541626,0.038547108489403556,0.07087580541001669,0.04306485162188083,-0.00147384486951148,-0.033674950052796235,-0.00011260025071274557
27.268108129501343,0.03865891499557404,0.07077966895465888,0.042813818851601536,-0.0017282107572350312,-0.03384269921796837,-0.00011259675999262793
27.29064702987671,0.038771758389094135,0.07068163533667991,0.042578482848053184,-0.0019906107868577906,-0.03400646833402135,-0.00011259208608885505
27.31294322013855,0.03888483755825643,0.07058261331097015,0.042356111047440526,-0.002243393294833074,-0.03416651695320691,-0.00011258566053632339
27.335051774978638,0.038997102644388305,0.07048314776926096,0.04214417235126376,-0.0024870266982986965,-0.03432293521529876,-0.00011257821533662094
27.357099771499634,0.03910984653700794,0.07038333683930693,0.0419380185870311,-0.002727483675929831,-0.03447871330107618,-0.00011257107373050219
27.379329919815063,0.039221608408747485,0.07028426958017603,0.04173665314726694,-0.0029616823196677183,-0.0346322417220239,-0.00011256403311118225
27.40163803100586,0.03933193299588808,0.07018556972531531,0.041538393933796866,-0.0031924194450791733,-0.03478396296332229,-0.00011255763355695381
27.42288327217102,0.03943893614909211,0.07008735415310438,0.04132668323290188,-0.0034206200317561915,-0.034932853133383894,-0.00011255415154816546
27.444706916809082,0.039543735869098685,0.0699872001422924,0.04112075047877868,-0.0036610637218298693,-0.03507852185290808,-0.00011255168962214932
27.467026710510254,0.03964375240418946,0.0698843772573659,0.04091708174596244,-0.003895833960211268,-0.035221234975944184,-0.00011254953564492365
27.489405870437622,0.03973826149519124,0.06978064977587033,0.0407189896556594,-0.004126743717060291,-0.035362002728929406,-0.00011254702529344733
27.51137900352478,0.0398291035733216,0.06967875703399774,0.04052549262641823,-0.0043532874373519055,-0.03550039238234014,-0.0001125439515943359
27.53341579437256,0.03991816128205708,0.06957658344851772,0.04033470859412791,-0.004576610021576276,-0.035635573054218765,-0.0001125411552909201
27.556305408477783,0.040005892736905475,0.0694732452928976,0.04013087353121279,-0.004797848914878911,-0.03576944277545418,-0.00011254101851216744
27.578275442123413,0.040090951683010696,0.06936844967830612,0.039896662990212134,-0.005031133246050189,-0.03590483485379022,-0.00011254632003041734
27.59947180747986,0.04017403858516131,0.0692642982172505,0.03963161906839974,-0.005281183243204059,-0.03603982189306038,-0.00011255590717137353
27.6212100982666,0.040254936115233654,0.06916175228036904,0.03935349663393083,-0.005555289963246356,-0.03617643904560758,-0.00011256661337925333
27.64381217956543,0.04033413229847859,0.06905836338811265,0.03906143754802294,-0.00582426282240039,-0.036313186446461664,-0.00011257675073966697
27.66593289375305,0.04041232113425678,0.06895460058242041,0.038748727414718694,-0.0060940403142992206,-0.036449188617211116,-0.00011258753112738995
27.687841415405273,0.04048719800245227,0.06884920684241783,0.038444769292324786,-0.006352249367566526,-0.036587844210059464,-0.00011259400743519818
27.7096688747406,0.04055806749782756,0.06874283787143314,0.0381653622845562,-0.006600422928081985,-0.03672794359803979,-0.00011259476825587886
27.73126482963562,0.04062622219183388,0.06863511566587881,0.03787094918029546,-0.006836659490115335,-0.03686768086030575,-0.00011259640811183255
27.75423550605774,0.04069108045330388,0.06852685606089669,0.037595789870433584,-0.00706217933938666,-0.037006844896707185,-0.00011259391844826988
27.77538776397705,0.040752971555631394,0.06841580407743121,0.03731256840600572,-0.007279835257155082,-0.03714677382366697,-0.0001125925035026225
27.79719305038452,0.0408122287003884,0.06830378025925407,0.03704632403944322,-0.007492437304666642,-0.03728499185642053,-0.00011258838233289127
27.819225788116455,0.04086888339457076,0.06819186314265185,0.036774607442379904,-0.00770216453564181,-0.03742361660408155,-0.00011258524289623899
27.842129707336426,0.040924983273867004,0.06807855111816624,0.036507466251598494,-0.007911797510190633,-0.03756390565546325,-0.000112581963325415
27.86352300643921,0.04098188743080559,0.06796608003727025,0.03625035193564331,-0.008123104087288996,-0.037703846373816116,-0.00011257762929781787
27.88578987121582,0.04103993135539922,0.0678540139614374,0.03600230202485697,-0.00833527755913545,-0.03784393694455874,-0.00011257267110701334
27.90741539001465,0.0410967593900982,0.06774157694724606,0.035741527556436635,-0.008548703435163469,-0.03798510330198005,-0.0001125704334034893
27.93051314353943,0.041152801780182685,0.06762682245278188,0.03546953898342869,-0.008779802108401331,-0.03812533109659953,-0.00011257152013308606
27.954962491989136,0.04120878105140125,0.06750895410719092,0.03521515910713642,-0.009042863091531392,-0.03826195783310578,-0.00011257226696754034
27.97731590270996,0.04126151400483869,0.0673909608686696,0.03497625406256442,-0.009327110904422118,-0.03839512888698639,-0.00011257185686332116
28.000242710113525,0.041311550458711814,0.06727073824510606,0.03474316749763486,-0.009602910256645945,-0.03852489729382556,-0.00011257035706385083
28.02248764038086,0.04135929498999715,0.06715097926263303,0.03450140640873829,-0.009867288001574707,-0.03865465812445545,-0.00011256941124568803
28.044109106063843,0.04140633816401083,0.06702981867050294,0.03426305679476599,-0.01012749252466163,-0.03878552424607213,-0.00011256800573029946
28.065417528152466,0.04145199175352567,0.06690636754024869,0.03403407698497765,-0.010378929322919965,-0.03891754249528925,-0.00011256527660136634
28.088428020477295,0.041496544541632124,0.06678047959272178,0.03381475831937087,-0.01061968246134884,-0.03904849215163268,-0.00011256139804780026
28.109955072402954,0.04153974444357739,0.06665154551406581,0.03358968195727609,-0.01085395187082617,-0.03917865709926009,-0.00011255915335858313
28.13171935081482,0.041582332233302446,0.06651937658246444,0.033357603812189364,-0.011086596109751629,-0.03930505889941311,-0.00011255875200158236
28.157397270202637,0.04162592498868794,0.06638482602247804,0.033135671599489845,-0.011325080531581407,-0.039426985275538284,-0.00011255779050191812
28.187746047973633,0.04166863950684651,0.06624916665536514,0.03292313511009276,-0.011559561553032664,-0.039543885098822146,-0.00011255566909475444
28.221318006515503,0.04170960295613243,0.06611275313972288,0.03271400806204077,-0.011802559239589037,-0.03965758117426105,-0.00011255420372805974
28.254166841506958,0.04174899210980256,0.06597608311425976,0.03248268523257524,-0.012038105606114914,-0.03976661627782665,-0.00011255575523578943
28.285409450531006,0.04178641040093717,0.06583829196555721,0.03224725014832702,-0.01226761188784022,-0.03987448695883118,-0.00011255740108552033
28.316314220428467,0.04182499039619822,0.06569005996026524,0.032022304884542295,-0.012492177672953122,-0.03998125650144591,-0.0001125586470004229
28.349382400512695,0.04186277893910324,0.06553459819436078,0.031806787917860256,-0.012713557821942209,-0.04008745356941748,-0.00011255929058532322
28.38221526145935,0.04189905616334554,0.06538099582263078,0.03158652366913748,-0.012931373082472523,-0.040194782663304215,-0.00011255994196688334
28.410330772399902,0.04193363428700088,0.06520703534373919,0.031366487685964346,-0.013148297786155306,-0.040303160171030285,-0.000112563588458327
28.43444585800171,0.04196530383613529,0.0650083863876854,0.031154448170609167,-0.013364616125674907,-0.04040930550897923,-0.0001125691860757573
28.465202569961548,0.04199340453724493,0.06479724576389002,0.030949254804196073,-0.013579317765090576,-0.04051328003605629,-0.00011257441800065409
28.49635148048401,0.04201826640488201,0.06457534187920275,0.030751097084500547,-0.013793057438055917,-0.040616946914454694,-0.00011257903155007254
28.520477056503296,0.04204103674792899,0.06435777307678328,0.03055701448117758,-0.014007461741689,-0.04071980616969632,-0.00011258121935042243
28.5449538230896,0.042060459713718336,0.0641536447589295,0.030358502936943053,-0.014221991021769444,-0.04081956668797451,-0.00011258114040034852
28.56708335876465,0.04207699189795119,0.06396208439417375,0.03015985098834788,-0.014437378509542131,-0.04091534518487659,-0.00011257885341817871
28.590214014053345,0.04209007231744974,0.06378034865237728,0.029954920617645302,-0.014683593765355307,-0.0410079769723723,-0.00011257799629893628
28.611456632614136,0.04209973486856882,0.06359990417294682,0.029737212092660465,-0.014933573552986523,-0.041097661775537864,-0.0001125788513807907
28.633484840393066,0.04210715115324179,0.06340385969593793,0.029510465078085066,-0.015175552859150336,-0.0411858373943516,-0.00011258249037830639
28.65518879890442,0.0421136769429903,0.06319608022808165,0.029271670200852976,-0.015410985043884122,-0.04127077423887645,-0.00011258820162046532
28.67742419242859,0.04211833464137263,0.06297428789579482,0.029012974796570123,-0.015642627802128772,-0.04135424474831467,-0.00011259709817219163
28.700037240982056,0.04212032079764434,0.06274547141660505,0.028749878196371006,-0.015879709831793123,-0.041436000637307256,-0.00011260572195240697
28.72151207923889,0.042120308342990125,0.06250856882080338,0.028485306380299363,-0.016129797625818232,-0.04151563750101504,-0.00011261425290108567
28.743229150772095,0.04211761699060999,0.0622647684086685,0.028233567067635437,-0.016387428158337627,-0.041592998449874276,-0.00011262007558118091
28.766500234603882,0.0421117435201603,0.062014739257873104,0.02799724956390926,-0.016647406637643594,-0.04166910145390982,-0.0001126228713891981
28.78801393508911,0.042103007839499884,0.06177209238886867,0.027772121788765387,-0.016896319261841857,-0.04174353151127314,-0.00011262081565801905
28.810693740844727,0.04209211936022285,0.061547936294923604,0.02753085951931897,-0.01713662186983658,-0.04181642362055456,-0.0001126171161173028
28.832683086395264,0.042077140195131604,0.06133892358439952,0.02727712626315246,-0.017370807056561143,-0.04188816524131493,-0.00011261232319410537
28.855792999267578,0.042059246994603144,0.06112852511374645,0.027010658167525473,-0.017599552230782578,-0.041958409028023655,-0.00011260943519820433
28.877086639404297,0.04203834307228748,0.060906550027354615,0.026741571764129484,-0.017822191872648704,-0.042028769133559796,-0.00011260827325832457
28.898823499679565,0.042015818827650035,0.06067256711766119,0.0264820334789048,-0.018042430097169826,-0.04210144963938224,-0.00011260712552361745
28.92124629020691,0.04199144705323481,0.06043432471108805,0.026217738600170046,-0.018260526573367918,-0.042178632194157774,-0.00011260677494910719
28.943546533584595,0.0419640276755868,0.06018991330690143,0.025947465373687993,-0.018478608035655195,-0.042260629348394606,-0.00011260765948861433
28.964784622192383,0.04193410349142727,0.05994972471777304,0.02568062144966313,-0.018709189430065262,-0.042346660957221276,-0.00011260735076663219
28.987494707107544,0.0419025737262792,0.059689908349445396,0.025431103219379858,-0.01894513981447697,-0.042436044667267,-0.00011260751344000023
29.00921869277954,0.04187071106012097,0.059427900432495406,0.025195415516642162,-0.01917761203240992,-0.042525062482842525,-0.00011260522822166686
29.03191304206848,0.04183830871650889,0.0591857813433668,0.024962462674874165,-0.01940701291327413,-0.04261430258851656,-0.00011259908999156617
29.052961826324463,0.041806101016133905,0.0589409446397527,0.02473961296048624,-0.019633041852845742,-0.04270229757818808,-0.0001125925204362737
29.074321508407593,0.04177371890127692,0.05870859112995359,0.02450418519155666,-0.01985600371542181,-0.04279208833358043,-0.00011258644927695472
29.096079349517822,0.04174029658523953,0.058492852799988455,0.02423718521817916,-0.020075173926664722,-0.04288251886890052,-0.00011258278450936046
29.11923360824585,0.04170490431089055,0.05827146030296436,0.02398746374683093,-0.02029261585312538,-0.042973426781924284,-0.00011257796396517685
29.14010000228882,0.04166673709294681,0.058059573303374586,0.023752488465744445,-0.020509622461072314,-0.043066238906964954,-0.00011257031313071254
29.16275429725647,0.04162737790135969,0.0578600296840594,0.02352970751442856,-0.020729581370937146,-0.04315951736198528,-0.00011256064476864878
29.1841561794281,0.0415854412680316,0.057670747337807735,0.023313493199154028,-0.02094550156925525,-0.04325178800271992,-0.00011255016653467902
29.207145929336548,0.04154215233016708,0.0574908935158579,0.02310058573213248,-0.02115989624609166,-0.04334148898200429,-0.00011253993902979434
29.22801423072815,0.041497118160335494,0.0573168662227714,0.02289388799747298,-0.021372577367575293,-0.0434297736288635,-0.00011253020502672838
29.249847173690796,0.041449774688530575,0.057145356494675816,0.02268733866731061,-0.021581820217881045,-0.04351466167666504,-0.00011252224994665894
29.27204203605652,0.04140088968020427,0.05697791642756122,0.022479101700521958,-0.021786638725443674,-0.0435966788958585,-0.00011251577252191229
29.29483199119568,0.04135158241104946,0.056802667121318415,0.0222407318597343,-0.021986080038290053,-0.0436764976138939,-0.0001125163356769846
29.31595754623413,0.041300309422961735,0.05660363414145936,0.021977769118216632,-0.02218180771242445,-0.04375291439202785,-0.00011252434838288115
29.338669061660767,0.04124810019913157,0.056376936248291,0.02169305217411371,-0.022373586812719864,-0.043825759321606116,-0.00011253839389763819
29.36035943031311,0.04119684441285485,0.05612303787280291,0.021404986065612773,-0.022562153538790604,-0.04389262303637726,-0.00011255448374935109
29.383201122283936,0.04114709094263173,0.05584619722602871,0.02113092078293372,-0.022749570387073148,-0.04395455969669586,-0.00011256903394113663
29.40436339378357,0.04109851308305418,0.05556165472246905,0.020876337348481863,-0.022935656617289003,-0.0440130996901048,-0.00011257897174737146
29.426106214523315,0.04104929886320063,0.055290018076465906,0.02063743206346464,-0.02312168315100822,-0.04406909990782412,-0.00011258243098075591
29.448402404785156,0.04099928974232079,0.05501918110313312,0.020411037466022117,-0.023310544843108693,-0.04412289710794908,-0.0001125832278890436
29.471248865127563,0.04094805925812706,0.05475883880320541,0.020178993579393484,-0.023500383445480433,-0.04417435106567507,-0.00011258275813783043
29.493009090423584,0.040894164970130854,0.054492148207258374,0.019949907194605623,-0.02369212023280113,-0.04422298648249149,-0.00011258281069605277
29.515419483184814,0.0408389713976549,0.054244101238490626,0.019707858176081144,-0.02388673568754835,-0.04426698190546578,-0.0001125815968662715
29.53756046295166,0.04078360838307355,0.05400096360540555,0.01947601265707321,-0.024081902063878984,-0.044305517431261106,-0.00011257822230809044
29.56014585494995,0.04072817233595627,0.053764372135528156,0.01924669311642461,-0.024275572061273693,-0.04433996063601334,-0.00011257385354731275
29.581400156021118,0.040672203126573644,0.05354234776425073,0.019011224437879688,-0.02446816338844015,-0.044367397568116376,-0.00011256870829327503
29.60315179824829,0.04061414547462999,0.05331806301946274,0.018770486959111144,-0.024656194569119556,-0.04438861168061806,-0.00011256533171755812
29.626195192337036,0.04055310352473227,0.0530923902325046,0.018532787320516293,-0.024837879479180616,-0.04440565661588576,-0.00011256200030478331
29.647613763809204,0.04048974799301094,0.05285457357117222,0.018296120936272853,-0.02501496062570905,-0.04442261495861895,-0.00011256084823890631
29.669493913650513,0.040424837008981786,0.0526102507853495,0.018039171714751324,-0.02518612591556104,-0.044438430121076775,-0.00011256343215528847
29.691284894943237,0.04035983553730744,0.05235232041862349,0.017785324892926824,-0.02535329542922767,-0.044452826724370204,-0.00011256696927520733
29.71268916130066,0.04029439119001107,0.052101418601106314,0.017527862540167825,-0.025517815348077566,-0.04446593024816032,-0.00011256895866761641
29.735488414764404,0.04022731427707356,0.05184869115272077,0.017270277959061213,-0.025681160194955657,-0.04447757987650517,-0.00011257069242073105
29.756523847579956,0.040160662508843085,0.051608566862746036,0.01701380614017267,-0.025843806293823313,-0.04448406101474945,-0.00011256978823547762
29.778345346450806,0.04009383908904747,0.05137600009434928,0.016762105875754413,-0.02600373222288952,-0.04448613727202186,-0.00011256696023560726
29.800151348114014,0.040025560860299264,0.0511562551348985,0.016497646530237307,-0.02615879423243028,-0.04448489900291016,-0.00011256409282153352
29.822928428649902,0.039956699054973316,0.050950610149845345,0.0162149912988507,-0.02631080730113829,-0.044482829164896064,-0.00011256190561233216
29.844170570373535,0.03988685662310999,0.05074544331822932,0.0159232379563354,-0.026461175984907975,-0.0444807301330692,-0.00011256127295008309
29.866819143295288,0.039817380433249394,0.050513403381592575,0.015637634735376823,-0.026610921607072957,-0.0444772374060923,-0.00011256418320084063
29.888559103012085,0.03974756644361922,0.05025378286975465,0.01536628061139639,-0.026760163427334824,-0.04447236036302645,-0.00011256886413811566
29.911622047424316,0.03967676382879363,0.049965321737708776,0.015109718445083836,-0.026908635104953005,-0.04446608917067005,-0.00011257499323737659
29.933139085769653,0.039605967734656716,0.049659499946566515,0.014846425014555313,-0.02705417264257295,-0.04445596512812124,-0.00011258322854106398
29.95477056503296,0.03953346194591284,0.04934454764701375,0.014573307863573309,-0.027200064409682912,-0.04444237539891353,-0.0001125923434793595
29.977344036102295,0.039457913204899664,0.04904136731802282,0.014284517295190643,-0.027346490340565046,-0.04442470406754043,-0.00011259953254325243
29.99965524673462,0.03937922204860867,0.048748214684366395,0.013983705845007504,-0.027490672882774566,-0.044402505676040704,-0.00011260468814392428
30.02239751815796,0.03929767833382705,0.048466834969371965,0.013688635125087747,-0.027630578619610092,-0.04437437695841869,-0.00011260529300978764
30.043458461761475,0.03921342421596734,0.04817903936648712,0.013408537321535973,-0.027767093069009447,-0.0443372875339031,-0.00011260393075195163
30.064793348312378,0.03912452863124899,0.04788560321984529,0.013138909838398431,-0.027903099438047904,-0.04429468528215977,-0.00011260168899996961
30.087754011154175,0.039032049770248524,0.04759507539966298,0.012862442455655551,-0.0280375790107224,-0.04424865973308041,-0.00011259976862793979
30.109087467193604,0.038935056116914855,0.04729776334441954,0.012596784142567484,-0.028173528381930407,-0.04420004984757242,-0.00011259740070966594
30.131128549575806,0.03883389703646239,0.04700816101548536,0.01231971478763333,-0.02830858666244411,-0.04414766682037458,-0.00011259534830714482
30.15345311164856,0.03872746296567808,0.04670921494579715,0.012057369211204526,-0.028440466542734216,-0.04409192587905639,-0.00011259250431042545
30.175764083862305,0.03861612460007173,0.04640991639989607,0.011800048249293388,-0.028569441632624322,-0.04403600172091491,-0.00011258900969216587
30.197716236114502,0.03850217776131281,0.046106885106727356,0.011530346455655042,-0.028695698989298656,-0.0439808459265951,-0.00011258802541965885
30.21959924697876,0.03838685039808084,0.04580734866010191,0.011250445935029644,-0.028816933782796345,-0.04392588741445239,-0.00011258747023492309
30.240957021713257,0.03827035284260103,0.04550259103833973,0.010963514802728308,-0.02893401277879638,-0.043871756587784895,-0.00011258826344305693
30.263786792755127,0.038154441268522285,0.04520502167377141,0.010684930936262304,-0.029047653616661354,-0.043817263178659895,-0.00011258607943467681
30.284973859786987,0.038038698159775446,0.04493719574934059,0.010396175884954973,-0.02915946685328804,-0.04376441058895393,-0.00011258064670298646
30.306482553482056,0.03792334262458341,0.04469365396507325,0.010101998930571437,-0.029270184651237086,-0.04371303343820028,-0.00011257295948585504
30.328768968582153,0.03780677498657879,0.044468739279238896,0.009792213524132003,-0.02938008175893511,-0.043662369348565225,-0.0001125658982289943
30.351993799209595,0.03768796536375792,0.04422710363099712,0.00950876226902836,-0.029491671255054842,-0.043609430477571515,-0.0001125593704707325
30.374723196029663,0.037566798776996715,0.04396458285159861,0.009247096630135603,-0.029602025365742295,-0.043555907315155226,-0.00011255446402913861
30.395752429962158,0.03744464319086117,0.04369590471706225,0.009004361839701155,-0.029712642337448657,-0.04350072983958028,-0.000112549081053365
30.418806552886963,0.03732360150791744,0.04341997508789275,0.008769813858319694,-0.029823746503829258,-0.04344417296167849,-0.00011254508750970804
30.440412282943726,0.03720275067238368,0.04314150162314552,0.00854374820273934,-0.02993299062566951,-0.04338631757431144,-0.00011254131331433207
30.462236642837524,0.03708224862753197,0.04286177054274021,0.008320265352373235,-0.03004095230708755,-0.04332854460392217,-0.00011253841741709987
30.484456539154053,0.03696024726952686,0.04259382851818782,0.008104213599367657,-0.030148405851840598,-0.043271607791951085,-0.00011253355360620107
30.507285594940186,0.03683724679673303,0.04234062526465696,0.007891217728606494,-0.030254117181863188,-0.04321569718553913,-0.00011252725753097905
30.528316020965576,0.036711536224635556,0.042102173377672414,0.007678583339810343,-0.03035931007093764,-0.04315823625189089,-0.00011252034339828122
30.55148959159851,0.03656928162207945,0.04187327559114847,0.007447119668752583,-0.03046246714633575,-0.04309526803059821,-0.0001125163110664943
30.573158025741577,0.036418189502093676,0.04163907089453201,0.007215848045836892,-0.03056329935359029,-0.043025814313931134,-0.00011251439049317256
30.596004009246826,0.03626925561044834,0.04138868236354287,0.006990420911599116,-0.030660769850120784,-0.04295012935807797,-0.00011251514181934517
30.61711812019348,0.03612112597806775,0.04112552250101321,0.00676478157723604,-0.030754199361467133,-0.042871597759718674,-0.00011251825434649
30.638959407806396,0.03597409000393616,0.040860940637279415,0.006540715243155295,-0.030842681439588862,-0.042789961279998304,-0.00011252110248230414
30.66104793548584,0.035828291511597166,0.040619294290368486,0.006286922038401872,-0.0309258484034881,-0.04270622128415995,-0.00011252415809501751
30.683798789978027,0.03567919508137112,0.040363664097952466,0.006029253380448663,-0.031006379942379488,-0.0426199503313641,-0.00011252973805517755
30.705493450164795,0.035531920828942215,0.04010283205537134,0.00576803279226045,-0.03108649745043391,-0.042532842831797174,-0.00011253599379630292
30.727409601211548,0.03538526631293163,0.039838332727542815,0.005506713091273996,-0.031168857737867976,-0.04244532392645436,-0.00011254213692976915
30.749382495880127,0.03523901470802651,0.03958902170858894,0.005251678120702605,-0.031253843923745556,-0.04235980199149438,-0.00011254425509067456
30.772249221801758,0.035074372017275764,0.0393549764958119,0.0049930330982596565,-0.031340845407076864,-0.042276433226858014,-0.00011254431282434316
30.793376922607422,0.03491375423847152,0.0391169165353657,0.004737736319870617,-0.03143063546797545,-0.04219293755719292,-0.00011254505336977513
30.81556510925293,0.03474279371532047,0.0388627463487895,0.004473421820184904,-0.03152170132071422,-0.04210498747293813,-0.00011254974957613586
30.838576555252075,0.03457605301606538,0.03860298502852951,0.00419415360005128,-0.03161424211974303,-0.042013803644593534,-0.00011255681457852736
30.86007523536682,0.03441534510189821,0.03831468555538713,0.003926108340752139,-0.03170738027592609,-0.041920853218111336,-0.00011256563716185793
30.883015394210815,0.034259957880750334,0.03801572428392916,0.003668124665281032,-0.03180002837989912,-0.04182947832084054,-0.00011257299122828876
30.90423274040222,0.034110708960019755,0.03772313667537639,0.0034253523409224895,-0.031894598357861376,-0.04173910845643101,-0.00011257582015857644
30.92707586288452,0.033965206292308654,0.037449738786675846,0.003179133643481559,-0.03199067688395735,-0.0416520674337154,-0.00011257552110825171
30.948589086532593,0.03382227433885393,0.03717887400374141,0.0029302507169645608,-0.03208473957313083,-0.04156889604370067,-0.00011257504140123509
30.97016954421997,0.03368005434388877,0.036917586118541616,0.0026959961169979404,-0.03217685723792533,-0.04148913668880973,-0.00011257090077117965
30.99194574356079,0.033539032011633586,0.0366512955777283,0.0024751409531768393,-0.03226514475073046,-0.04141114544076415,-0.00011256627350958326
31.014786958694458,0.03339921984698469,0.036398746807593696,0.0022626881819820554,-0.032348846648064415,-0.04133435123605133,-0.00011255899710411026
31.03672456741333,0.033259940868993074,0.036151227086708815,0.0020505490782153444,-0.03243143924407719,-0.04125916936439818,-0.000112552428216419
31.059183359146118,0.033122559602139834,0.03590918182028683,0.0018450714677456558,-0.032514002361253,-0.041184505873239005,-0.00011254564072404594
31.0804922580719,0.03298496502300186,0.03565752128834791,0.0016449714688303657,-0.032596833285870055,-0.04111105539354225,-0.00011254134488675021
31.10268521308899,0.03284637444588399,0.035409839157721223,0.0014484797519500755,-0.03268031493853391,-0.04103742812880484,-0.00011253719846904926
31.124810695648193,0.032700134083954197,0.0351577724065246,0.001255656472237819,-0.03276309184420157,-0.04096077709993266,-0.00011253440775415335
31.1461443901062,0.03254118547131204,0.03489775426150869,0.0010656781286382832,-0.03284585218725111,-0.0408818301831675,-0.00011253341629034542
31.16796350479126,0.03237402458279915,0.03462067816366092,0.0008794897517937,-0.03292684210998378,-0.0408012254861348,-0.00011253511002086199
31.190309286117554,0.032192120286674994,0.03434742969996367,0.0006951500375712925,-0.033007725918359106,-0.04071912152983021,-0.00011253592654921144
31.21228313446045,0.0320031312182997,0.034078180161101215,0.0005119505066779041,-0.03308917489789432,-0.0406407429626541,-0.0001125362095229162
31.2344753742218,0.03179003169925483,0.03381292274020818,0.00033074908526227345,-0.033170394307615106,-0.04056475705763835,-0.00011253576009341303
31.256243467330933,0.031564844738932334,0.033543898182138154,0.00015015878641114408,-0.03325251900225828,-0.040487658534937576,-0.00011253632581015881
31.27850341796875,0.03134563700047526,0.033270258928039705,-3.0174836892693247e-05,-0.033335259254705596,-0.04040798841889731,-0.00011253800360164241
31.300901174545288,0.031133199165168213,0.03298831431924619,-0.00021362696929733374,-0.033415540431730874,-0.040325847090453656,-0.00011254141127274902
31.32272219657898,0.03093502491595284,0.032713734868552856,-0.00039832859487764816,-0.033494427050280606,-0.0402372250687851,-0.00011254353295420451
31.344646692276,0.030748220238592028,0.032445505532303985,-0.0006022440758470622,-0.03357385514476909,-0.0401422834561911,-0.00011254735264517263
31.367966890335083,0.030567224882516772,0.032168787623236994,-0.0008269503634044167,-0.033653682235288085,-0.040044115881945654,-0.00011255498916113955
31.38906764984131,0.03039398239564906,0.03191265063604945,-0.0010542255473352114,-0.03373465277298984,-0.03994411269507602,-0.00011255848534053492
31.412123680114746,0.030220872831168585,0.031657493972639256,-0.0012763797484252393,-0.03381444071108004,-0.0398409947374987,-0.00011256047581403336
31.43343162536621,0.030046146451911747,0.03140701631697527,-0.0014892928999317959,-0.03389457323076183,-0.03973550868166794,-0.00011256016584896911
31.45661997795105,0.02987803503910052,0.031170114699095752,-0.0016942731223720464,-0.03397634973109851,-0.03962723479187199,-0.00011255694941346675
31.478254079818726,0.02971459853185803,0.03093488282227344,-0.0018922539733126488,-0.0340592873553426,-0.039514826807683,-0.00011255343718618209
31.499510288238525,0.029545280909591413,0.03069615107889756,-0.0020853942853135917,-0.03414118970245492,-0.03939909099444122,-0.00011255063495123246
31.521953105926514,0.029364359078131133,0.030437610704556202,-0.0022733865160420113,-0.034223198034611865,-0.03927917076467955,-0.00011255100510061527
31.544798612594604,0.0291571130896642,0.030158931326122063,-0.0024582141631052344,-0.034305871638813115,-0.039157377206105244,-0.00011255413811054955
31.566794872283936,0.028933311477623867,0.029874981001413985,-0.0026416225411556096,-0.034387992874025504,-0.03903474115581669,-0.00011255731431105945
31.589177131652832,0.028707663931343434,0.02959029593634656,-0.0028247264797258394,-0.034470681542751895,-0.038910580300964816,-0.0001125601064704392
31.61046004295349,0.028478855535040447,0.029298353597696256,-0.0030068688414121615,-0.034549223317456135,-0.03878512815826812,-0.00011256319368861833
31.633365154266357,0.028252997859600767,0.028979134361956628,-0.003187768831123154,-0.03462491666312416,-0.03865592865519739,-0.00011256974034625645
31.654682636260986,0.028020803327233383,0.028648991170386218,-0.003367945407012049,-0.034698794143679615,-0.03852345286973277,-0.00011257641911713154
31.676578760147095,0.027783929509048396,0.02832642620013853,-0.0035455434716707298,-0.03476972464331265,-0.038387570969169914,-0.00011257986451468774
31.698795318603516,0.027556280382316757,0.028029283176047727,-0.0037203084535142525,-0.034838130402045184,-0.038248239462348455,-0.00011257796566711125
31.721423864364624,0.027336348739360403,0.027750049833523874,-0.003893898111484397,-0.03490713725802385,-0.038106909618863066,-0.00011257344645850251
31.742796182632446,0.027120157926318098,0.027481173363994953,-0.004068720367510801,-0.03497475899312544,-0.037962266295831555,-0.00011256828068258106
31.765438318252563,0.026918800599367524,0.02723637011417529,-0.004256434027579193,-0.035039101729171226,-0.037814035265260865,-0.00011256208472788574
31.78697681427002,0.02672946021304674,0.026994808387238094,-0.004449913782220771,-0.035101475177576266,-0.03766391416960916,-0.00011255752909390018
31.810100555419922,0.02653188599927847,0.02673994244012254,-0.004640607427436015,-0.03516173983925738,-0.037511393720217966,-0.00011255560726901362
31.83192229270935,0.026318933072119046,0.02647173832956349,-0.0048289932376577305,-0.03522065063669974,-0.03735525977445795,-0.00011255586914991438
31.853617906570435,0.026096709352828568,0.026196943065252366,-0.005014730651119136,-0.035278640566094664,-0.03719436195568042,-0.00011255682490687237
31.876976251602173,0.025870413221624533,0.025919773921383383,-0.005197783943445381,-0.03533373137637111,-0.03702818781626996,-0.00011255756518169607
31.898574113845825,0.02565026818361385,0.02564327700516807,-0.0053771772958407,-0.03538606309144979,-0.03686112415964889,-0.00011255759751154221
31.92080283164978,0.025432734334100315,0.025356559881781492,-0.005553760156041343,-0.03543693295749677,-0.036689898857462204,-0.00011255896479602332
31.942295789718628,0.0252161424854206,0.025050937447377252,-0.005727292428247382,-0.03548657698248601,-0.03651244102950098,-0.00011256272156129129
31.963869094848633,0.02497495565210204,0.024740726980762243,-0.005899253908538377,-0.035535357039912854,-0.03633362733253469,-0.00011256608016995931
31.986746788024902,0.024739223044034114,0.024413079749062493,-0.0060682387985730455,-0.03558355833016916,-0.036150052715147804,-0.00011257117987969659
32.00819158554077,0.024503848401342076,0.02409399942505047,-0.006234874995700666,-0.035631701330900156,-0.03596182950122778,-0.00011257355120889478
32.03037166595459,0.024249883954917176,0.02380515254065853,-0.006400678268043531,-0.03568012614874187,-0.03576967908440751,-0.0001125703637878511
32.052578926086426,0.02397439727946737,0.023528835904105483,-0.006566160712607567,-0.03572770742688156,-0.03557295708112552,-0.00011256558304491365
32.075242042541504,0.023696857575848922,0.02326625610712613,-0.006732817660861899,-0.03577350401836561,-0.03537445608241754,-0.00011255971503115869
32.097017765045166,0.02342652810831916,0.023010870217744898,-0.006901893682175262,-0.03581693130542057,-0.03517596966804195,-0.00011255431125346313
32.119548082351685,0.02316129887365948,0.02274969755471726,-0.007071243962659879,-0.035856616497474854,-0.03497853093401693,-0.00011255100958754768
32.14091420173645,0.022897729841364046,0.022482464725534973,-0.007240522095345908,-0.03589390704630819,-0.03478262957978149,-0.00011254947799825238
32.16370964050293,0.022634296991729565,0.0222276892395538,-0.007408105924808414,-0.03592921161500609,-0.0345853917487444,-0.00011254622868345126
32.18512940406799,0.022376753706075843,0.021987026466491824,-0.007573991504781392,-0.03595862477609089,-0.03438683519033458,-0.00011254119743802458
32.206838607788086,0.022136743868726785,0.021747698315603955,-0.007738584368512679,-0.035987434182753325,-0.03418579857584484,-0.00011253732508987093
32.22911882400513,0.02191291956039135,0.02151629536363914,-0.007900086427762864,-0.03601520624595962,-0.03398155352268672,-0.00011253309619302346
32.252068519592285,0.021691167203344786,0.02129675157655759,-0.008058768670356653,-0.03604353033184374,-0.03377449970546432,-0.00011252804171484645
32.27484941482544,0.021459590355596372,0.021083834582775254,-0.008215675157042104,-0.03607382047749067,-0.033567250662985965,-0.00011252336723502483
32.29575324058533,0.02120617247405978,0.020871608930315196,-0.008370303763549978,-0.036103702109333766,-0.03336189233269511,-0.0001125196859797207
32.318119525909424,0.02094406285989222,0.020663424864742784,-0.00852407568185782,-0.036134202336260454,-0.033156441326761626,-0.00011251668201967245
32.340184450149536,0.02068283795219456,0.02044589288519428,-0.008676359787796302,-0.03616398281312318,-0.03294968254199878,-0.0001125162879119954
32.36153984069824,0.02042439476686211,0.020218304787533684,-0.008828890973933315,-0.03619196088862722,-0.03274197816798577,-0.00011251827657778804
32.38311576843262,0.020172209746986122,0.019968248637356408,-0.008981348013477115,-0.03621692926324357,-0.03253320636798361,-0.00011252401054470925
32.40543580055237,0.019910974969952592,0.01969088064587642,-0.00913325852425548,-0.03623804046657742,-0.03231260704319805,-0.0001125331734405743
32.42792534828186,0.019637389180065377,0.019410258692134877,-0.009286245908047561,-0.03625786767903549,-0.032051368765177675,-0.00011254148607835306
32.44997596740723,0.019367211198111092,0.019135147516862613,-0.009437794228385856,-0.03627551367461713,-0.031770643101886986,-0.00011254734052776989
32.47194528579712,0.01908618212782757,0.018878373856977926,-0.009586540470479705,-0.036290002817459484,-0.03149348499409218,-0.00011254876036220497
32.493287563323975,0.01879563815207639,0.01864336404161557,-0.00973232499579342,-0.036300561996386344,-0.031222056511356358,-0.00011254603085880965
32.51653242111206,0.01850939487127868,0.01842557357465432,-0.009877211931212904,-0.03630657032151755,-0.03092770208735396,-0.00011254111972805639
32.53830075263977,0.018227137362930003,0.018221463346158182,-0.010020047138888813,-0.03630746897363832,-0.030649399920726742,-0.00011253490240220536
32.560216665267944,0.017937599763698582,0.018012563517183118,-0.010160168868804421,-0.036304175206019404,-0.030382788836333774,-0.0001125305357968407
32.58364295959473,0.01764145414659147,0.017804577941238454,-0.010297390037794733,-0.036298503278745176,-0.030126719529551718,-0.00011252689045655705
32.604801416397095,0.017340829751487014,0.017581803037719262,-0.010432905776412418,-0.036290575352313816,-0.02988071970454806,-0.00011252655013324449
32.62742853164673,0.017028667666442107,0.017353076301773008,-0.010567231918042425,-0.03627881145596639,-0.029641086767865445,-0.0001125273592795638
32.64847111701965,0.016723464389624108,0.01710366775385595,-0.010697410114647435,-0.03626165911629534,-0.029406936937317624,-0.00011253104995549627
32.67109513282776,0.016430547068347904,0.016825157500207796,-0.010825299467120216,-0.036238729281813466,-0.02917706830381443,-0.00011253859476073597
32.69353652000427,0.016157075027667736,0.01652434911182566,-0.010951261679048203,-0.036211826029016,-0.028951948679661166,-0.00011254824485648849
32.71516680717468,0.015884657649731123,0.016236412472996165,-0.011077317376864647,-0.03617874942626218,-0.028732217963718505,-0.00011255385646113055
32.73769021034241,0.015602193298690746,0.015944876579725015,-0.011202892651438486,-0.036139553477400374,-0.028518522425067337,-0.0001125586258941851
32.759965896606445,0.015309297717444877,0.01565676788666236,-0.011327766097276915,-0.03609466002422851,-0.02831203507264325,-0.00011256153932178665
32.78265333175659,0.015020703099852326,0.015370336670243621,-0.011453349502939577,-0.03604784379585788,-0.028112802263896428,-0.00011256376483188127
32.803895473480225,0.014733921165958105,0.015076986824247851,-0.011579919978177661,-0.035996891649978414,-0.027919122107325434,-0.00011256665673967318
32.825132608413696,0.014464781948562233,0.014789263737171003,-0.01170735543402316,-0.03594368591634614,-0.027731531986241436,-0.00011256827860783474
32.84817385673523,0.01420053344863905,0.014505915919483284,-0.011834851939827615,-0.03588775719745363,-0.027547552722033308,-0.00011256882405174788
32.87010455131531,0.01392909497359114,0.01420700263037742,-0.011962492069858013,-0.0358309121324021,-0.027366645895291496,-0.00011257169583938542
32.892045736312866,0.013642802483272449,0.013894473369947875,-0.01209025685707988,-0.035773019039802734,-0.02718835097754193,-0.00011257599818617823
32.91512727737427,0.013349830838957686,0.013571394251692893,-0.012217968895977828,-0.03571129768598513,-0.02701229411321995,-0.0001125807616468572
32.936148166656494,0.013071075870970438,0.01326598496291094,-0.012347115677252017,-0.03564372411956434,-0.026836911639718214,-0.00011258160045333833
32.95872259140015,0.012798897237190486,0.01298160424494526,-0.012477104788296133,-0.035572026259753746,-0.026659213513683708,-0.00011257873853746087
32.98017477989197,0.0125205872350738,0.012719610689441186,-0.01260659730621994,-0.03549557703529786,-0.026480685564628043,-0.00011257243006760682
33.00342082977295,0.012246130757325063,0.012481050301333054,-0.012737053470488806,-0.035415277206281584,-0.0263011745878102,-0.00011256363987000502
33.02484893798828,0.011967760041320698,0.012261594681107135,-0.01286841498584153,-0.03533322605105523,-0.02611878634840342,-0.00011255374345887449
33.04667949676514,0.011699450940166157,0.012053585225143111,-0.013000024679117698,-0.035248287496103786,-0.02593452408004763,-0.00011254426744789473
33.069292068481445,0.011445345124321644,0.011857819434379418,-0.013132910815281966,-0.0351652178964922,-0.02575037443428931,-0.00011253560252475578
33.09146165847778,0.011196158067457263,0.011671633427857464,-0.013266467489588596,-0.03508456748661351,-0.025565285665211802,-0.00011252800014325585
33.11322093009949,0.010947785525497555,0.011483379211982687,-0.013396421681290792,-0.03500432583232729,-0.025380018230528503,-0.00011252244345813293
33.13531041145325,0.010694127875813243,0.011273393147535738,-0.013523765513080115,-0.034925245024555705,-0.025192442961669555,-0.00011252184449023489
33.156656980514526,0.010429061829839027,0.011037146477318951,-0.013650152923210286,-0.034846929955821324,-0.02500272437919255,-0.00011252607176949767
33.17954611778259,0.010152287888400603,0.010798606474341171,-0.013775594447655868,-0.03476919672408637,-0.024813788727169505,-0.00011253026802952644
33.20112752914429,0.00987882341255343,0.010573263082796732,-0.013899981558418102,-0.03469064459985755,-0.024625264312139777,-0.00011253194461350502
33.22300338745117,0.009601302793367251,0.010362982618670637,-0.014022750608566146,-0.03461164029136748,-0.024436734114595963,-0.00011253118422517465
33.246344327926636,0.009326642481540862,0.010149685848503879,-0.01414130351022084,-0.03453154463820475,-0.024247344694102207,-0.00011253101851857991
33.26816272735596,0.009065035902511866,0.009932381151119534,-0.014255589219694359,-0.034452014554889304,-0.02405747788153943,-0.00011253166428198056
33.29119086265564,0.008822172585045387,0.009692781569441982,-0.014365053094408524,-0.034373738291876836,-0.02386793139800412,-0.00011253585890848048
33.31428861618042,0.00858911549795826,0.009448919232547922,-0.01446871993470142,-0.03429566112530603,-0.023676378768880738,-0.00011253968781953821
33.33584642410278,0.008365095592872795,0.009206373266611141,-0.014568500690750696,-0.03421755101416377,-0.023482591577298796,-0.00011254253366880032
33.35682773590088,0.008145617762309647,0.00896113810528308,-0.014666013689995483,-0.03413785592046342,-0.023288964427762317,-0.00011254528552487103
33.379223346710205,0.007939798835076575,0.008689417044602321,-0.014761991204414836,-0.03405537117523323,-0.02309716355856863,-0.00011255179842229264
33.402294635772705,0.0077082291366822025,0.008423140034554365,-0.014855300862120403,-0.03396933650306517,-0.022906153416742778,-0.00011255563095369228
33.424421548843384,0.007451549401946968,0.008172297688622793,-0.014948051259144288,-0.033880838503205224,-0.022713242216682215,-0.00011255606083332946
33.44724130630493,0.007177988951933122,0.007933752642914835,-0.015041823091973187,-0.033788405980612696,-0.022517484331647814,-0.00011255446941653881
33.47033143043518,0.006896461121218921,0.007695271789841223,-0.015136683775570337,-0.03369258426279059,-0.022319848798875136,-0.00011255334713107164
33.49264216423035,0.006605313120551209,0.0074682913584146774,-0.01523237621473008,-0.0335928114626722,-0.022120802749906222,-0.000112550716434599
33.51480412483215,0.0063001400534047625,0.007253030313152854,-0.015327191614782626,-0.03348671414043894,-0.021917848614695146,-0.00011254646716232058
33.53801345825195,0.00598983150812579,0.0070470990142485765,-0.015421007979624179,-0.03337358757527369,-0.021702124025049067,-0.00011254137876509492
33.559998750686646,0.0056743656379335955,0.006852867650438176,-0.01551338312781696,-0.033255619467010354,-0.021459020767832265,-0.00011253539326788093
33.58278560638428,0.005358379916349038,0.006663702829858289,-0.01560669843913373,-0.03313272093018576,-0.021220391604554793,-0.00011253018816631549
33.6065878868103,0.005039492587362355,0.0064817421285155614,-0.015700464667681522,-0.03300626274790103,-0.020987397119545708,-0.00011252533527299003
33.62833499908447,0.004709409104905695,0.006303094969213987,-0.015793602879735216,-0.03287729652940409,-0.02074458778392724,-0.0001125212969709621
33.65020775794983,0.0043864079727839395,0.006123976793515523,-0.015886016156906914,-0.03274511579968532,-0.020479962159847827,-0.00011251865221600367
33.67356300354004,0.004083333552367892,0.0059461116069659085,-0.01597625880626023,-0.03261004305225613,-0.020224181325081886,-0.00011251680008980927
33.69704055786133,0.0038124218860490886,0.005768442653996281,-0.016066229801719796,-0.03247247676080385,-0.01997543956211383,-0.00011251615827453445
33.71906137466431,0.0035344357517869338,0.005571420616610569,-0.016154774145751914,-0.032333204911176444,-0.019732118129155114,-0.00011251916331281422
33.7422080039978,0.0032605144456832307,0.0053424890737329865,-0.01624189711893747,-0.0321940471918775,-0.01949445003964781,-0.00011252722374074914
33.76406407356262,0.0029882578544163227,0.0050973568906517,-0.01632968073107138,-0.03205600844715516,-0.01923922271685983,-0.00011253703881084829
33.78623723983765,0.002700275303247407,0.0048501614318803435,-0.016417010437269418,-0.03191836028802101,-0.018990851281346265,-0.00011254553342137485
33.808998823165894,0.0023989801674310298,0.004594501609506765,-0.016504128462610727,-0.03178123767884502,-0.018736136879065324,-0.00011255393934042908
33.83025932312012,0.002094587883143651,0.0043486023867098204,-0.0165908506689086,-0.03164338239546587,-0.018488846663237378,-0.00011255924723029592
33.85311818122864,0.0018006519329807724,0.004097578751668027,-0.01667679163052115,-0.031505107707855355,-0.018247542891504803,-0.00011256445385367792
33.87392210960388,0.001529074718085876,0.0038226907790821166,-0.016760070687293946,-0.03136297104780212,-0.018010265745455313,-0.00011257210052788385
33.895395040512085,0.0012765266160458906,0.0035618930013653093,-0.016843127958735174,-0.031218254712805024,-0.017775827784688423,-0.00011257595762481302
33.91810154914856,0.001033771559094575,0.0033206791220371707,-0.016926101048857133,-0.0310717419980209,-0.017544053294279376,-0.00011257587089663759
33.939069509506226,0.0007922883656004294,0.003092001690262911,-0.01700977256300369,-0.03092160275795475,-0.017313926376830296,-0.0001125736920602088
33.96099638938904,0.0005605174641372658,0.0028648257468473,-0.01709244695062358,-0.030768923449530458,-0.017075833242990508,-0.0001125715301237834
33.98358607292175,0.0003244080072428911,0.00264149907754459,-0.01717116621808117,-0.03061801484246667,-0.01683039191528688,-0.0001125687862335184
34.00597929954529,7.273425920810988e-05,0.002408635830132208,-0.01724326864412136,-0.03046904079069997,-0.016547442294028165,-0.00011256729332041915
34.02683401107788,-0.00018704143886760641,0.0021796043413900936,-0.017309358653446072,-0.030319903770220303,-0.016251338651857752,-0.00011256470758546993
34.04960632324219,-0.0004494605231776226,0.00196672042665211,-0.017369674502706437,-0.030172351391502913,-0.01596612721336853,-0.00011255951993182977
34.07064604759216,-0.0007196753538605611,0.0017637906396332928,-0.017426325849394943,-0.030026340355079627,-0.015679057124654745,-0.00011255356536996979
34.09320783615112,-0.0009929694265213313,0.0015730400028355432,-0.017480004356359546,-0.029876618020950433,-0.015378514501030558,-0.00011254653585905727
34.11494064331055,-0.0012718735018063068,0.0013750492106407125,-0.017530849680654284,-0.029723767768716443,-0.01504960312177776,-0.00011254186372584094
34.13640761375427,-0.0015325723221478586,0.0011721926025739329,-0.01757830410039703,-0.0295725575669521,-0.014720936030585009,-0.00011253916424008461
34.15818643569946,-0.001777722793612559,0.0009698756448832762,-0.017624455144223,-0.029421160179849064,-0.0143903000447026,-0.00011253736838307797
34.18066692352295,-0.002006862329582001,0.0007781580590838383,-0.017669510460498153,-0.029271764492522435,-0.014082002356580128,-0.00011253488905356937
34.202956438064575,-0.002224334552861723,0.0005947410297654676,-0.017713894902801685,-0.029123719227951844,-0.013790778508243756,-0.0001125322487443968
34.22361660003662,-0.002447839134969349,0.0004199776068220533,-0.017757116585846593,-0.02897749753622516,-0.013514542634255687,-0.00011252928095146792
34.24640130996704,-0.0026810699985967716,0.00025095690646951164,-0.01779811523816499,-0.028831301817563517,-0.013249823997550652,-0.0001125262665856909
34.26751947402954,-0.0029251152512919606,8.139453162078717e-05,-0.017835283458721485,-0.028684348900940244,-0.012957504674521227,-0.00011252397529560919
34.290119647979736,-0.003177864807348019,-8.409156539674317e-05,-0.017869639421109654,-0.02853879704545093,-0.01267698595365869,-0.00011252184918961759
34.3119158744812,-0.0034324160285002674,-0.00024671040673640554,-0.017900265609874795,-0.02839254092763131,-0.012395476216645988,-0.00011251987288446352
34.33314228057861,-0.003693008268753075,-0.00041104487214171204,-0.017927004774591426,-0.028244098448179784,-0.012114342496741166,-0.00011251862150267445
34.354825496673584,-0.0039601084751228815,-0.0005910070924128419,-0.01795154632791246,-0.028092538390601947,-0.011827787153996076,-0.00011252034306610956
34.37696075439453,-0.004229483904671421,-0.0007697541504183281,-0.01797285535661348,-0.027937118635021473,-0.011551712267026707,-0.00011252157867383707
34.39981198310852,-0.00449798957795844,-0.0009572046188801531,-0.017990689452194945,-0.027777071418688123,-0.011286081563694839,-0.0001125239275807023
34.42138433456421,-0.004768453899417424,-0.0011490164178904335,-0.01800609130443416,-0.02761462254436025,-0.011015318187310122,-0.00011252670397106716
34.44365119934082,-0.005022133514047076,-0.001334739071900024,-0.018019001577670148,-0.02745074688848155,-0.010755052480980333,-0.00011252832719663474
34.46527814865112,-0.005277152694203576,-0.001512770128865603,-0.01802994054713229,-0.02728322349452816,-0.010493866789224591,-0.00011252854643049016
34.48814105987549,-0.005531151347469609,-0.0016846031827533585,-0.01803835516179038,-0.02711156729793525,-0.010240288643905552,-0.0001125277943205065
34.509671688079834,-0.00576245722391901,-0.0018517144323468115,-0.018044990642022914,-0.026937914498905542,-0.009994297095381561,-0.00011252692412766206
34.53097128868103,-0.005981252628917538,-0.0020149204687183,-0.018047768570578757,-0.026759009908773827,-0.009754880930388688,-0.0001125255288171005
34.55304670333862,-0.006191766911479226,-0.0021747063576741865,-0.01804688821583395,-0.026576355342352427,-0.009506617961509752,-0.00011252390075322555
34.576098918914795,-0.0063997303036331344,-0.0023305787855114326,-0.018042019153016602,-0.026390374656570507,-0.009247339975010312,-0.0001125219669191071
34.59706473350525,-0.006606527204933689,-0.0024835707999378087,-0.018035146541391742,-0.026202610280635825,-0.008995566003030692,-0.00011252033980535146
34.62002992630005,-0.006815483830991722,-0.0026386940912915247,-0.018026569779950246,-0.02601267971760571,-0.00874332279527558,-0.00011251976545883207
34.64073157310486,-0.007017674408048053,-0.0028014868215395054,-0.018018079993586608,-0.02582293371852749,-0.008487675749106381,-0.00011252138159427886
34.66311860084534,-0.007210530044832749,-0.002964901051998229,-0.018011227447301496,-0.025634541600363516,-0.008238739816093282,-0.00011252390876079184
34.68512725830078,-0.007423743104038996,-0.0031268688202265487,-0.018004682265713178,-0.02544753477367826,-0.007983580864255073,-0.00011252637993958843
34.70663118362427,-0.007666512406730537,-0.003294127400408986,-0.017996591328976737,-0.025260038732481328,-0.007730993577896397,-0.0001125293933956423
34.728663206100464,-0.007928822117022836,-0.003457113057651173,-0.017986762784408493,-0.025073033993283037,-0.007463003623745271,-0.00011253139657155554
34.75161600112915,-0.008210091284576535,-0.0036216433794620407,-0.01797501754000292,-0.02488649008234247,-0.007191484256857184,-0.00011253346865096693
34.773099184036255,-0.008483810769930043,-0.0037895686849504333,-0.01796257457097096,-0.024698406663426094,-0.006896237174343123,-0.00011253611763627946
34.796194076538086,-0.008770277204314203,-0.003963300104604925,-0.01794860261907499,-0.02450919308500189,-0.006574365076605275,-0.00011253932065114018
34.817049503326416,-0.009053349940283987,-0.004143819044888002,-0.017931603010157997,-0.024319308465276492,-0.006237310430301543,-0.00011254302554812007
34.83870458602905,-0.009346765385133427,-0.00433487446670263,-0.017912869204788788,-0.024130486930842104,-0.005887394075554744,-0.00011254785197272836
34.86143493652344,-0.009638917618428753,-0.004536693605137372,-0.01789282908211382,-0.023943489905964403,-0.005523138827473133,-0.00011255374062837133
34.88252806663513,-0.009922078370024472,-0.00474128365745033,-0.017874391867106557,-0.02375900943701987,-0.005186448347069632,-0.00011255963245438744
34.90448880195618,-0.01019723133053945,-0.004949126217211663,-0.017857459607210795,-0.023573896849733874,-0.004873220552078508,-0.00011256530510110272
34.92680382728577,-0.010468860154220768,-0.005158763867098437,-0.017841996165315246,-0.023387412738963533,-0.004551104302601325,-0.00011257041024160336
34.949512243270874,-0.01073737551606716,-0.00536170348387372,-0.017827636170233446,-0.023200166958803496,-0.0042395734848659225,-0.00011257363082018838
34.970641136169434,-0.011007746809554877,-0.005555936866351138,-0.017813826408330673,-0.023012105518860265,-0.003938808349806224,-0.00011257487050008282
34.99336242675781,-0.01127748203343728,-0.005741167903294877,-0.017800142378113643,-0.022824857446275115,-0.003653880683188005,-0.00011257453336839037
35.014509439468384,-0.011543268889609708,-0.005920339351022047,-0.01778747311102408,-0.02263767100420453,-0.0033697102296849253,-0.00011257351706542144
35.03702664375305,-0.011788544345871718,-0.006093695695719921,-0.01777528982796639,-0.02244874485340653,-0.003086290315818115,-0.00011257195950189354
35.05877232551575,-0.012012213325497045,-0.006268244808478044,-0.01776300684952877,-0.022257042403737524,-0.0028154525820097117,-0.00011257096616776035
35.080098152160645,-0.012219255377090597,-0.006435651703339098,-0.0177514976581669,-0.02206329944015958,-0.002542706674429132,-0.00011256924225641138
35.101595401763916,-0.012429694449355488,-0.006596735955351496,-0.017739914238752978,-0.02186726289756316,-0.0022520142832409763,-0.00011256679914481801
35.12371039390564,-0.012641627739620636,-0.0067522486747469985,-0.01772913448879409,-0.021669636786782853,-0.001956634056068315,-0.00011256411675540581
35.14637231826782,-0.01285711907262542,-0.006904096291458577,-0.017716421131806954,-0.021466225997356692,-0.0016697597004834545,-0.00011256092429846176
35.16756319999695,-0.013080162539474475,-0.007051465153291289,-0.017701152395501057,-0.021259692794857368,-0.0013905176815159092,-0.00011255728945388512
35.18994188308716,-0.013319737195683003,-0.007194404056231185,-0.017684359428943384,-0.0210455151718418,-0.0011121110446326071,-0.00011255314962883236
35.211785554885864,-0.013568493162626425,-0.007332606622811855,-0.017667072024138256,-0.020821630395513765,-0.0008383851241064557,-0.00011254868843479593
35.23456954956055,-0.013820981703752238,-0.0074659180256616406,-0.01765140367655845,-0.020593002759060737,-0.000576099373827351,-0.00011254465450247297
35.25580549240112,-0.01409499725491047,-0.0075964465367567,-0.01763852155270874,-0.020341456660069947,-0.00032414784321879676,-0.00011254023425489534
35.27796459197998,-0.014382301893632673,-0.007726535797871792,-0.017627358558282933,-0.02008058310800671,-7.98254408201841e-05,-0.00011253670619577557
35.300074100494385,-0.014675678993826427,-0.007856047770189275,-0.017617201044174555,-0.0198200234113967,0.00017809652709986656,-0.00011253447680155576
35.32261657714844,-0.014965288863643407,-0.007985640514300575,-0.01760806012427847,-0.019545009666302054,0.00042868864506409067,-0.00011253257085124617
35.34390330314636,-0.015249550078928687,-0.008115436783197533,-0.017596225570353695,-0.019284358395618578,0.000681516527473966,-0.0001125322678716536
35.36677074432373,-0.01553860314596683,-0.00824585828694793,-0.017581048925317318,-0.019032620997999104,0.0009280558662415243,-0.00011253279952943754
35.38872766494751,-0.015815361862662414,-0.008374849298689013,-0.017563061435020746,-0.0187914828876243,0.0011947663978944389,-0.0001125339786056404
35.41152095794678,-0.01607109906637713,-0.008502530223478005,-0.017542696916815804,-0.018559309203022557,0.001489571303121535,-0.00011253570369384926
35.43271565437317,-0.01633697245570937,-0.008629978495849075,-0.01751751821344222,-0.018334621562838722,0.0017697114314228779,-0.00011253732986468209
35.45463299751282,-0.016606240896335864,-0.008757052441542432,-0.01748864834741976,-0.018116096174508916,0.002038139823154084,-0.00011253895959506951
35.47675013542175,-0.0168823800645151,-0.008883856190617158,-0.0174565324432087,-0.017900191321624948,0.002306076756555105,-0.00011254039998374338
35.4993257522583,-0.017152487040295147,-0.009009735953426596,-0.01741995760049854,-0.01768547317144684,0.002602130648100609,-0.00011254141315718748
35.52165508270264,-0.01741675935913229,-0.009135046602611835,-0.017378291547321456,-0.017470824592506276,0.0028990082207194824,-0.00011254196833356713
35.54301452636719,-0.017694067854347358,-0.009259239643226388,-0.017331281851228925,-0.0172526827964628,0.0031802961432713626,-0.00011254165611454501
35.56469368934631,-0.017978903334879035,-0.009381807410812853,-0.01727919942654277,-0.017035469941724554,0.0034489363633010647,-0.00011254093577505291
35.58757495880127,-0.018271616916307427,-0.009504714630556866,-0.017222239533979205,-0.01681880776444599,0.003718693707011658,-0.00011254021380032101
35.60892677307129,-0.01856861836877807,-0.009627136274610511,-0.017161714768568107,-0.01660123710183546,0.003993352822209295,-0.00011253948925685816
35.63013219833374,-0.018861069785280994,-0.00974880820709645,-0.017098579663845547,-0.016369478078022772,0.004294718280195803,-0.00011253810465124191
35.65215277671814,-0.019148695237766942,-0.00987182485465372,-0.017033124488259402,-0.016140427847498324,0.004578804762462036,-0.00011253764200621646
35.674949169158936,-0.01942201046900706,-0.009996207613836357,-0.016966015968861946,-0.01591495082878765,0.004852920383848163,-0.00011253814488781928
35.696167945861816,-0.01968694810392264,-0.010119109025129018,-0.016897286970779222,-0.015691460307182988,0.005121335354526434,-0.00011253881613250732
35.71937417984009,-0.019944207294226458,-0.010239983681812441,-0.016828281714288962,-0.015468907306857987,0.005407454907910328,-0.00011253964248274875
35.74024438858032,-0.020210667149440066,-0.010359956323495319,-0.01676078916511,-0.015230585776005251,0.00570386859775002,-0.00011253982867488384
35.76292943954468,-0.020486348741860786,-0.010479980887122708,-0.016693800072884037,-0.014988655935543549,0.005985609137390111,-0.00011254027291333977
35.78458213806152,-0.02075462298920976,-0.010599260473464045,-0.016627997357180443,-0.014754197353760053,0.006256420087556444,-0.00011254170960029669
35.80579233169556,-0.021017248936457247,-0.01071795282701915,-0.016563462179861835,-0.014524279873218185,0.006522925269182219,-0.00011254375580929007
35.82740569114685,-0.021282813385809136,-0.010836370969840763,-0.016499102801535197,-0.014299281921856389,0.006779661185752637,-0.00011254611246468289
35.84950375556946,-0.021532867415822082,-0.010953909885313237,-0.016432451196014997,-0.014078078893517594,0.007028786267712737,-0.00011254832211802158
35.87229084968567,-0.02177800875905994,-0.011068747356911645,-0.016363144749451566,-0.013858449793449931,0.007279694304360702,-0.00011254982317849825
35.8934211730957,-0.022029578655283523,-0.011181249396506969,-0.016291146197834727,-0.013637963777982556,0.007539816646795057,-0.00011255055151727243
35.91616439819336,-0.022279070153035388,-0.011292272613554089,-0.01621689298885486,-0.013418929449924413,0.00781791873757932,-0.00011255106410638338
35.93731331825256,-0.022526282763367995,-0.011399117148178184,-0.016140905398822653,-0.01320250849833562,0.008097256812916209,-0.0001125511153769571
35.96033000946045,-0.022770542429711806,-0.01150166743158965,-0.01606296409655582,-0.012988327822810355,0.00842309131850371,-0.0001125507352025807
35.98146677017212,-0.02301566750092862,-0.011601047607728999,-0.0159825306682159,-0.012774866497216543,0.008761420929832607,-0.0001125499932663973
36.00274443626404,-0.023272465907835882,-0.011697017915248315,-0.015900115738329237,-0.012562039447260163,0.00907581350633424,-0.00011254891332571609
36.02518939971924,-0.023537651987756883,-0.011790003045869702,-0.015817556309076265,-0.012349234234957781,0.009371832102837806,-0.00011254788954914267
36.04843354225159,-0.02380762395347847,-0.011881250693655532,-0.015733155156192957,-0.01213992222627189,0.009653127967346395,-0.00011254713285014902
36.06966042518616,-0.024078052118595154,-0.011969883844456122,-0.015647680187063348,-0.011932538256504898,0.009921836384127644,-0.00011254650307903943
36.09230303764343,-0.024332875645155884,-0.012054930888142926,-0.015562580021616423,-0.011727764285901278,0.01019296731600752,-0.0001125462006234851
36.113160371780396,-0.024577682486649845,-0.012136539912535799,-0.015478810702517453,-0.011523192663063746,0.010462528508226683,-0.00011254612373231194
36.135637044906616,-0.024820241063752305,-0.012214668525417563,-0.015396347512094571,-0.01131676437796237,0.010747047254088352,-0.00011254602800589204
36.157554626464844,-0.02505234940340312,-0.012289161764750417,-0.015317712702930282,-0.01110176820868612,0.011026066895881462,-0.00011254588800746572
36.17928767204285,-0.025279036457069224,-0.012362135972750411,-0.015241909343860136,-0.01087056037162839,0.011322008971719878,-0.0001125453958499952
36.20127844810486,-0.025509577675214983,-0.012432230133221643,-0.015168711547607577,-0.010602455130195271,0.011615948425182555,-0.00011254301551884522
36.22404980659485,-0.025728668918733825,-0.012498025042515787,-0.01509844759712457,-0.010305324487727738,0.011898724053851846,-0.00011253959889297398
36.24524450302124,-0.02594375105048978,-0.012561950806689905,-0.01502870385410563,-0.009994674926831457,0.01220676179963199,-0.00011253636780993202
36.268131256103516,-0.026147853514242647,-0.012624359591770612,-0.014958945206092686,-0.009694721780990545,0.012498773924850833,-0.00011253487635706495
36.28934597969055,-0.026371588721189755,-0.012685383886343129,-0.01488845475127556,-0.009366837707373295,0.012792444150575427,-0.00011253205489765058
36.31219458580017,-0.026596018313758654,-0.012746170353806421,-0.014816921147449405,-0.009062038484139527,0.013101983981695358,-0.00011253169228031807
36.3331937789917,-0.026829571971130995,-0.012806639116605376,-0.014742444826807598,-0.008774385676471961,0.01341157486713423,-0.00011253257565063722
36.35512900352478,-0.027069822037970596,-0.012866525667197872,-0.014663643815520249,-0.008501476866072236,0.01370297032284625,-0.00011253407249868188
36.37759518623352,-0.027317719527224355,-0.012924601215198879,-0.014580455501206369,-0.0082312796128097,0.014001684248708022,-0.0001125350753415493
36.40047883987427,-0.027555402688928206,-0.012982019160172859,-0.01449399828166607,-0.007955369564522502,0.01431768038548439,-0.00011253562481186087
36.42234468460083,-0.027772681985406205,-0.013038351675293082,-0.01440400919234427,-0.0076672566420542005,0.014626835787957102,-0.00011253537524209256
36.44400644302368,-0.027975125203347977,-0.01309244711601125,-0.014311885838864344,-0.007374434272326159,0.014917197342534619,-0.000112534928146288
36.46537137031555,-0.02817813382387414,-0.013143543991733913,-0.014219283754874485,-0.007093686734726689,0.015199298634050559,-0.00011253536668272588
36.48833727836609,-0.02837864860768274,-0.013192604594220263,-0.014128444972812937,-0.00681589142671131,0.01547988248754287,-0.0001125364214713235
36.50991415977478,-0.028570155776686673,-0.013240684775391358,-0.01403927374389839,-0.006543042691087649,0.01574851730490622,-0.00011253828165824099
36.53166747093201,-0.02877200702877141,-0.013286957264423221,-0.013949116335816301,-0.006283458712010909,0.01600514279503084,-0.00011254062483252738
36.55398225784302,-0.028981501371786046,-0.013331223303195229,-0.013855829578984616,-0.006034454053665384,0.01625094322052015,-0.00011254284505425993
36.576624631881714,-0.029189425166141796,-0.013374706133979434,-0.013758855472910827,-0.005792933374963973,0.016486458335290475,-0.00011254493302627634
36.59826946258545,-0.029384303772732694,-0.013416395164121239,-0.013659755372379715,-0.005557462663458349,0.016713546492549112,-0.00011254694461508754
36.62054109573364,-0.02958036333745603,-0.013456002175427393,-0.013557889830920957,-0.005325713740691336,0.016933761704001526,-0.00011254847556159719
36.642067193984985,-0.029772814294589667,-0.01349665755276854,-0.013453826492681583,-0.00509650922178896,0.01715064145023247,-0.00011255014260450942
36.66495943069458,-0.029964043690801342,-0.013538525434374516,-0.013346390856082722,-0.004869560178975327,0.017364390726104975,-0.00011255172127082808
36.68610763549805,-0.030146962081951553,-0.01358156576959106,-0.013237786512059776,-0.004632201008362483,0.0175750525161711,-0.00011255277143034812
36.70805621147156,-0.03032202772836079,-0.013623807670550051,-0.013126086207802893,-0.004398557221902243,0.017783531351736114,-0.00011255368637692691
36.73030662536621,-0.030489311139644207,-0.013664626775442485,-0.01300947123123536,-0.004167892101773663,0.01798759160484537,-0.0001125540832158496
36.75250029563904,-0.030650561487134267,-0.013703904528237916,-0.012888397679332475,-0.003925658099548515,0.018189670234139695,-0.00011255318373582476
36.7755229473114,-0.030806147094257597,-0.013742265551425353,-0.01276392358325284,-0.003652698163601134,0.018392185410680693,-0.00011255031061176433
36.796624422073364,-0.03095940985333003,-0.013779241293834536,-0.012635363419472162,-0.003376171717610507,0.01859352893052113,-0.0001125474083057544
36.81945562362671,-0.03112346986175159,-0.013814594518736498,-0.012502069278667195,-0.003086608003874724,0.018793326988153915,-0.00011254369906684565
36.841095209121704,-0.031286978400494894,-0.013848933779608706,-0.012364860650887464,-0.002766785466346916,0.018992783693788217,-0.00011253862167520526
36.86275029182434,-0.03145445988884992,-0.013881851033782273,-0.012226143495732129,-0.0024491705521468192,0.019194313308560747,-0.0001125347876543943
36.884355783462524,-0.031616752687138226,-0.013912474437419355,-0.012085557661268802,-0.0021504372722684364,0.019397545888901004,-0.00011253292127212526
36.907206773757935,-0.03177845095130742,-0.013939946513166726,-0.011944254064879223,-0.0018699629291071057,0.019600844890418016,-0.00011253259366610515
36.92922329902649,-0.03195350155812709,-0.0139634629708457,-0.011802105001952076,-0.0016030838083273189,0.019806369972053525,-0.00011253294760036985
36.95230436325073,-0.032138376341934144,-0.013982240840307587,-0.011658254598797812,-0.0013464739924054696,0.020014550959147264,-0.00011253341581327243
36.97313213348389,-0.03233312534842304,-0.013997242275989863,-0.011511735517541397,-0.0010980709994360591,0.020224763118996285,-0.00011253385734975455
36.99614119529724,-0.03251739072177928,-0.014008303613618604,-0.011361023257381326,-0.0008562799359385709,0.02043622763604821,-0.00011253409509573175
37.01775145530701,-0.03269363602195101,-0.014016678313782222,-0.011204495539714743,-0.0006194941214967178,0.0206473101638155,-0.00011253402103163233
37.039387226104736,-0.03286162264816322,-0.014022802221608843,-0.01103456690400709,-0.00038684907493972276,0.020857542612420947,-0.00011253266492478407
37.061795234680176,-0.03302327267972847,-0.014024957543593992,-0.010862866656667962,-0.00013183360981920003,0.021065778295455414,-0.0001125299747529292
37.08466720581055,-0.03317910128283219,-0.014023065680481268,-0.010689009122959184,0.00011477158073485703,0.021273327049741306,-0.00011252811387806342
37.106306076049805,-0.03332778063698719,-0.014018155440088933,-0.010512037062452625,0.0003535574158888003,0.021479842805184567,-0.00011252694173570125
37.12880086898804,-0.033469994436016885,-0.01401118804456756,-0.010324430090498297,0.0005857486095647318,0.02168504084954548,-0.00011252536096759046
37.15080714225769,-0.03360831843859179,-0.014004409418556133,-0.010125770784770664,0.00081172293657213,0.021888816734401437,-0.00011252373063602192
37.173508405685425,-0.033744582043790064,-0.013996435130396194,-0.00993022987808618,0.0010359344365484257,0.022093848814500085,-0.00011252353529424596
37.19483160972595,-0.03387956590029136,-0.013988385007468523,-0.009735024617692614,0.0012784293555968414,0.022297761469435084,-0.0001125230162031029
37.216355085372925,-0.034014999508771064,-0.01398101207419118,-0.009544121758007512,0.0015600218088266588,0.0225011552023358,-0.00011252160097393825
37.23844075202942,-0.03415151515690723,-0.0139725978621595,-0.009358840468438585,0.0018484314598342195,0.022707807328186273,-0.00011252141526643767
37.26155161857605,-0.034288858824584975,-0.01396239831411079,-0.00917852790125523,0.002134539775387129,0.022922671643849764,-0.00011252257360970298
37.28285074234009,-0.034426452675018,-0.013950995994623103,-0.009001185098959478,0.0024169265284932615,0.02316177162867619,-0.00011252469449266492
37.305365562438965,-0.03456447464115765,-0.013941115399520202,-0.008824767253537362,0.0027065167171556877,0.023396895944935856,-0.00011252701409645816
37.32644009590149,-0.034703957473935614,-0.013931024354331132,-0.008649936301857755,0.0029864602258210878,0.023629063503068936,-0.00011253032207132214
37.34959697723389,-0.03484450518400801,-0.013920719227624286,-0.008476695155871626,0.0032855697160242593,0.023866884985274645,-0.00011253257322273704
37.37080478668213,-0.03499774490104886,-0.013910644374277878,-0.008303242061358476,0.003572639748559597,0.024115430923720073,-0.00011253563237618417
37.39265298843384,-0.03515185739071431,-0.013899716821160365,-0.008128502694494461,0.0038453592440019623,0.024358689615774243,-0.00011253920819810097
37.4146842956543,-0.03531616684904834,-0.013888470534138213,-0.007942814551067946,0.0041069260764833625,0.024596210764198455,-0.00011254161743776058
37.43766379356384,-0.03547654776564403,-0.013875777339908324,-0.00773306442268827,0.00436163967850165,0.024830630448830923,-0.0001125409113270543
37.45909023284912,-0.03563340208370509,-0.013862217568493679,-0.007511961843735955,0.004627744567331841,0.02507245376231457,-0.00011253844732674963
37.48184585571289,-0.03578593700546094,-0.013847760125663482,-0.0072983757583775085,0.004894715535605683,0.02530838880112126,-0.00011253789257162362
37.50329923629761,-0.03593458301319984,-0.013832611533573836,-0.007080168923770582,0.005155011416328129,0.025539456969631197,-0.00011253768191251617
37.526050090789795,-0.03607994722987635,-0.01381732762974445,-0.006865509678068369,0.005412847944365562,0.025766759969351277,-0.00011253869980666773
37.547749519348145,-0.036224153976631014,-0.013802012703520931,-0.006646301082719291,0.0056750257954022,0.02599224100895547,-0.00011253913298305912
37.57261800765991,-0.03636670669201328,-0.013785993003573175,-0.006434529364501531,0.005928115491441981,0.026215224301003332,-0.00011254149296127601
37.59820294380188,-0.03650751380841022,-0.013769080931017193,-0.0062285016437534065,0.006185695668620522,0.026436285223105094,-0.00011254424063740975
37.62334656715393,-0.03664642020923624,-0.013751640438200406,-0.0060279188047922564,0.006452060671878942,0.026656182905025673,-0.0001125470078548063
37.64669847488403,-0.03678128112041742,-0.013733710032008553,-0.005831808484761848,0.0067538162904914,0.02687364643361274,-0.00011254797745061633
37.669501066207886,-0.03691257645368104,-0.013716147570127778,-0.005638499117623167,0.007085148383998288,0.02709039480503565,-0.00011254776732130501
37.691423177719116,-0.03704036171713676,-0.01369832524513007,-0.005431813322681485,0.0074094267507446975,0.027305573696435537,-0.00011254656792849976
37.7133846282959,-0.037164382838934217,-0.013679407345918515,-0.005208298378348868,0.007710395213702881,0.027521074260155605,-0.00011254500456131766
37.736125469207764,-0.03728403567170469,-0.013659156051154739,-0.004988103256650264,0.007993991634790072,0.027734870923707553,-0.00011254556173974531
37.75719904899597,-0.037400798575146735,-0.013636660414556655,-0.004751986792476508,0.008261088162230127,0.027947472729320383,-0.0001125449196489877
37.78018116950989,-0.037516714321744256,-0.013612396907682124,-0.004513035613379856,0.008517476456465863,0.02815643190785583,-0.00011254484342742682
37.801456689834595,-0.037629823612308676,-0.013585702342562579,-0.004267579939333131,0.008765882686966127,0.0283605286707129,-0.00011254444898624902
37.82404589653015,-0.03774032730015146,-0.013556334622242669,-0.003991005102599381,0.009017995851659756,0.028561415686751534,-0.00011253962326590529
37.84568643569946,-0.03785015871845865,-0.013525139057554937,-0.0037107342936613208,0.00926430842881642,0.02876075761524869,-0.00011253585294163956
37.86748909950256,-0.03795762449289997,-0.013490455298411549,-0.0034255998519321863,0.009505117998962137,0.028959664430227156,-0.00011253254291943405
37.88965439796448,-0.038064320203477706,-0.013452297224218458,-0.003136601033428904,0.009749807881901482,0.029160422465478272,-0.00011252918556731365
37.91270709037781,-0.03817120364366763,-0.013410627587101528,-0.0028630842169006967,0.010007636473215932,0.029360869639033185,-0.0001125279257597506
37.93372178077698,-0.03827774337317083,-0.013364782118146568,-0.0026005874912917535,0.010256496992649765,0.02956349646004561,-0.000112529013523384
37.9566810131073,-0.03838251460395044,-0.013315184724677865,-0.0023390469666676778,0.010520813140858943,0.0297678595853606,-0.00011252910988626401
37.977649211883545,-0.03848736536460339,-0.013261280883877088,-0.0020828851497438875,0.010786140999864923,0.029973067155854644,-0.00011252982920011594
38.00040006637573,-0.03859046937953813,-0.013205715089499966,-0.0018291279545919925,0.011041899848292102,0.030180228130585234,-0.00011253171637618392
38.02219581604004,-0.038691673109829655,-0.013149156353576321,-0.0015713403117510803,0.011307894566776583,0.030387671833068768,-0.00011253248332679304
38.04389572143555,-0.03879278454531042,-0.01309117740166993,-0.0013027752539499964,0.011565970186898892,0.030596503249329055,-0.0001125324656433209
38.06557035446167,-0.03889560069701805,-0.013032997030641482,-0.0010393760563793325,0.011823510321650089,0.03080562377979373,-0.00011253375126798802
38.08877158164978,-0.03899881728923226,-0.012974548583443053,-0.0007924997433109894,0.012072224315599352,0.031017606700761473,-0.00011253814816968011
38.1101336479187,-0.03910234508630322,-0.012914145353823552,-0.0005505782259365581,0.012313139655566697,0.031230989997595826,-0.00011254302477076821
38.13312125205994,-0.03920468062289863,-0.012853033371337669,-0.0003014291941955064,0.012548799974333363,0.031446366321236686,-0.00011254657728242637
38.154430627822876,-0.03930626610119956,-0.012792613417157305,-4.692106677144083e-05,0.01280513067758477,0.03166346213196186,-0.00011254788447290845
38.177093267440796,-0.03940462384540821,-0.012733400942206105,0.00022102508864382938,0.01305712085374831,0.0318810345349923,-0.00011254793152529863
38.19862937927246,-0.03949879990560045,-0.012675325736732707,0.0004852400762966155,0.013300808293472724,0.03209881704945098,-0.00011254959927056802
38.22034406661987,-0.039589218790764054,-0.012618713223179336,0.0007407187334540904,0.013545308959830587,0.03231555561558486,-0.00011255270523469967
38.24317526817322,-0.03967612014626579,-0.01256301329946735,0.0009805927270026312,0.013806800010309364,0.032530856452836605,-0.0001125567642750491
38.26596283912659,-0.03976230656812691,-0.01250908801989269,0.0012061860388052187,0.014059560647449131,0.032745782268829245,-0.00011256306436694325
38.28680944442749,-0.03984787417824696,-0.01245584830348027,0.0014222160019089533,0.01430535399207057,0.03296009006685479,-0.0001125701230580059
38.30966758728027,-0.039935087453891065,-0.012403183607908118,0.0016452482417131577,0.014545372966235506,0.03317274619821606,-0.00011257528173301415
38.33106303215027,-0.04002388917780648,-0.012349017058392794,0.001870130038165193,0.014779762862660997,0.03337837610232704,-0.00011257923417828167
38.35419678688049,-0.04011571567117179,-0.012295194256804436,0.002108257299298971,0.015012590185223584,0.0335749761868648,-0.00011258061961792828
38.37513494491577,-0.040209124994583845,-0.012241802683894317,0.0023620104938104516,0.015240738055528662,0.03376230615323895,-0.00011257983355289154
38.398701906204224,-0.040304593351614224,-0.012186652864749322,0.0026049095169173742,0.015464190330679136,0.033940710102464085,-0.00011258065165613413
38.422181129455566,-0.04040165225226519,-0.012128520852636899,0.002835800844545179,0.015682638070994737,0.0341112601228613,-0.00011258272318912061
38.44407510757446,-0.040500518196199355,-0.012067662114336812,0.0030858254659434235,0.015896793865128427,0.034275690507410576,-0.00011258144008612382
38.467026472091675,-0.04060103305888837,-0.01200456452809007,0.003330352592954438,0.01610910250639428,0.03443607650048077,-0.00011258084598025159
38.487799406051636,-0.04070234115035082,-0.011937988396928832,0.00358361489913217,0.01631837684114256,0.034593162837890025,-0.0001125787188767018
38.51037621498108,-0.040803078770987454,-0.011868161952892942,0.0038323120991582403,0.01652540884586435,0.03474476979073623,-0.0001125772419477884
38.532150983810425,-0.04090355024453918,-0.011794624663652414,0.004067770692380219,0.01673080700339448,0.03489059917702084,-0.00011257739090828811
38.55398225784302,-0.0410026504150091,-0.011718427567293487,0.004304646891296429,0.01693385494554593,0.035032170854488745,-0.0001125770189513421
38.57624387741089,-0.041100746182603426,-0.011640325016983642,0.004550878268847334,0.017136070689290003,0.03517022042726658,-0.00011257515853637424
38.59923458099365,-0.041197428123992234,-0.01155972448425632,0.0048104714877395,0.017338220387184904,0.03530513704150942,-0.0001125714448647761
38.62037897109985,-0.041293006130063536,-0.011476358309043727,0.00508761103750771,0.017542264152396424,0.03543709811778016,-0.00011256555958057046
38.643431663513184,-0.04138734104779354,-0.011390500772898916,0.005382235131365262,0.017747765535303127,0.03556652804941659,-0.00011255810700125519
38.6645073890686,-0.04148075346549627,-0.011302544661158419,0.005698771856806066,0.017966898569095238,0.03569506033850818,-0.00011254819379247665
38.687073707580566,-0.041573979612331745,-0.011211558484507425,0.006017147408864412,0.018198213691564553,0.035822106774410646,-0.00011253917800895325
38.70870590209961,-0.0416667606249439,-0.011117581945799947,0.006345947043184214,0.018439276489665493,0.035945469861867446,-0.00011252996872662499
38.73000431060791,-0.041760312906620176,-0.011021569882864306,0.006677015198792364,0.01869011562788785,0.03606521741413649,-0.00011252200124270198
38.751927614212036,-0.04185468667614888,-0.01092453661050281,0.00698440909492892,0.018934248714997708,0.036184572223219615,-0.0001125199171463958
38.774840354919434,-0.04194785221947143,-0.010824942214960828,0.007273341835528827,0.01917327737626649,0.03630273094985512,-0.00011252149003598575
38.79667377471924,-0.04203886125872735,-0.01072333054716985,0.007561443254922316,0.0194276408305391,0.036420584185822745,-0.00011252232182281237
38.81851530075073,-0.04212773371371968,-0.01061906265103322,0.007831980832633562,0.01969150817085326,0.036538554574738424,-0.00011252513473061856
38.8400022983551,-0.04221223181205886,-0.01051333791150437,0.008084813174411202,0.019958790759667833,0.03665360373905839,-0.00011253009208936732
38.86150813102722,-0.042294438568982365,-0.010407224984507402,0.008328580629587619,0.02022720694762982,0.03676824327292466,-0.00011253578481732737
38.88442873954773,-0.04237317772554963,-0.01029980181791664,0.008563281322548317,0.02050840868377785,0.03688183269952858,-0.00011254111899844572
38.90580224990845,-0.04244722515617657,-0.010190248616845303,0.008799488682367915,0.02079692399053188,0.036996018278411875,-0.00011254485027537176
38.92719340324402,-0.04251734229529465,-0.010079857836290878,0.009041800519835694,0.021071259334902167,0.03711272280111284,-0.0001125481597338881
38.94915747642517,-0.04258486546235522,-0.009968142627879513,0.009273058741187125,0.021336916915239097,0.03723203477969571,-0.00011255303482405012
38.97182083129883,-0.04265196111880651,-0.009855611281542798,0.00950872134327969,0.02159941479556328,0.0373549034532307,-0.00011255666371897484
38.99278545379639,-0.04271775332578653,-0.009742749087654785,0.009750790831999031,0.021863097125020863,0.03748121044172845,-0.00011255878557283525
39.01600122451782,-0.042781919144562315,-0.009630123027826024,0.009980950076779528,0.022132752416468487,0.037609635346027744,-0.00011256201124830262
39.037081241607666,-0.04284527130629745,-0.009517649143084271,0.010227182111356281,0.022411879097731357,0.037740472467983795,-0.00011256195245059818
39.059515953063965,-0.042907647106266725,-0.009404186017243774,0.010486192820144943,0.022692930154479988,0.03787226973016031,-0.00011256002960093914
39.08104848861694,-0.04296730659362589,-0.009289324342986486,0.010736748446983227,0.022999881683849033,0.03800342217652623,-0.00011255804316450412
39.103442430496216,-0.04302249872731492,-0.00917391203470797,0.010991236405493428,0.02329581689810337,0.038134394565724775,-0.000112556770862848
39.1259925365448,-0.04307188945878107,-0.009056955267347596,0.011246485149558701,0.023596361484284168,0.038264282089023216,-0.000112555399155285
39.148802042007446,-0.04311421360498872,-0.00893903131915614,0.011497801864522613,0.023888534984660512,0.03839119093498702,-0.00011255552957288756
39.16954469680786,-0.04314978159570161,-0.008820601399384025,0.011742737493384536,0.024165729323437114,0.038513868930325226,-0.00011255767553646313
39.192675828933716,-0.04317980265825382,-0.008698976595878526,0.011994392831539052,0.024439473956802737,0.03863062446379964,-0.00011255842217753294
39.21368765830994,-0.0432066119246594,-0.008573478438988123,0.012247218402049566,0.024706110683175863,0.038742489494542134,-0.00011255891690830476
39.23643779754639,-0.04323234484898118,-0.008443660485028872,0.012485947477197383,0.024961631623045672,0.03884995257718377,-0.00011256148325615576
39.258124113082886,-0.04325679369458341,-0.008308829405064309,0.012723657214657427,0.025208625913631075,0.038953919807852656,-0.00011256357879525113
39.279645681381226,-0.04328195233647405,-0.008162034323275896,0.012950847077282907,0.02544705162137317,0.03905506091055888,-0.00011256547299039811
39.301186323165894,-0.04330682424333293,-0.007995611389102531,0.013167104260419506,0.02567870059079062,0.03915692857964575,-0.00011256591911366025
39.32464671134949,-0.04332975408057822,-0.007817819923566706,0.013374066937148899,0.025903502680312933,0.03926015862861525,-0.00011256630564965971
39.34613919258118,-0.043351716129316355,-0.00763781133687933,0.013575288713130811,0.026120549428116296,0.039363519374553645,-0.00011256764545597551
39.36908674240112,-0.043370460917435696,-0.007463421495208424,0.013796889443885558,0.026330986652433257,0.039465363028728384,-0.00011256729116281092
39.389665842056274,-0.043385557002270723,-0.007294027129437756,0.014059645196288256,0.02653702405206991,0.039566031505895626,-0.00011256247954228847
39.41301226615906,-0.04339614371440011,-0.007128264979029281,0.014337089761966291,0.0267368023652006,0.03966691835792663,-0.00011255776319093768
39.43441081047058,-0.04340375442234176,-0.006962092960927403,0.014622611930701366,0.026933708453276216,0.039767741225739894,-0.00011255323852876365
39.45624780654907,-0.04340919510122441,-0.006797260551733163,0.014904285588528627,0.027125036490948003,0.03986685158231098,-0.00011255102071633292
39.47810697555542,-0.04341256492158718,-0.006635613512945094,0.015187591353575575,0.027309549530538733,0.03996385379761829,-0.00011255027676574426
39.501222372055054,-0.04341350137531455,-0.006477115601955086,0.015480380541397424,0.027492317157139838,0.040058246174891315,-0.00011254930640393793
39.52264380455017,-0.04341404386836237,-0.006322779949750161,0.015781629165067586,0.027674386031712794,0.04015065262910081,-0.00011254838954423096
39.54551672935486,-0.043414434347628705,-0.006170567620167858,0.016102497239696378,0.027856031101021226,0.04023866211812806,-0.00011254563748091758
39.566842555999756,-0.0434139220093205,-0.006018586769734605,0.016426417592559306,0.028041500887411606,0.04032323567692418,-0.00011254319964186224
39.589383363723755,-0.04341443993677834,-0.005866696047470181,0.016736760401992425,0.028230292472486526,0.040405534504818104,-0.0001125433436589883
39.611032485961914,-0.04341376000422482,-0.005715532491961951,0.017031494429185105,0.028422289108144032,0.04048393660953489,-0.00011254594598376321
39.632683753967285,-0.04341131079176568,-0.005565255367322443,0.01733991494765623,0.028616891429298102,0.04055967210038335,-0.00011254647348523705
39.65463066101074,-0.04340901975988343,-0.005415549110037296,0.01764512128373419,0.028813091142803605,0.04063442211297913,-0.00011254768341519865
39.67750835418701,-0.04340777699104294,-0.005267937396341019,0.017961265987678613,0.02900974936563934,0.04070741589530922,-0.00011254776244839505
39.699158906936646,-0.04340614713261336,-0.005121629470170993,0.018278719013245036,0.029203913065135683,0.04078071547012305,-0.00011254834561376673
39.72195506095886,-0.043403382512700595,-0.004974260058098063,0.018587811567272367,0.029396264139237436,0.040855101507318844,-0.000112550249892952
39.74309825897217,-0.04339972541728874,-0.004819272003489745,0.018880705971496266,0.029588619897297268,0.04093144123189445,-0.00011255311031721353
39.76610541343689,-0.043393174907103,-0.004665759409435629,0.01916350243533361,0.02978385637899801,0.04100820431659658,-0.00011255712267242154
39.78753852844238,-0.04338272303293621,-0.004506904278242199,0.019426024195848185,0.02998259147677449,0.04108329597343962,-0.00011256229533473518
39.80955910682678,-0.0433692140751942,-0.004346140554048434,0.019671982090091116,0.03018346325343008,0.041155205861044375,-0.00011256842767608364
39.831347942352295,-0.04335317455952085,-0.0041728284226715045,0.019904911832498148,0.030383837691509378,0.04122235902294016,-0.00011257322310079966
39.85445785522461,-0.0433334157083365,-0.003981802587639047,0.020127498579150874,0.030585281157620436,0.04128389905553872,-0.00011257560927864988
39.875608921051025,-0.043311025016257075,-0.0037755147609339905,0.020355026419615813,0.030787034407667186,0.04134158212755944,-0.0001125743541374504
39.89852857589722,-0.04328652245600821,-0.003561901071027211,0.020640661001078565,0.030989802643352736,0.04139636337625159,-0.00011256405758034204
39.92039084434509,-0.04325914486481313,-0.0033515664741281767,0.020940432817189457,0.031194216919849572,0.041446950760655764,-0.00011255445081637378
39.94319939613342,-0.043228295314127904,-0.0031437309202806615,0.02123538628986358,0.031397889401423934,0.04149213386165115,-0.0001125481812300282
39.96454930305481,-0.043194024534568526,-0.0029330581964459286,0.021527103341462076,0.03160004095412761,0.04153383371719021,-0.00011254363466798526
39.98625683784485,-0.04315702454128439,-0.002708151792889564,0.02182768171707138,0.03180013507119929,0.04157241121641103,-0.00011253706507827337
40.00873017311096,-0.04311600330974205,-0.0024898812595009864,0.022128220229166776,0.03199925376375146,0.041610582251976995,-0.00011253345855128721
40.031657457351685,-0.04307118673606415,-0.0022836392635917427,0.02245492745970055,0.032198137068010176,0.041648212948168443,-0.00011252943058721296
40.05322456359863,-0.043022350818262056,-0.0020659382393956776,0.022765725446740357,0.03239721873291549,0.041683309564952385,-0.00011252720752313092
40.07551574707031,-0.04297176028096675,-0.0018555750925540522,0.023061815892871488,0.03259502065321282,0.041717338267913566,-0.00011252933628568184
40.096928119659424,-0.04292005556106626,-0.001657688572461993,0.02335985558732459,0.032788653990646566,0.04174752965179953,-0.0001125335773797795
40.11976861953735,-0.04286680214130488,-0.0014556750913351007,0.023647971910509494,0.032977222257144306,0.04177410763645985,-0.00011253851439591922
40.1406455039978,-0.04281312824172964,-0.001253868062128782,0.023914778751267705,0.03316044254009167,0.041799383703055616,-0.00011254621073081988
40.16226029396057,-0.04276028314705356,-0.0010623565630593001,0.024167728645185203,0.0333407104300376,0.041821911946585424,-0.00011255640192203431
40.18426537513733,-0.042710199725700365,-0.0008799301299446538,0.02442122876076161,0.033520220525415464,0.041840669385170545,-0.00011256609616822142
40.20739126205444,-0.04266127441401606,-0.0007042817545464253,0.024669096450851098,0.03370013601212957,0.04185705508043424,-0.00011257569325164614
40.22859072685242,-0.04261226414665788,-0.0005339236319262284,0.0249149388940246,0.0338803497781758,0.041869689124819996,-0.00011258436157104381
40.251383781433105,-0.0425620263390292,-0.0003689305261473171,0.025174263655967383,0.03406122258120298,0.04187949700670555,-0.00011259002021294947
40.27211952209473,-0.04251019968862434,-0.0001990548919398818,0.025432130197011377,0.0342423304759328,0.04188701549944646,-0.00011259368329761109
40.29341983795166,-0.042456026536100734,-2.956704888466981e-05,0.025687729934196577,0.03442264327779364,0.041893059685826066,-0.00011259672553651451
40.31644082069397,-0.04239755881762708,0.00013515968824794611,0.025957086874548792,0.034603022524396725,0.04189711431234569,-0.0001125976643507077
40.33754920959473,-0.04233620983924862,0.0002970119428560768,0.026243267899414568,0.03478114210985503,0.04190195560690007,-0.0001125963265580242
40.359230756759644,-0.042271018033480524,0.00046552032481006635,0.026545953739929185,0.03495844926124177,0.04190923429918558,-0.0001125916464139285
40.381043434143066,-0.04220367267692501,0.000652791600881284,0.026855923793550958,0.03513838300588112,0.04191528345552473,-0.00011258350197564245
40.40399980545044,-0.04213351609508373,0.0008438118537724343,0.02716455113931981,0.035323658467892066,0.04192274024030592,-0.00011257612249494802
40.425087213516235,-0.042059694404138565,0.0010533890389941023,0.027472983987250597,0.035513226612128565,0.04193166043930331,-0.00011256701822133257
40.44802379608154,-0.041983571750131544,0.0012836998047590761,0.02777714068636766,0.03570859928677496,0.041941146739602676,-0.00011255678098955592
40.46901726722717,-0.04190541106737399,0.0015012126293205328,0.028079807405652656,0.03590862272467414,0.041951622546377985,-0.00011255077812127077
40.490328311920166,-0.04182651440952088,0.0017343243756930311,0.028361696269786827,0.03611402785146146,0.04196231578600606,-0.00011254634333697281
40.513193130493164,-0.0417455622689743,0.0019506501149352384,0.028631457109620995,0.03632462793887898,0.041972525062967,-0.0001125471696225402
40.53404521942139,-0.0416631133692521,0.00215349587331574,0.028921071336034956,0.03653568802230861,0.04198202911994221,-0.00011254750299209687
40.55570864677429,-0.04158025422946526,0.0023594271400102385,0.029217882849586915,0.03674641737266053,0.04198981013583505,-0.00011254660935475352
40.577780961990356,-0.04149877023316735,0.0025705681563617,0.029510050817649597,0.03695503929354954,0.04199645358960241,-0.00011254615284674855
40.60060143470764,-0.04141906293115087,0.00280552069249951,0.02980071761337492,0.03716314018863582,0.04200223012805477,-0.00011254256406820369
40.62207579612732,-0.04133977326453125,0.003060337059925102,0.030117006702057317,0.03736972912531228,0.04200765575139462,-0.0001125334694934364
40.644705057144165,-0.04126423458634538,0.0033145769769504178,0.030442686088590586,0.037575809386351765,0.042011794669611566,-0.00011252551812411212
40.66598963737488,-0.04119000871299533,0.0035632517066295903,0.030782910819389254,0.03778354496421476,0.04201557719151523,-0.00011251854339263653
40.68898153305054,-0.04111502368530228,0.0038137411554917972,0.031113223968189156,0.03799209750474548,0.04201811221442519,-0.00011251472953202507
40.71001601219177,-0.04103840368912683,0.004077784279235192,0.03143543531226106,0.03819922213674384,0.042019330103682744,-0.00011251151752678286
40.73143410682678,-0.04096069595806357,0.0043799493553506015,0.031737710908406186,0.03840356816240929,0.042021209177726795,-0.00011250665528639006
40.75340485572815,-0.04088191578813962,0.0046901731970415,0.03203992596485735,0.03860654406561152,0.04202456497441697,-0.00011250246528977805
40.776652097702026,-0.04080160388345221,0.0050072010730268825,0.03234681334660083,0.038803096857419186,0.04202737461229362,-0.00011249872814206839
40.79798889160156,-0.04072008765975847,0.005322701412913854,0.03266290801947953,0.0389952702249489,0.0420293197631258,-0.00011249596214473368
40.820796966552734,-0.040635577857685325,0.005627139526170452,0.032981694588869744,0.03918614046248005,0.04203088880947377,-0.00011249624094889338
40.841980934143066,-0.04054815010362307,0.005920069039227779,0.03329286042772591,0.039377142795065406,0.04203261095973037,-0.00011250034702328479
40.86459469795227,-0.040457350714403074,0.006209070356089298,0.03359369583260848,0.03956805410707875,0.04203450814362772,-0.0001125066326093999
40.886263608932495,-0.04036423689771814,0.006496245186598107,0.03387308840046262,0.039756415681388685,0.04203819465476269,-0.00011251591801220567
40.90737843513489,-0.040269175018312904,0.006776078862460519,0.03414264380216161,0.03994228988515907,0.04204287720649752,-0.00011252671981519271
40.92908477783203,-0.04017147101772025,0.007039539052313478,0.03442136912142899,0.04012276573480436,0.042046175677305016,-0.00011253756257326804
40.951130628585815,-0.04007171703853446,0.007289035919120126,0.03470456941428333,0.040297155579859655,0.04204810487706627,-0.00011254859604321508
40.97378420829773,-0.03997068025496702,0.007526265750651707,0.03499172740661708,0.04046792500525163,0.04204722076163603,-0.00011255927216960512
40.994988679885864,-0.03986908195803233,0.007745793895211666,0.03525681519952273,0.04063816025640332,0.042043672406063035,-0.00011257378781419625
41.0178017616272,-0.03976762057740924,0.00795078393148396,0.03551893976973351,0.04080728506271969,0.042040504544916354,-0.00011258803924983733
41.03926181793213,-0.039668447742198715,0.008158777424868107,0.03576936454442081,0.04097470651854481,0.04203957282751326,-0.00011260033715608891
41.06218647956848,-0.03956956155107122,0.008374175732076316,0.036006150311473695,0.041141181357960334,0.04203880432911927,-0.0001126104518195338
41.08321738243103,-0.039469629296696396,0.008595309215419877,0.03624510947535698,0.04130727496203567,0.042037148886597056,-0.00011261673806897321
41.10476112365723,-0.039368849800904285,0.008832889643492754,0.03647286680355545,0.04147277850809766,0.042034895245526074,-0.00011262006061392888
41.126675844192505,-0.03926755476216494,0.009071825474578799,0.0367101687553083,0.04163625632034302,0.0420322756813017,-0.00011262058120851713
41.14942502975464,-0.039165192138388046,0.00929799787269705,0.03695761350794592,0.04179946587987153,0.04202831488925143,-0.00011262091309114957
41.170645236968994,-0.03906107343106247,0.009529429825163065,0.037201250687312414,0.04196116620020362,0.042022338202268736,-0.00011262025089526573
41.19369673728943,-0.038954772930067855,0.00977209419134293,0.037438553087174024,0.04212134341737172,0.04201485803125227,-0.00011261821433586382
41.21475005149841,-0.038847290963040806,0.010014004341728383,0.037675187046055644,0.04227956042484079,0.04200524516062555,-0.00011261624427983932
41.23743462562561,-0.03873791110879962,0.01026377169646479,0.03790004832034653,0.04243589253721419,0.04199169529978265,-0.00011261452900050127
41.259052991867065,-0.03862724446761308,0.010515119995840393,0.03811654279536089,0.042590100428016704,0.04197458055664467,-0.00011261357126830607
41.28032207489014,-0.03851505654854896,0.010773478030341174,0.038344880479167474,0.0427406363569094,0.041956923407414325,-0.00011260966536811166
41.30205583572388,-0.03840041953118055,0.011026466107507016,0.038592961072045524,0.04288872829197199,0.04193746422497322,-0.00011260426316996032
41.32397484779358,-0.03828304120680155,0.011278938126931136,0.0388494827627324,0.043036043345799434,0.04191787193611695,-0.00011259843948224341
41.346736431121826,-0.03816205196997283,0.011553389578813595,0.03909096191491721,0.04318161831485479,0.041896128526245024,-0.00011259211767367889
41.367764711380005,-0.038036581506298885,0.011845039003996548,0.039319893825733115,0.043325083110796414,0.041873818631955294,-0.00011258592663529734
41.39029407501221,-0.03790757820699495,0.012146585170245604,0.03953736811538506,0.04346783527475486,0.04185101956764108,-0.00011258083408478951
41.411755323410034,-0.03777668657279554,0.012442448230801009,0.039746100215456846,0.04361014237435628,0.04182734384814346,-0.00011257874611733461
41.434741258621216,-0.03763775987158901,0.012746543163680742,0.03994745919374112,0.04375058451539703,0.041805051845377646,-0.00011257681872205058
41.45567989349365,-0.037498141407069065,0.013046940075326502,0.04015017825627006,0.04389169912715534,0.04178223847639881,-0.00011257550744984892
41.477238178253174,-0.03735778142427114,0.013335922315777132,0.04034892644392389,0.04403234059085688,0.041759653278523795,-0.00011257673680608773
41.498778343200684,-0.03721693328022046,0.013613434775361387,0.04054345614382107,0.044174418513924056,0.041732844829119695,-0.00011257989094690644
41.521167516708374,-0.0370734159653792,0.013869419495688904,0.04074216775635831,0.04431895979546101,0.041700887361480914,-0.00011258491394460686
41.543466567993164,-0.03693044912796653,0.014122293696095708,0.04094366757273187,0.04446491731913849,0.04166661581885918,-0.00011258867003104318
41.5647554397583,-0.036780739045897966,0.014384078909010162,0.04114076823927052,0.044611628013734625,0.04163076097352946,-0.00011259055660517412
41.58702516555786,-0.036613165364757214,0.014651594455498811,0.041338924864306084,0.04475684035348599,0.04159320918289268,-0.00011259090478373352
41.608436584472656,-0.03644092006323052,0.014925121310590053,0.04153236468601761,0.044902372271292734,0.04155202582260855,-0.0001125905620686475
41.631442070007324,-0.036274494880494244,0.015193487039128368,0.04172376125753754,0.04504610593291003,0.0415079946938531,-0.00011259112296057001
41.65236496925354,-0.03609137810945996,0.015459550707792077,0.04194207663082529,0.04518604161828102,0.04146230500882407,-0.00011258822772896227
41.67426109313965,-0.03589611943095261,0.015740242179958192,0.042153103918827727,0.045320861269111015,0.041412977261029355,-0.00011258472834946183
41.696089029312134,-0.03570534747847587,0.016018443250680556,0.04235746899528768,0.04545156166218049,0.04136124576491928,-0.0001125832276949887
41.71896314620972,-0.03552398727913228,0.016295385581103224,0.042556887452460015,0.045577547817505205,0.041308439960043936,-0.00011258290231835941
41.73996615409851,-0.035342533713451516,0.01656394803334507,0.04277756281175795,0.04570204127591868,0.041253641644844706,-0.00011258088405538563
41.76306390762329,-0.03515139569186245,0.01682785417216111,0.04302169870847136,0.045823624191749894,0.0411974245749515,-0.00011257681419024284
41.78415608406067,-0.03496490418604753,0.017096695572661476,0.0432535071727566,0.04594186719961268,0.04113647718755257,-0.00011257452291017977
41.80686974525452,-0.034766888566301404,0.017379648234402235,0.043480548112178816,0.04605853710934877,0.041073500440313285,-0.00011257119171742777
41.82854151725769,-0.03455647438870478,0.017657347830937333,0.043716540316362705,0.04617278664756867,0.04100666545109511,-0.00011256830328144195
41.849929094314575,-0.034339456638129276,0.01794757093237545,0.04394119979328582,0.0462873987400486,0.04093878136090876,-0.00011256558219040015
41.871838092803955,-0.0341282857842341,0.018239176281603497,0.04416964444764426,0.0464011471205698,0.04086789371442204,-0.0001125626784964526
41.89433693885803,-0.03393202126259926,0.01852907917482359,0.04441431855629099,0.04651411268305352,0.04079552022157663,-0.0001125583557665176
41.916473388671875,-0.0337466093268106,0.018823892713837668,0.04465170718197072,0.04662569567784534,0.04072144702535249,-0.0001125552436684087
41.9386887550354,-0.0335545216045336,0.019124889986239815,0.04487798396650426,0.046734593265219455,0.040645342926873836,-0.00011255368373143083
41.960169076919556,-0.033357246897055014,0.019425949621849237,0.045095013063651386,0.04684233303851065,0.040567709677082446,-0.00011255398299323376
41.98157596588135,-0.0331583118834048,0.019741382315637396,0.04530463630788968,0.04695109482699527,0.040490396196423174,-0.00011255307007391137
42.00457143783569,-0.032951463370629964,0.02005916032535865,0.045508053051712086,0.04705968037304392,0.04041138843647235,-0.00011255306716040471
42.02571892738342,-0.03274323612407585,0.020378749742694626,0.045713277237943196,0.047162710810882386,0.040331100573240464,-0.00011255304580260996
42.04734969139099,-0.032535266755404135,0.020685148868960106,0.04592617701198209,0.04726323246279964,0.04024669214501153,-0.00011255436856071928
42.06923151016235,-0.03233072038607699,0.020961576405443175,0.04615532985745158,0.04736147621952713,0.040157981614558254,-0.00011255817147794671
42.09236979484558,-0.03209712569197947,0.021225376302978497,0.046373974628044344,0.04745611985918159,0.04006510772799383,-0.00011256519407292326
42.113502979278564,-0.03185505468979025,0.021473243418931986,0.046585775190218746,0.04754686146179261,0.03996666023266222,-0.00011257455412868196
42.13634204864502,-0.03161844300876161,0.021723529388862465,0.04679655945329124,0.04763354931513103,0.03986381721813068,-0.0001125818301227018
42.15733528137207,-0.03136863911617142,0.021969706913554175,0.04701489552414974,0.04771790636133651,0.03975598521300967,-0.0001125872326245701
42.180044174194336,-0.031116964443683108,0.02221195369692999,0.04724263494444436,0.04780166366538556,0.03964602059262465,-0.00011259058833866701
42.20173978805542,-0.030868840461017195,0.02248373102069158,0.04746050084579764,0.04788472969275561,0.03953566113661871,-0.00011258960407579376
42.22284817695618,-0.030621628497034117,0.022770926288335002,0.04767665872180814,0.047968827874410695,0.03942443970675584,-0.00011258619631529897
42.24459099769592,-0.030381147630158926,0.023060450280674747,0.047895134764294404,0.048051535028436926,0.03931350396958025,-0.00011258252737089104
42.26699233055115,-0.030131558328268884,0.023365113055195025,0.04810584677041797,0.048134979666949976,0.039201402056417235,-0.00011257805936795988
42.28952884674072,-0.02986445228857287,0.023661232492264622,0.048322682762810175,0.048218938438614245,0.03908793695035988,-0.00011257492179908822
42.310614824295044,-0.029591993475132555,0.023944905472455737,0.04855466782940797,0.04830451994690241,0.03897105025004841,-0.00011257208678226846
42.33351922035217,-0.029328154280480603,0.024215845726478176,0.04877677707308392,0.048390959304025656,0.03885108296728607,-0.00011257298280862561
42.35495734214783,-0.029081087641458708,0.02448663739375864,0.04898946003144487,0.04847584102728273,0.03873110649185052,-0.00011257486516440538
42.37799143791199,-0.028855785508064603,0.02474427148607491,0.049195735732970494,0.04855716096217805,0.03861049322544694,-0.0001125792336587146
42.3989200592041,-0.028646634645280857,0.024979429079397472,0.04939456673284083,0.04863341738197049,0.03849074063949956,-0.0001125872772116825
42.42071461677551,-0.02845192941866976,0.02520538566305324,0.04958848651196466,0.04870484437926864,0.03837082000917484,-0.00011259567807992797
42.44270300865173,-0.02826399399955988,0.025433156320479426,0.049779268261534525,0.04877198700364494,0.038249876538476384,-0.00011260228299297964
42.465569734573364,-0.028075816210549283,0.025663722269249678,0.049967484807758866,0.04883686187237327,0.038128626943083554,-0.00011260706226670565
42.4869658946991,-0.027897040065907392,0.025906309561548553,0.050152985765927624,0.04889826157478346,0.03800549225018428,-0.00011260888214742487
42.509724140167236,-0.027717840180564036,0.026151527465076756,0.05033537358336366,0.048956724020250635,0.037879933378932584,-0.00011260990813513865
42.53074049949646,-0.02754614321452459,0.026383064341639322,0.05051565761604627,0.04901270762156268,0.037752488443964755,-0.00011261264071208834
42.5531280040741,-0.027358902857024036,0.02660938069663786,0.05069372705546382,0.04906368418429689,0.03762373830794792,-0.00011261570686543829
42.57504081726074,-0.027165184533075426,0.026850022163427696,0.05086998182050168,0.049112729206672215,0.03749424206276713,-0.00011261558080550756
42.59624671936035,-0.026973692510642234,0.027086715640918482,0.05104330064707501,0.04916052633226125,0.03736523412441599,-0.00011261585511043365
42.618072748184204,-0.02678243007421136,0.027323510665078883,0.05121319279619303,0.04920848684729137,0.03723684509522621,-0.000112615797375677
42.63998460769653,-0.02658269836651745,0.027570652177115726,0.051378224975366434,0.04925720598964403,0.03710874499623582,-0.00011261408241489826
42.66283679008484,-0.026382298388804203,0.027843028605582954,0.05154161707469287,0.04930866078482675,0.03697866216734436,-0.00011260808206685596
42.683961391448975,-0.026171380719268552,0.02811701699750636,0.051703766350193976,0.04935904318850394,0.036849607625364184,-0.00011260275610819989
42.706578969955444,-0.02594602335471578,0.02840299879694578,0.05186573270600478,0.049408339143949424,0.03672022220008391,-0.00011259627878684087
42.7279052734375,-0.02570869697952787,0.028687023244685965,0.05202980737385548,0.04945563105174879,0.03658877812255229,-0.00011259090318139478
42.75092005729675,-0.025469501917366702,0.028975837607130593,0.052195139253619224,0.04949743328955195,0.03645622400230863,-0.00011258566440453537
42.771926403045654,-0.025220876704566724,0.029251155872065757,0.052359720644044885,0.049535333026999646,0.03632306539583823,-0.00011258374017440849
42.7936327457428,-0.024983532691431533,0.02952964482904066,0.052521818394202606,0.04956908324667519,0.03618776843428219,-0.0001125819310749533
42.81626009941101,-0.024745193869945562,0.02980306879523349,0.052683266686831376,0.04960047592847198,0.036047788354599104,-0.00011258127191504677
42.839152812957764,-0.024512539610422913,0.030068730695088117,0.05284501306781033,0.0496268139015507,0.03590508738904896,-0.00011258194778695071
42.86020231246948,-0.024285968080622538,0.030318021895739494,0.05300747586991865,0.04964833477307476,0.035760891577805445,-0.00011258496329381203
42.88308835029602,-0.024055859156741265,0.030557568852093594,0.05317246730153822,0.04966244897909119,0.03561364444571676,-0.00011258873447135982
42.90399384498596,-0.023840695020166284,0.030803975069554033,0.05333766331430511,0.04967093482681946,0.03546238301172124,-0.00011259049027108126
42.92553400993347,-0.023630639852006242,0.03105575362669169,0.05350274339582794,0.04967842835795836,0.03530788457822039,-0.00011259068551059667
42.9480938911438,-0.02341262833711041,0.031320568283245295,0.05366931511177147,0.04968769416176979,0.03514927888759485,-0.00011258812885415548
42.969324588775635,-0.0231787962103339,0.031593585972838865,0.05383760807474031,0.0496935430813922,0.034986540333535585,-0.00011258453696840857
42.99133014678955,-0.02295668386822125,0.031865841905903754,0.05400786415744272,0.04969765379199541,0.0348231211942093,-0.00011258123511758588
43.013527154922485,-0.022739794465121133,0.03214745169564537,0.05417777643358104,0.049700196224883815,0.03466194913793526,-0.00011257696638375144
43.036428451538086,-0.022519203279419066,0.03240707575007154,0.05434800156158271,0.04970225296529953,0.034501707884763616,-0.00011257686135482842
43.05755376815796,-0.022264925397865034,0.032655669053219365,0.05451703971118543,0.04970406540019054,0.034341386369766636,-0.00011257876239156735
43.08029341697693,-0.02199802633229031,0.032909461374505636,0.05468520686926941,0.04970354006451478,0.03418049762603804,-0.00011257958321359928
43.10166835784912,-0.021733825445946233,0.0331795285123283,0.054853527068189314,0.049699502364419126,0.0340193769254345,-0.00011257758939212456
43.124486684799194,-0.021458697703597443,0.03345755023693544,0.05502331146397034,0.049691751619514,0.03385550943297892,-0.00011257463850063936
43.14551401138306,-0.021180477541142263,0.03374460104372665,0.05519411933848414,0.04968163172872632,0.033688522015607084,-0.0001125707110108964
43.166720390319824,-0.02089722841412049,0.03403448609422738,0.05536683430376344,0.049667007939905354,0.03351774810620668,-0.0001125670667739992
43.18859815597534,-0.020598979685815068,0.034327124474213246,0.0555407656941884,0.049647082089938795,0.03334452963783995,-0.00011256393371189846
43.2116596698761,-0.02031547947991029,0.03462494382706208,0.055716051912939636,0.04962389906095553,0.033167547548841075,-0.00011256048372882477
43.23306465148926,-0.02005989077636481,0.03493819359876476,0.05589215300688931,0.04959649716162342,0.03298972327147896,-0.00011255523607238694
43.25611138343811,-0.019826917224993516,0.03527766922273788,0.05606715384421447,0.049566461196751226,0.03281294863843561,-0.00011254712740466533
43.27721571922302,-0.019595206143520102,0.03562303259446695,0.0562415578455207,0.04953309559799078,0.03263725708359483,-0.00011254021565477861
43.29969263076782,-0.019374071989225722,0.035959848380655225,0.05641404009818341,0.04949991164643338,0.03246004871693969,-0.00011253652680321868
43.32171630859375,-0.01916027803634975,0.036285691231353674,0.05658594942066735,0.049468210451697796,0.032281015949386406,-0.00011253559256968031
43.34297776222229,-0.018947868924003887,0.03660880377465607,0.056757947648737594,0.04943679406011571,0.032097212697025666,-0.00011253558572714736
43.36457633972168,-0.01872432867585762,0.03692793789495295,0.05693025490905812,0.04940482130520607,0.03190818031233375,-0.00011253663398306096
43.38807225227356,-0.018496553472264518,0.037234373378530326,0.05710087646162091,0.04937204934979744,0.03171609963839527,-0.00011254012513017055
43.4103844165802,-0.018265724952494147,0.037509917768972265,0.05727012031453252,0.04933863826601714,0.03151980346404402,-0.00011254833047681268
43.43243932723999,-0.018028702133698702,0.03776100164800975,0.05743858211079931,0.04930404174934565,0.031321362608648505,-0.00011255913089481509
43.4542191028595,-0.017804115278280658,0.03800059297930485,0.05760550641130638,0.04926944633882269,0.031120643498371323,-0.00011256967723638061
43.47552967071533,-0.017575556255634495,0.038248342133625754,0.05777156969562809,0.04923621609341877,0.030918981832957333,-0.00011257671423813213
43.498414278030396,-0.017335122551466284,0.03850585252146869,0.05793677484318615,0.04920409477189992,0.03072039020248129,-0.00011258068663136637
43.51990604400635,-0.01709145372331956,0.0387652554444872,0.05810119540396905,0.04917308058924103,0.03052224837416802,-0.0001125833340678563
43.541088819503784,-0.016843546990685163,0.03900985499160971,0.05826544152366606,0.04914303869375075,0.0303261599433012,-0.00011258746679394769
43.56266188621521,-0.01659057495932514,0.039243873582443474,0.058427684204286436,0.04911226207149453,0.030131521610119734,-0.0001125924217153983
43.585652589797974,-0.016335571769789937,0.03947515116348285,0.058588799150545816,0.049080126945001266,0.02993794457790716,-0.00011259661411221969
43.60692882537842,-0.01608562677258428,0.03969020835013691,0.05874921264688117,0.049049204413967075,0.029745201666035927,-0.00011260200121848356
43.62978434562683,-0.0158490067770143,0.03991631252780607,0.058907234071162634,0.04901989823877682,0.02955300824423173,-0.00011260408948375798
43.65074110031128,-0.015607769651699594,0.040151363024152925,0.059063445794926665,0.0489921389758765,0.02936093264296016,-0.00011260392175776677
43.67207384109497,-0.015359299972584953,0.040389391576799515,0.05921823630916989,0.048964154084572074,0.029166351435498162,-0.00011260298355629299
43.695054054260254,-0.015112810913081672,0.040631120224143544,0.05937318722750494,0.04893300066573833,0.02896987548274272,-0.00011260122228185078
43.71617007255554,-0.01487815149465831,0.04087228379789535,0.05952517673698611,0.048896350255312665,0.028772007059476027,-0.00011260000583174264
43.737630128860474,-0.014649357863662206,0.04110612791965071,0.05967754948123662,0.048855105007052674,0.028571543576127973,-0.00011259983531590921
43.75964689254761,-0.014415451467614256,0.041334742458814765,0.059831365432482526,0.04881040577148785,0.02836996879413867,-0.00011260003572529916
43.782418727874756,-0.014188342831270812,0.04157364075784695,0.0599857825077434,0.04876125635414194,0.028166184147119654,-0.00011259815567879465
43.80353093147278,-0.013966319898073242,0.041819826620519245,0.06014115461006332,0.0487088366846541,0.027957868297133082,-0.00011259501062361874
43.82641911506653,-0.013734620480458972,0.04207901107632753,0.060298752821133214,0.048654326780395545,0.02774765310395803,-0.00011258986338958733
43.847522497177124,-0.01349951278787524,0.042361495694230346,0.06045952542020179,0.048599206299588825,0.02753879135070394,-0.00011258128817208344
43.869293212890625,-0.013270328604514586,0.04266454966305537,0.0606226017236538,0.04854410350207286,0.02733101456501787,-0.00011257054270894
43.89162540435791,-0.013036279293164381,0.04296616235545802,0.06078789080293602,0.048490084122157474,0.027122726514737572,-0.00011256173388896363
43.91281318664551,-0.012802105291345742,0.04325641781680259,0.060954839709420144,0.04843823702015925,0.02691681524958774,-0.00011255612717180779
43.934327602386475,-0.012555757066036595,0.04354881399816733,0.06112375879571569,0.0483869926299607,0.026713486843256914,-0.00011255115567516842
43.956599950790405,-0.012304240196953089,0.04383421803746583,0.06129296093669858,0.04833551684446428,0.02650983188564778,-0.00011254843371307242
43.97933220863342,-0.012050346560429706,0.04411387426494857,0.061462001710828496,0.0482845915066627,0.02630470198071955,-0.00011254733119097497
44.00020742416382,-0.011811801098925639,0.04436726813879148,0.06162807887818313,0.048236180267919614,0.02609208289770348,-0.00011255090600478099
44.023215770721436,-0.011564169165539647,0.04460078464209983,0.06179309328673384,0.04819189006562977,0.02587846597356366,-0.0001125569698208553
44.044395208358765,-0.011305152680333653,0.044818619996390315,0.06195711406738811,0.04814936287743383,0.025654774333414485,-0.00011256442072444152
44.067442655563354,-0.011017383984578587,0.04502635831198867,0.0621194575701011,0.04810647047685863,0.025430687997571522,-0.00011257235336171262
44.08853077888489,-0.010722987838404339,0.04522253996605177,0.06227799243784056,0.048061573057004585,0.02520696743756576,-0.00011258101475175831
44.11013889312744,-0.010418470296576783,0.04543498876843277,0.06243294204694579,0.048014222434898245,0.02496592916603203,-0.00011258575334690011
44.13210701942444,-0.010135633925758118,0.0456553736372289,0.06258672848800496,0.047965008659355456,0.024729496882637623,-0.00011258800319892322
44.155091285705566,-0.009879960584818123,0.04587754663771427,0.06273852401898498,0.04791571054815058,0.02449966616273523,-0.00011258917587580261
44.176573514938354,-0.009641004746325236,0.04610177729412946,0.0628876612248126,0.04786384143999452,0.02427486137014911,-0.0001125897623902826
44.19941425323486,-0.009404325859341691,0.0463171823437129,0.06303419485031088,0.047806916676285706,0.024055108361809817,-0.00011259185920895048
44.220961570739746,-0.00916938163763071,0.046526836719454026,0.06317727403494693,0.047744093708203476,0.023836160616563875,-0.00011259481569454607
44.243866205215454,-0.008930250484318848,0.04673902120148802,0.06331958918918373,0.04767621450740888,0.02361848194206926,-0.00011259672456190774
44.2652325630188,-0.00867487617277169,0.046960580510460585,0.06346089612262754,0.04760375201307247,0.023401957066396247,-0.00011259678857245502
44.2866153717041,-0.008432292360630613,0.04718788164110665,0.06360029339443922,0.04752712335072688,0.023174796646385647,-0.00011259582782579465
44.30900597572327,-0.008202723504986803,0.04741756722202117,0.06373700432688918,0.04744459380084856,0.022937428712314026,-0.00011259481037362145
44.33181548118591,-0.007985925745938479,0.04764638541860244,0.06387107907024563,0.04735757206651635,0.02269616382773768,-0.00011259418333994412
44.35384154319763,-0.0077663716891914905,0.047863849296239255,0.06400195463573674,0.04726612274765325,0.022452301708972826,-0.00011259573236180319
44.37584209442139,-0.007549977928607898,0.04809441776694528,0.06412931651483401,0.047170548486051,0.022205199634239364,-0.00011259509460732243
44.39677405357361,-0.007316213892610795,0.04833698061013062,0.06425489748093781,0.0470670773304885,0.02196284406228898,-0.00011259305925896209
44.419575929641724,-0.007050825134541096,0.04858570369485001,0.06437643789217264,0.046958734576994086,0.02171443397907022,-0.00011259109929404391
44.44108271598816,-0.006776467842050197,0.04884646650540779,0.06449575662908967,0.04684788749124489,0.021449998375523346,-0.0001125877145259894
44.46233630180359,-0.006510577132746594,0.049110332681847536,0.06461116038499275,0.04673734615699063,0.02119289578840972,-0.0001125845800610382
44.48416566848755,-0.006247944322408384,0.04937232547060175,0.06472342603967807,0.046624236656634024,0.02094374742992365,-0.0001125825881688554
44.506669998168945,-0.005990616849556907,0.049630244863496646,0.06483322618731953,0.046511698764560634,0.020701310799425138,-0.00011258157442715959
44.52903866767883,-0.005740193589315344,0.04986880022194668,0.06494023128104372,0.046399850215143805,0.02046349133545027,-0.00011258379932917287
44.55022406578064,-0.005483961741807519,0.050101335863490054,0.06504470798287004,0.046289405170001775,0.020229350354855142,-0.00011258647479523115
44.57244849205017,-0.005219028913691185,0.05031695655987083,0.0651486515774597,0.04617807076155916,0.01999913898147835,-0.00011259108671378213
44.5933313369751,-0.004938323680032432,0.05052247723094075,0.06525033783168542,0.046067627710441615,0.019771954827867946,-0.00011259627963735813
44.616031646728516,-0.004650465521437798,0.05073518560761028,0.06535051835207276,0.045957971733407245,0.01953559034356637,-0.00011259895855461731
44.63764786720276,-0.004360047624681282,0.05097103573291245,0.06544923051533355,0.04584851758130906,0.019302986959256946,-0.00011259706938157888
44.65891885757446,-0.004070880436850888,0.05121956146110471,0.0655446534326937,0.04574062656353602,0.019073672813875057,-0.00011259336628206426
44.68043756484985,-0.0037960945213947528,0.05147408404520343,0.06563908094943581,0.04563276776341846,0.018840896600498286,-0.00011258900143879784
44.70304274559021,-0.0035452504579566143,0.05170753934749091,0.06573230423875986,0.04552389582701159,0.018601365038777153,-0.00011258847417537845
44.72522830963135,-0.003300953009545341,0.05192692833485103,0.06582323408059264,0.04541332439651224,0.018365361606476886,-0.00011259022953109613
44.74636507034302,-0.003048251962206192,0.05214773682165606,0.065907439761416,0.0452996804102646,0.018128001084392723,-0.00011259214135418207
44.76929068565369,-0.0028183207314353325,0.05277974127525936,0.06610172137702754,0.04521861043715318,0.017900162969913456,-0.00011251058403571644
44.79137372970581,-0.003659706875172173,0.008408585323853685,0.11493702795662103,0.07477665425142989,0.017691312534696888,-0.00011097041486382377
44.8137412071228,-0.005027354348022519,-0.04388170858901487,0.17029135126972378,0.10797615090921393,0.017495220757006328,-0.00010988196573009754
44.83488178253174,-0.006554676794149792,-0.09394615818901937,0.2261208906000443,0.13735467483068656,0.017308165287009136,-0.00010886803541017362
44.856762647628784,-0.008021338073968374,-0.1384787738834523,0.28162110309066857,0.16182450504531667,0.017126976198375245,-0.0001075863672608824
44.87873935699463,-0.0093215138108967,-0.17731599997725975,0.337041097672291,0.18243505174232783,0.01694776261717483,-0.00010598529374366537
44.90156650543213,-0.010399195534115186,-0.2132342739020305,0.3931950265115914,0.20184227392004594,0.01676896666135171,-0.00010431307963606525
44.922834634780884,-0.011283148647842533,-0.2477152218053914,0.45026756929332257,0.22113700516385099,0.0165894907727264,-0.00010274736907194297
44.945581674575806,-0.012008155464180072,-0.2816038990076346,0.5082348911957638,0.240732977247324,0.01640923243045998,-0.00010139836299915116
44.967132568359375,-0.01260374072521174,-0.31541160282979663,0.5670288568648278,0.2607972442339527,0.01622616550379046,-0.00010031952545691668
44.99008560180664,-0.013094923324550034,-0.34943572567518416,0.6265377526200806,0.281350000042456,0.016039577125215,-9.953111509334269e-05
45.01168894767761,-0.013500196577282762,-0.38388006053165075,0.6866764593234299,0.3024029017032584,0.015846193173419683,-9.902736847777822e-05
45.033225297927856,-0.013835816222343967,-0.4188470185630095,0.7473880076152628,0.3239296863573583,0.015643249953991602,-9.878229581037464e-05
45.05511665344238,-0.014113222622014997,-0.45441648794399164,0.8086181981597356,0.3459229088177541,0.015427919440410826,-9.876659631706622e-05
45.078224420547485,-0.014344432520388254,-0.49063355736721853,0.8703225369129343,0.3683834250392849,0.015211029154974642,-9.894646966365329e-05
45.09907937049866,-0.014537247622201635,-0.5275320365372509,0.9324904001461974,0.39128588084409244,0.014993237800797412,-9.928754905309697e-05
45.12198066711426,-0.014698337282757466,-0.5651349477918371,0.9950721686428692,0.41461346494335555,0.014760112839122184,-9.97634610592159e-05
45.14298176765442,-0.014831166717484481,-0.6034521409170809,1.0580509894566261,0.4383589691668539,0.014526945753117098,-0.00010034420023565741
45.165616512298584,-0.01494118537418201,-0.6424724822547282,1.1214247124123686,0.46249378225410864,0.014288157201032105,-0.00010100045568410975
45.18741846084595,-0.015033643177232738,-0.682188413855705,1.1851706481361695,0.4870347543774332,0.014047486003114557,-0.00010170844465611263
45.20940351486206,-0.015112240783736299,-0.7225920159398411,1.2492632228109235,0.5119541412317503,0.013808613692540451,-0.00010245167898625516
45.2315559387207,-0.015178463804421338,-0.7637029508996791,1.3137256041056005,0.5372397126423898,0.013573260316394956,-0.00010321317668510185
45.25464129447937,-0.015236018925602446,-0.8054965658143451,1.3785634839471947,0.5628921568573643,0.013335220181896238,-0.00010397384003327237
45.27607083320618,-0.015287238237338538,-0.8479493304821031,1.4437537264814408,0.5889114950018302,0.013080171692696218,-0.00010472270786562662
45.298818588256836,-0.0153342655282943,-0.8910456567312057,1.5092872974889067,0.6153095092434594,0.012819946653060273,-0.00010544978308671234
45.320228576660156,-0.015377797545226666,-0.9347916114071718,1.5751665533928447,0.6420688743135644,0.012553037661045239,-0.00010615104018653057
45.343173027038574,-0.015418894493688972,-0.9791606700223742,1.6413739952831028,0.6691674615660816,0.012289970910275602,-0.00010682159222504179
45.36463451385498,-0.015459044648941616,-1.0241551743048902,1.7079058585650464,0.6965839522146747,0.012035120470654252,-0.00010746051696131263
45.386563777923584,-0.0154978264310482,-1.0697833237299805,1.7747705950639063,0.7243245764732803,0.011781562497165337,-0.00010806502664097183
45.409032344818115,-0.015536254849938256,-1.1160203747656117,1.8419498869071773,0.7524009650734779,0.011525688186530053,-0.00010863160143183887
45.43166208267212,-0.015574375865664273,-1.162857129692817,1.909439242210095,0.7808088707132135,0.011267857438770562,-0.00010915946652234878
45.45275926589966,-0.015611010049314271,-1.2102858543056612,1.9772325962568762,0.8095254123865737,0.011017395688076638,-0.00010965015255900321
45.47558569908142,-0.015646119070049303,-1.258303249967988,2.045338939071928,0.8385707266615644,0.010773549541120985,-0.00011010129875255691
45.49680137634277,-0.015677994777202522,-1.3069211651507926,2.113767066682405,0.8679469784675249,0.010535576237634167,-0.0001105150736497862
45.520079135894775,-0.015705411480789293,-1.356133798480748,2.182483979314917,0.8976590026048605,0.010295648342031465,-0.0001108965788141184
45.54128646850586,-0.015728148204632243,-1.405940860416655,2.2514671875451193,0.9276971589697823,0.010051489419517043,-0.00011125060889079616
45.56272006034851,-0.015746913014503237,-1.4563338150556255,2.3207081638989404,0.9580460864504322,0.009787359776753992,-0.0001115784964283593
45.58505964279175,-0.01576181007029812,-1.5073012109253374,2.3902235048745313,0.988681711661122,0.009507578947957621,-0.00011187828787339763
45.60809397697449,-0.015774386729164935,-1.5588266110188131,2.460002363994279,1.0196134905752492,0.009230951788440939,-0.00011214973468414008
45.629281759262085,-0.01578636692724619,-1.6108917241054381,2.530045914210103,1.0508361363248162,0.008933351879549687,-0.0001123919992589598
45.65199518203735,-0.01579687435335759,-1.6634930297046384,2.60035899097221,1.0823418208846833,0.008650797803093396,-0.00011260677097827891
45.673428773880005,-0.01580827917263807,-1.7166233218156648,2.6709194953495228,1.1140821756390995,0.008367345394415757,-0.0001128014201596976
45.696250915527344,-0.015820068486877944,-1.770290174943986,2.7417236732582864,1.1461005496248353,0.008088030008017177,-0.00011297613140567799
45.71734929084778,-0.015831957024825885,-1.8244849706178556,2.8127873175074987,1.1784011434233108,0.007814246804264596,-0.00011312857003419093
45.73895454406738,-0.01584315201179794,-1.8792045592460296,2.884124179009054,1.2109565205979427,0.007539969525184618,-0.00011326028176838209
45.761611461639404,-0.015854942806645792,-1.9344187536445465,2.955735453836692,1.2437634998990472,0.007276006454630018,-0.00011336883587791231
45.78435468673706,-0.015869621980920817,-1.9901186506825448,3.027606145301866,1.2768302592819636,0.0069985199783542396,-0.00011345740377187758
45.80608320236206,-0.015886403495075068,-2.046288085364613,3.099729792334777,1.3101553122219636,0.0067328631109832525,-0.0001135271219920729
45.82853722572327,-0.015904883010744653,-2.102951749094455,3.1721254121895277,1.3437520842587232,0.006477298256149122,-0.00011358095930084547
45.850245237350464,-0.01592423190094309,-2.160090741914281,3.244770074972916,1.3776058052989788,0.006229038450248074,-0.00011362236469020165
45.87285113334656,-0.0159433571733212,-2.217695362685795,3.31764797178347,1.4117016993534448,0.005988319906684578,-0.00011365468290118606
45.89403581619263,-0.01596193403286063,-2.275761081794659,3.3907427603319746,1.4460404862050462,0.005754054118469767,-0.00011368059202900419
45.9154736995697,-0.015980027231381116,-2.334284723168501,3.4640609550343355,1.4805955628451877,0.005523605365776359,-0.00011370106382547708
45.93757510185242,-0.015996555741190643,-2.3932712597975097,3.5376079733204193,1.515401597801852,0.005294847237926651,-0.00011371452919463113
45.9605872631073,-0.016011432182841578,-2.4527056095155766,3.6113636184311244,1.5504554734711729,0.0050698058580287775,-0.00011372265639554597
45.98156499862671,-0.01602501435328367,-2.512591680369883,3.6853379852582524,1.5857271230031167,0.0048450477514806415,-0.00011372723736698795
46.00428581237793,-0.01603831422263491,-2.57291018917412,3.7595410286567716,1.6212223741446576,0.004620621309623139,-0.00011372399723959586
46.02587699890137,-0.016051378755054614,-2.6336559100738977,3.8339456619128685,1.656943015566855,0.004397991245269592,-0.0001137171464079195
46.04894018173218,-0.016065012797349495,-2.694831098243191,3.9085479391087516,1.6928903435075413,0.004175579401179576,-0.00011370805427395839
46.07013130187988,-0.016078558409806185,-2.7564298684149993,3.983348156446795,1.7290605012484903,0.003949005861889724,-0.00011369635206179854
46.09177565574646,-0.016089912104070736,-2.8184352838343627,4.058345369173005,1.7654204476644566,0.00372023186586099,-0.00011368210981533193
46.113699436187744,-0.016100867424394746,-2.8808360088087577,4.133544079959335,1.8019776938888463,0.0034573470821773113,-0.00011366296275009973
46.13661003112793,-0.01611204160088802,-2.9436290469798143,4.208966076744154,1.8387385853832756,0.0031728126113279836,-0.00011363606351628656
46.15805149078369,-0.01612326921293944,-3.0068071836530583,4.28457951103625,1.8757067762725803,0.002866901424569247,-0.00011360617466953292
46.178765535354614,-0.016133284019502665,-3.0703553821581777,4.360371904826853,1.91288562139675,0.0025587735395337344,-0.00011357330808599197
46.201568603515625,-0.016142577091814565,-3.1342870948388155,4.436330557948398,1.9502815760152037,0.0022521695321071488,-0.000113541634540049
46.2226459980011,-0.01615016199047062,-3.1986149067370477,4.512456258068706,1.9878848799843243,0.0019568263832738003,-0.00011351348205675622
46.245219230651855,-0.01615529259233875,-3.2633208094206703,4.58873631018946,2.0256711691783247,0.0016762111768747593,-0.00011348880866189922
46.26701593399048,-0.016160436221019963,-3.3283882204678643,4.665181816359864,2.0636607990272036,0.0013973750762463568,-0.00011346166974372171
46.28857064247131,-0.0161666807811126,-3.393788655427115,4.741785858898321,2.101864739228397,0.0011096305590076274,-0.00011342866298142296
46.31018400192261,-0.016175394363173386,-3.4595363491739533,4.818571701628142,2.1402442932944097,0.0008350938860843399,-0.00011339251795046401
46.333404302597046,-0.016186955351162772,-3.5256345662684136,4.8955276278296544,2.1788015211593468,0.0005589401485764087,-0.00011335607917197967
46.35512685775757,-0.01620086519607043,-3.5920876085426823,4.972636438778408,2.217536352477368,0.0002935891835996137,-0.00011332266067866436
46.378466844558716,-0.016216413505941496,-3.65889497061705,5.0498895074716765,2.256459604633717,2.4461029567959394e-05,-0.0001132922787538511
46.399919509887695,-0.016233850782003283,-3.7260442217390395,5.12728947606481,2.2955479147188793,-0.00023691660100966084,-0.00011326369306216955
46.42295479774475,-0.016251936705597887,-3.793529281094581,5.20482634904044,2.334801370081765,-0.000497439672354007,-0.0001132371334248307
46.44411373138428,-0.016271276435784254,-3.8613443203720914,5.282485426653645,2.3742303527415882,-0.000776386049263141,-0.0001132127850297494
46.46613812446594,-0.01629145358104202,-3.929471874532151,5.360259779704669,2.4138097878075193,-0.0010699947048983744,-0.00011319017948180135
46.488250970840454,-0.016311696291191537,-3.997925543901732,5.438159612977772,2.453554245472469,-0.0013753581614113087,-0.00011316873179344936
46.511085510253906,-0.01633280856887172,-4.06671223235848,5.516173735115896,2.4934889536990394,-0.0016832248042327066,-0.00011314922292029564
46.53324556350708,-0.01635443825072148,-4.135824494246863,5.594315670597258,2.533620161724048,-0.0020022475850371853,-0.00011312790396277749
46.55503273010254,-0.01637732068476631,-4.205271659748194,5.672605824578846,2.5739332122685834,-0.0023313859636244177,-0.00011310465509409866
46.576493978500366,-0.016401339446313747,-4.275015963035506,5.75099913404926,2.614417029313025,-0.0026705603720943013,-0.00011308119802550058
46.59930992126465,-0.016427132841588865,-4.345059024824658,5.829497420743477,2.6550422366645474,-0.002985875766791738,-0.00011305944786348414
46.62054944038391,-0.0164544824523684,-4.4154064693529,5.908095551064631,2.695804820240399,-0.003283264374294734,-0.0001130408777271493
46.641955614089966,-0.016482896160758483,-4.486068296284309,5.986812822159094,2.736705526577282,-0.003564518381112819,-0.0001130236110502153
46.66393780708313,-0.016512042595389388,-4.5570421218248125,6.065656422450901,2.777734808591361,-0.0038392413142104066,-0.00011300660395256616
46.68693947792053,-0.01654259963689695,-4.628309743481734,6.144623706389764,2.8188998115286488,-0.004114133934861621,-0.00011298699473554297
46.70775294303894,-0.016574972367781413,-4.699866758568293,6.2237106538384985,2.8602035271661714,-0.004387830604423388,-0.00011296503149468113
46.73079490661621,-0.01660841660651453,-4.7717205948048,6.302917009016803,2.901638799147111,-0.004692347618329395,-0.00011294280604050653
46.75220465660095,-0.016642275576795915,-4.84386150159753,6.382239730062532,2.9431989058940533,-0.0050130323882607965,-0.00011291981378917126
46.77528524398804,-0.01667677420291882,-4.916278173451013,6.461665630436892,2.9848898061299907,-0.005326664349268147,-0.00011289603629654645
46.796154499053955,-0.01671196922757965,-4.988957422894126,6.541180878493584,3.026716161450538,-0.005627453375605671,-0.00011287136674512645
46.817535400390625,-0.016747058531658567,-5.061908305786968,6.6207998865225814,3.06868098409167,-0.005913012986950332,-0.00011284523230607213
46.83985090255737,-0.016783390008221728,-5.13512399496589,6.700542869771387,3.110787956004461,-0.006188074170188692,-0.00011281401296643825
46.863035440444946,-0.01681946503203269,-5.208593896812907,6.780374878545064,3.1530322011085175,-0.006482026843582563,-0.00011278246370264717
46.88475680351257,-0.016855769522641312,-5.282304129194679,6.860301809533024,3.195404966217255,-0.006760540265507975,-0.00011274852614466565
46.90735936164856,-0.01689213398959783,-5.3562583174899325,6.940320327077632,3.2378891728202186,-0.007026701341781808,-0.00011271494051261907
46.92883062362671,-0.016928220791075036,-5.430446258746725,7.0204292369106245,3.2804847487835587,-0.007282498992954214,-0.00011268051558053155
46.95166850090027,-0.016962800480489853,-5.504868876540235,7.100635127427524,3.323197320043858,-0.007535091967022398,-0.00011264452531745757
46.97307467460632,-0.016995469253429676,-5.579529547000055,7.180951299292081,3.365996860299094,-0.007793684837876869,-0.00011260805650151594
46.994945764541626,-0.017027427380946664,-5.654452661466643,7.261377479507059,3.4089119984363796,-0.00804776806078792,-0.00011257323733911548
47.017791748046875,-0.017058739970881,-5.729609850936289,7.341872799761417,3.451937301029145,-0.008295565232911773,-0.00011254174961553225
47.03977942466736,-0.017087713585124613,-5.804991797655336,7.422455946124491,3.4950724828310866,-0.008537641801236114,-0.00011250919990084545
47.062721252441406,-0.01711488407920103,-5.8805964238345405,7.5031584634823085,3.5383090170988982,-0.008775801422798983,-0.00011247189410785605
47.083956241607666,-0.017139270353401754,-5.956426633301266,7.583992173880759,3.581632345672335,-0.009015936039781828,-0.00011243076449012694
47.10694646835327,-0.01716074316572849,-6.032462350688632,7.664920146582037,3.6250384623255862,-0.00925383209340721,-0.00011238929324528321
47.12814426422119,-0.017181614349389775,-6.108700934755701,7.745948580937438,3.668544058504256,-0.009501468811365212,-0.00011234557474978601
47.14950680732727,-0.017202339115860683,-6.18513325477988,7.827063517173896,3.71213625124451,-0.009749412024261944,-0.00011230179645833343
47.17181181907654,-0.017222337023842606,-6.261764536961137,7.908258620456926,3.755823408026681,-0.010004083196506563,-0.00011225941575145947
47.19474124908447,-0.017241660635330863,-6.338590306795475,7.989531946701906,3.7995993269952444,-0.010251515842638727,-0.00011221847339551433
47.215649127960205,-0.017258539151338737,-6.4156203451592955,8.070893286736885,3.8434905650412743,-0.010493900730458913,-0.00011217740774090649
47.23874235153198,-0.0172736035541046,-6.492848030368312,8.152335002272638,3.8874595293969505,-0.010755915585707517,-0.00011213895995520731
47.260119915008545,-0.017288257168541436,-6.570281164669581,8.233864580550339,3.9315236303614753,-0.011026295614443862,-0.00011210186297205672
47.28348708152771,-0.017303717106025445,-6.647921399110856,8.315469078803897,3.975698383611791,-0.011296379463380253,-0.0001120671150518921
47.304638624191284,-0.017320360984827622,-6.725770278358163,8.397165291873241,4.01994573058584,-0.011579877040189899,-0.00011203472458067207
47.326449155807495,-0.017335515491954886,-6.803813525457648,8.478944005753503,4.064284421785506,-0.011849241435362918,-0.00011200246045416638
47.34869313240051,-0.01735015829100037,-6.882040842895261,8.560808655179335,4.10872029410746,-0.012108666532858945,-0.00011196816317485775
47.37166237831116,-0.017362920133324838,-6.960450298398639,8.642767729974116,4.1532146013670195,-0.012359604911282523,-0.00011193343094649786
47.39281988143921,-0.01737410624927442,-7.03903627053065,8.724809832112301,4.197756833884756,-0.01260367383500132,-0.00011189996907563742
47.41545581817627,-0.017384760892368397,-7.1178096506261115,8.806932274475233,4.24233359885679,-0.012840845403663814,-0.00011187045155407592
47.43709635734558,-0.017394222518182775,-7.19674924335775,8.88912866378788,4.286944194985399,-0.01307448638218549,-0.00011184211832742923
47.45983529090881,-0.017403669474798034,-7.275859760442839,8.971374280078955,4.331624352446717,-0.013324602248085796,-0.00011181667258288579
47.48098564147949,-0.017413604597490338,-7.355153208417065,9.053682863937283,4.376372821701293,-0.013587467196998302,-0.00011179350952765415
47.502976179122925,-0.01742433815872333,-7.434617168785074,9.136078397037393,4.42121352501331,-0.013842265901026283,-0.00011176569688678569
47.525229692459106,-0.0174346010620348,-7.5142548593767415,9.218554553230824,4.466135488409568,-0.014090810544295496,-0.0001117363074061758
47.54758358001709,-0.017445015695594052,-7.594080511441153,9.301103059403898,4.5111731661252295,-0.014337597631909298,-0.00011170679672470595
47.569159507751465,-0.017455438955786984,-7.674077567406099,9.3837066254631,4.556300753385874,-0.01457879332509526,-0.00011167893993175544
47.59166955947876,-0.017466199187936068,-7.754229927208297,9.466359585672288,4.601509801304804,-0.014817748562742821,-0.00011165153466344532
47.61427283287048,-0.017479678916445203,-7.834553614537425,9.549066932651066,4.646806582763001,-0.01505310682693855,-0.00011162576808852399
47.63661527633667,-0.01749728463357404,-7.91504025624579,9.63182968868113,4.692171162491902,-0.015285066661961982,-0.00011160129400429663
47.65790557861328,-0.0175205648391694,-7.995693840900479,9.714635473503247,4.737596924600677,-0.015514081038897558,-0.00011158055979819386
47.6796715259552,-0.017546887069206818,-8.076515141233152,9.797475961735755,4.783078313555901,-0.015745968960524107,-0.00011156441983424998
47.702720165252686,-0.017575416448464495,-8.157509525653978,9.880340387057009,4.828635018921468,-0.015981443346731967,-0.00011155288986372117
47.72437787055969,-0.017605849367561398,-8.238671190869615,9.963244807665259,4.874279622058394,-0.016214365213929584,-0.00011154113475530648
47.746416330337524,-0.017637634865841034,-8.320015405960119,10.046202098583281,4.919996213840918,-0.016445159722596123,-0.00011153045796313043
47.768001556396484,-0.01766910341555141,-8.401528078366335,10.129200114150272,4.965755143348288,-0.016677422576733252,-0.00011152203911414661
47.78969430923462,-0.017701420858099972,-8.48320539764146,10.212237755459462,5.01157744815619,-0.01692199615975809,-0.00011151356367094049
47.812307596206665,-0.01773373868705605,-8.565014672105288,10.295304813811658,5.0574545630432395,-0.017181114603964258,-0.00011150225663850818
47.83364272117615,-0.017767604422228266,-8.646973618720839,10.378419342817693,5.10337654124362,-0.017454780762304074,-0.00011148920082452311
47.85549974441528,-0.017805164308595193,-8.729100676489336,10.461584621202187,5.149357113546803,-0.017728650218430248,-0.0001114759136480178
47.877668619155884,-0.0178463457652389,-8.811382316361229,10.544807052169128,5.195395228507442,-0.018010226098254128,-0.0001114596622948603
47.90036416053772,-0.01789118048445734,-8.893828667958536,10.628076994001383,5.241516348715834,-0.018282622077088594,-0.00011144214211374602
47.922765493392944,-0.01793956930516403,-8.976420853539105,10.71138723835539,5.287703684632139,-0.01854158205766205,-0.00011142297899197525
47.94432091712952,-0.017991431894786566,-9.059163079795303,10.794748062991207,5.333970535127807,-0.018790935933440236,-0.00011140086027966058
47.9660861492157,-0.01804645617353469,-9.142053974651384,10.87816106487349,5.380323679145274,-0.01903238762566347,-0.00011137559352221435
47.989126443862915,-0.018105228534949423,-9.225086810421837,10.961650299762042,5.426754579335536,-0.01926740291417645,-0.00011134421774414984
48.01047468185425,-0.018165199590037016,-9.308268799066903,11.045204506905376,5.473258336333688,-0.019496387288967708,-0.00011131098228492942
48.03222894668579,-0.018225958869529223,-9.391597393678238,11.128818021668637,5.519821944587939,-0.019722656886547677,-0.00011127766978166797
48.054508447647095,-0.01828661532113025,-9.47507847857005,11.212483482479357,5.566452180532751,-0.019948900431651904,-0.00011124586979383653
48.07693386077881,-0.01834850093090944,-9.558699251034916,11.296221922390272,5.613167738940943,-0.020178177442221824,-0.00011120964644085636
48.09929275512695,-0.018411412249830342,-9.642456059302623,11.380041033470437,5.659927329960415,-0.020404881629544392,-0.00011117113097169136
48.120482444763184,-0.018473878023538618,-9.726340895549036,11.463913010222651,5.706739693921247,-0.020628473814695486,-0.00011113319068369855
48.142499685287476,-0.018535747371968215,-9.81035549425163,11.547806635572847,5.753618616997621,-0.020848652085194434,-0.00011109957546701952
48.165613412857056,-0.01859736142969579,-9.894488643672167,11.631724478108902,5.800541186568778,-0.021066617220419536,-0.00011106911727836255
48.187450647354126,-0.01866049096147752,-9.978731237390978,11.715665477397568,5.847491818385065,-0.021281021457543358,-0.00011104116599553689
48.209238052368164,-0.018726384027078193,-10.063101008326647,11.7996509942557,5.894498556568204,-0.02149354258977058,-0.00011101309848543464
48.23234558105469,-0.018793904558575967,-10.147605508203606,11.883685178325843,5.941555055330554,-0.021705599642814134,-0.00011098591029836874
48.25350880622864,-0.018862854989900663,-10.232237952560117,11.967755536976801,5.988652470484938,-0.021915664205224956,-0.00011096083209272668
48.276633501052856,-0.018932246517289798,-10.316987014958608,12.051864774969314,6.0358256365924055,-0.022125646408894122,-0.00011093344650094061
48.29758262634277,-0.019002577272890453,-10.401836905937255,12.136032178709165,6.08302324266308,-0.022337160581643846,-0.00011090273355953704
48.31946635246277,-0.019073089979010128,-10.486787299984364,12.22024508600735,6.130263562415618,-0.022548830718126255,-0.0001108700721117949
48.34172511100769,-0.019142976974969375,-10.571872412337127,12.304514898465452,6.177532447316875,-0.022759152621678377,-0.00011083999923422865
48.36338210105896,-0.019213624052565496,-10.657077187042573,12.388816597054975,6.224824539232112,-0.022970956491132646,-0.00011081378790724062
48.38547444343567,-0.019284665803831577,-10.742391016056423,12.473144453698078,6.272165694374245,-0.023183816923377565,-0.00011078847751209163
48.40901160240173,-0.01935575885015069,-10.827805329708898,12.557495516463419,6.319547006363905,-0.023397666093824758,-0.0001107637501142602
48.43019676208496,-0.019428172385466534,-10.913315987554089,12.641867158551962,6.366975327325148,-0.0236134555768741,-0.000110738916185793
48.45294952392578,-0.019501540117943708,-10.998942537721529,12.726292800831546,6.414450668010435,-0.02382778881222924,-0.00011071216902731243
48.47459268569946,-0.019576675398437143,-11.08468770328804,12.810767215470584,6.4619698720479475,-0.024040863330563555,-0.0001106852457041816
48.49753165245056,-0.019655369800672517,-11.170544722563884,12.895252369265135,6.50953793995324,-0.024254034253801078,-0.00011066218498815871
48.51898002624512,-0.019737325652976964,-11.256507604529396,12.979739780270053,6.557122192580619,-0.02446880720687361,-0.0001106445946632139
48.541019678115845,-0.019823067050043202,-11.342562046084204,13.06422372081352,6.604743874001853,-0.02469765099801883,-0.00011062886301153386
48.56337285041809,-0.0199122940933247,-11.428722860016434,13.148727038759523,6.652428343621108,-0.024925267972966264,-0.00011061187673194086
48.58567690849304,-0.02000543204466843,-11.514985270347362,13.23324951790339,6.700172264196576,-0.025151631058979183,-0.0001105934373534817
48.60751819610596,-0.02010381091630688,-11.60135803469883,13.317808642649563,6.74795542166994,-0.02538063726096658,-0.00011057385353575084
48.629560708999634,-0.0202077770871631,-11.687844786224181,13.402428817984443,6.795790367219758,-0.025622719514563422,-0.00011054974950357462
48.65127348899841,-0.020316544486616163,-11.774424869651378,13.487080000724482,6.843657019353715,-0.025859794404852705,-0.00011052465232327642
48.67372703552246,-0.02042944612839351,-11.861111364501555,13.571743651836902,6.8915482287699055,-0.026111357881189103,-0.00011050351413347701
48.69517159461975,-0.020546208576945824,-11.947905171032648,13.656446083567934,6.939484165636345,-0.026375246174023256,-0.00011048085193333533
48.717002868652344,-0.020664760081931712,-12.034808993890193,13.74116939836067,6.987457662448429,-0.02665587577855401,-0.00011046023250729987
48.73966312408447,-0.02078718332478203,-12.12183136392455,13.825913159896176,7.035462576629997,-0.02692501920342779,-0.00011044278416488378
48.761801958084106,-0.020912783500105822,-12.208947016624869,13.910646240982231,7.083499367657037,-0.027189441116936032,-0.00011042864726726823
48.784587144851685,-0.02104056113491856,-12.296171381930138,13.99537836965729,7.131579748700425,-0.02744474809500225,-0.00011041706215880658
48.805821895599365,-0.021167887240688094,-12.383472963739532,14.0800953402199,7.179699200501009,-0.027688342219860208,-0.00011040544192350426
48.828428745269775,-0.021296100787770965,-12.470861009109477,14.164814569289167,7.2278433609043375,-0.027922715405645473,-0.00011039341646385061
48.85038447380066,-0.021424237543540635,-12.55834513776022,14.24954275639555,7.275996940982541,-0.028149573336054064,-0.00011038226040700705
48.871493101119995,-0.021552537141018215,-12.64591720443326,14.334286828060723,7.324177707155632,-0.02836963963181299,-0.00011036856299719156
48.89365887641907,-0.02168113821734973,-12.73358612385193,14.419061196077713,7.37236986978052,-0.02858200417957054,-0.00011035294447572951
48.916136264801025,-0.021810797915379987,-12.821354884698392,14.503852651197322,7.420587335202551,-0.028789304486427893,-0.00011033703347127372
48.93814492225647,-0.021942125645827548,-12.909244015602733,14.588659905993012,7.468803630338923,-0.028992486489822514,-0.00011032530143054515
48.961079120635986,-0.022074113309138794,-12.997257393545832,14.673473036588048,7.517064073496666,-0.02919173449034828,-0.00011031581576149987
48.982025146484375,-0.022207199653569824,-13.085376971885639,14.758322982250993,7.565375118052182,-0.029387506626789735,-0.00011030102482728115
49.00464844703674,-0.022340560640300006,-13.173597981971641,14.84318792685424,7.613725882886225,-0.029581865571915927,-0.00011028491617678983
49.02622938156128,-0.02247412478014913,-13.261886612175365,14.928051825213393,7.662105964763297,-0.02977511239848714,-0.00011026609345912568
49.04840350151062,-0.022606869448541515,-13.35025612726818,15.01291788895134,7.710489956582933,-0.029968650470594414,-0.00011024795110832836
49.07081651687622,-0.022739074543919456,-13.438722328533613,15.097791035812948,7.7588923643982,-0.030161261856178612,-0.00011023080481026789
49.093594789505005,-0.022871279989403723,-13.527301135586802,15.182663318534633,7.807344319431937,-0.030356231618674644,-0.00011021560387661293
49.11454105377197,-0.023003432454533474,-13.615984341954873,15.267532282197463,7.855831003733942,-0.03055251833510358,-0.00011020204111633165
49.13735485076904,-0.02313766502472802,-13.704764337080666,15.352396088236667,7.904338488095035,-0.030748952533928956,-0.00011018977785478976
49.15861630439758,-0.02327273341108246,-13.7936463872967,15.437275783162148,7.952885713408166,-0.030943234721281174,-0.00011017511381838262
49.18152952194214,-0.023408776720451212,-13.882624856806263,15.522182290575996,8.00144217618797,-0.03113512999312856,-0.00011015812586851963
49.203091621398926,-0.02354613375965279,-13.971710182942683,15.607101303243113,8.050018595968254,-0.031323426510104765,-0.00011014183222723674
49.22445583343506,-0.023684770434767945,-14.06089165406411,15.692021052827847,8.098623960807428,-0.031509037164132246,-0.00011012566807993588
49.247092962265015,-0.02382278093606262,-14.15015928515612,15.776928901726023,8.147243029687056,-0.03169453703722755,-0.00011011090164194928
49.26946711540222,-0.023959204908525933,-14.239506646309058,15.861816445985466,8.195892020583816,-0.03187757052046994,-0.00011009647208376073
49.2907509803772,-0.024095386823495515,-14.328940962893366,15.946704801290444,8.244575995617165,-0.03205654649552875,-0.00011007998488731603
49.31329417228699,-0.024230456066374636,-14.418444067790752,16.031606781851558,8.29326286424589,-0.03223238186654285,-0.00011005973071640576
49.335092306137085,-0.024365395601827218,-14.508008018449237,16.11651703427847,8.341950513453867,-0.0324033305233732,-0.00011003629960519725
49.35784697532654,-0.024500350383202085,-14.597632862222852,16.20145009695488,8.390656200800533,-0.03257423565984159,-0.00011000736949720564
49.37915349006653,-0.02463614111876464,-14.687336738227211,16.28640675412119,8.439402641507348,-0.03274556752622914,-0.00010997497692502024
49.401649475097656,-0.024770846433900123,-14.777118712097902,16.3713675868983,8.488185071592737,-0.03291622585142179,-0.00010994277461511147
49.424737215042114,-0.024904315199035527,-14.866980945896326,16.456326379306375,8.536999413399027,-0.03308485427770991,-0.00010991223178587408
49.44625115394592,-0.02503693930783409,-14.956929097395436,16.54132667931516,8.58582635572947,-0.033249513081657,-0.00010987919233769107
49.46907639503479,-0.025169517598504828,-15.046949714966596,16.626361132635004,8.63469026340625,-0.03341046112533754,-0.00010984210214710796
49.49023938179016,-0.02530309721329453,-15.137036590779651,16.711423979864488,8.683603651925136,-0.03356778788986119,-0.00010980121515206109
49.513550996780396,-0.02543636732732266,-15.227183257854305,16.79648988627174,8.732534267525704,-0.03372448289854234,-0.00010976214789994209
49.53483271598816,-0.02557078994948469,-15.31738388861227,16.881566113809352,8.781509157505809,-0.03387893611467065,-0.0001097213929078297
49.55654788017273,-0.025706812463669043,-15.407644200525779,16.96665731684004,8.830506777454241,-0.03403158946744264,-0.00010968098218228354
49.5786395072937,-0.025861952609976913,-15.497963178206684,17.051749668363755,8.87952968231763,-0.03418142117823667,-0.00010964255367844258
49.601548194885254,-0.026020506136038284,-15.588366744011745,17.13686676296826,8.928565809343354,-0.03432803720780432,-0.00010960688268871637
49.62258839607239,-0.02621301688357026,-15.678856954843253,17.222002448401085,8.977643189925303,-0.034471707754201546,-0.00010957273919822342
49.64544439315796,-0.026436373460421582,-15.769412368999017,17.307170075934355,9.026747020522205,-0.03461344082875707,-0.0001095364337234634
49.666869163513184,-0.026660335448619454,-15.860003452634821,17.392359659455106,9.075890791253196,-0.03475279784067582,-0.0001094956355285867
49.68946123123169,-0.026868075333401204,-15.950655946919156,17.47756763982763,9.125068785773882,-0.0348889457314211,-0.00010945569620842293
49.71064043045044,-0.027062939943465605,-16.041376439058766,17.562774755327467,9.174274919352817,-0.03502378407841749,-0.00010942044037753136
49.73270654678345,-0.02726560272827961,-16.132164865877307,17.647963605044666,9.223484542715482,-0.03516014990916458,-0.0001093927844800551
49.755563259124756,-0.027466962922886962,-16.22299606679093,17.733122277256854,9.272694954131047,-0.03529611389800829,-0.00010936994753449839
49.77769088745117,-0.027671572565036266,-16.313862863085966,17.818262830449243,9.321897306463157,-0.03543371182921856,-0.00010934897508332185
49.80054259300232,-0.027874065685146065,-16.4047951192124,17.903389768660983,9.371117016646311,-0.035571442687500995,-0.00010933106544690092
49.82168650627136,-0.028069032036758614,-16.495783771174608,17.988489585816357,9.420350739442863,-0.03570843016742015,-0.00010931646422553302
49.84460711479187,-0.028286111601646464,-16.58684194839614,18.07358854763572,9.469623831983375,-0.03584807759078127,-0.00010930075120347176
49.86611223220825,-0.02852470692806209,-16.67796040991086,18.158703489063843,9.518936922934802,-0.03598917395310102,-0.00010928064231984726
49.88760828971863,-0.028762615663489942,-16.76914344795204,18.243798723330926,9.568323263445443,-0.036129908990064276,-0.00010926042251917139
49.90977907180786,-0.029007733978844673,-16.860379711461757,18.32890440921824,9.61777034008993,-0.03627007304742096,-0.00010923537657561029
49.93303942680359,-0.02925454540202585,-16.951693287052443,18.41400524351886,9.66725674026974,-0.03641100318604398,-0.00010921289479576764
49.95417094230652,-0.02949993767033818,-17.043059141201628,18.499118369680403,9.716764496999863,-0.036550223250455344,-0.00010918821310339841
49.97701692581177,-0.02974541858735489,-17.134467289106084,18.584224761213445,9.766286525927645,-0.036689851289231266,-0.0001091635599954071
49.99802589416504,-0.029970357750342746,-17.225936153796486,18.66933831345313,9.815809823416902,-0.036831141827102225,-0.0001091403143946311
50.020631551742554,-0.030178082524997492,-17.317439972689705,18.754459547314145,9.865329550815575,-0.03697208389906623,-0.00010911525737240689
50.04241490364075,-0.030371993966037094,-17.408988410407684,18.839591980297865,9.914866185211245,-0.0371131767469037,-0.00010908824170065324
50.063767433166504,-0.030571991415862015,-17.500589783976512,18.924718025544134,9.964418816899455,-0.03725534933631245,-0.00010906301968526661
50.086087226867676,-0.030772233072821186,-17.5922624467666,19.009838529093543,10.0139742096074,-0.03739658569185154,-0.00010904224377238188
50.10912466049194,-0.030965884612126328,-17.684009465825145,19.09497845761182,10.063515074719291,-0.03753422197695079,-0.00010902313325460499
50.13018321990967,-0.031192108268928594,-17.775796424186666,19.180143359324845,10.11304050771888,-0.03766840957359448,-0.0001090001676465586
50.15316915512085,-0.031431752982690984,-17.867646540887243,19.265318906871688,10.16257906617477,-0.03779919674691013,-0.00010897725941041204
50.17413020133972,-0.03167561188676045,-17.959528954804746,19.350486941841798,10.21213616660864,-0.037929976702049395,-0.00010895281490732913
50.19753575325012,-0.031905133697704105,-18.051468431765535,19.435664911293557,10.2617103331952,-0.03806185952804011,-0.00010892807684080925
50.218666076660156,-0.03213498186033165,-18.143472822192134,19.52086046741344,10.311311246427202,-0.0381948951623217,-0.00010890237458675632
50.24061441421509,-0.032362621321388986,-18.235542817436873,19.606077676577073,10.360972845146435,-0.038326862517864754,-0.00010887342720039047
50.26309609413147,-0.03259257311860335,-18.327678981222554,19.69130013365551,10.41065569939102,-0.03845804623413052,-0.00010884662062252426
50.28570008277893,-0.03281632152035647,-18.419880053600977,19.77652584772493,10.460338319776461,-0.03858546644387295,-0.00010882306124615273
50.30835700035095,-0.03302361701565069,-18.51213660715938,19.86177058704845,10.510024222618092,-0.038708409708719006,-0.00010879872098208069
50.33002829551697,-0.033237525112706924,-18.60443809873225,19.94704431468863,10.559725545091979,-0.038826328974991685,-0.00010877029567389103
50.353097915649414,-0.03346556425993616,-18.696779188548966,20.03232340596974,10.60943396826508,-0.03894104757672489,-0.0001087416663684321
50.37508749961853,-0.033700267911611397,-18.789159036185815,20.117586037257542,10.659187178337461,-0.03905110638722104,-0.00010871350694594124
50.39639186859131,-0.033943757313859034,-18.8815882668606,20.202850490505952,10.708974167607138,-0.03916000197370767,-0.0001086853020804468
50.418466567993164,-0.034166364433949596,-18.974093195177073,20.288134954251987,10.758790521221684,-0.039267792996843784,-0.00010865833140885975
50.44077730178833,-0.034388964944995076,-19.066663512109223,20.373447761847167,10.80862360826283,-0.039375012227756113,-0.00010863069046549815
50.463135719299316,-0.03462054886793934,-19.159271213191495,20.458758327811232,10.858486610191862,-0.03948336543035462,-0.00010860244340226017
50.48605442047119,-0.03486007620619655,-19.251952857678802,20.544077180359412,10.908356157807974,-0.0395927683344695,-0.00010857817754612769
50.50736403465271,-0.035118365768914084,-19.344714323624117,20.62941947307607,10.958238092794385,-0.039699941646331255,-0.0001085553469031852
50.530086278915405,-0.03539546055294489,-19.43754516667048,20.714786479056336,11.008147735748214,-0.0398049459472326,-0.00010853130477109743
50.55204129219055,-0.0356804200550482,-19.53044583408982,20.800191155700873,11.058076824973922,-0.039909642177861734,-0.00010850522209246109
50.57356572151184,-0.03595804539924377,-19.623395260881644,20.88561030262793,11.10801286403053,-0.04001352811283488,-0.00010847901125742082
50.5956494808197,-0.036246647931412745,-19.716381724520048,20.971027290160773,11.157966911375096,-0.04011431613126375,-0.00010845276952323346
50.618582248687744,-0.0365374691194113,-19.80938636397817,21.056447216017066,11.207930037227058,-0.040211121408548586,-0.00010842426291797437
50.639618158340454,-0.036836955579055176,-19.90241986155671,21.14186970965267,11.257876149069315,-0.040304780426299855,-0.00010839690239755864
50.66262197494507,-0.03714209950828224,-19.995510111033248,21.227292557859613,11.30782575607214,-0.04039549230124811,-0.00010837285644363509
50.68350601196289,-0.03743856490432985,-20.088668258587575,21.312712160337828,11.357807541650045,-0.0404846927593538,-0.0001083515840454415
50.706175327301025,-0.03771620161115413,-20.181889018844885,21.398124637479565,11.40781564929879,-0.04057065140967266,-0.00010833280809622338
50.72844314575195,-0.0379953741526139,-20.27517437943381,21.4835205200042,11.457831818201349,-0.040655144730296126,-0.00010831842221089368
50.74980711936951,-0.038285481665303885,-20.368516632146246,21.568910556197064,11.507847926926267,-0.040737925637172344,-0.00010830551564829567
50.772204875946045,-0.03857519943082402,-20.461918308265332,21.65429668501837,11.557859347698768,-0.040818587459810415,-0.00010829404145076366
50.79499077796936,-0.038873361583443136,-20.555378420979775,21.739693207027415,11.607869550612907,-0.04089697469252334,-0.00010828126611923842
50.81660509109497,-0.03918293724175977,-20.648900866106167,21.825121269054645,11.657881515265736,-0.04097410540887722,-0.00010826476429912275
50.83907651901245,-0.039496404251178334,-20.74246876019591,21.910561207366317,11.70793586567437,-0.041049563049310026,-0.00010824341115430675
50.86076498031616,-0.03980521460879581,-20.836068685507342,21.995987049810328,11.758017543244247,-0.04112348137461884,-0.00010822103252682012
50.88375544548035,-0.04013438929182293,-20.929694763395066,22.081399009750996,11.808113638215753,-0.04119625197450582,-0.00010819774798543147
50.90492653846741,-0.040462863795981775,-21.023368328016378,22.16679491066086,11.85823179489451,-0.04126752354742567,-0.00010817617721347046
50.92647433280945,-0.04079328263800776,-21.117098560870634,22.25218127466964,11.908387049292623,-0.04133891098477087,-0.00010815520724808117
50.94875144958496,-0.04111037610289684,-21.210885295470867,22.33757335833368,11.958544345753735,-0.04141261624163408,-0.00010813488755698458
50.97157311439514,-0.041423804416926766,-21.30472406510684,22.42295970529586,12.008714453569553,-0.04149082322421791,-0.0001081153186089912
50.99262237548828,-0.041749873485901666,-21.3986162513865,22.50833831005209,12.058882753109879,-0.04157384706026182,-0.00010809750320713634
51.015419483184814,-0.0420779878043178,-21.492550760333597,22.593716786718446,12.109044022390965,-0.04166090540311766,-0.00010807911606867212
51.037320613861084,-0.04239818885418409,-21.586553194629293,22.679113906785634,12.15920563930666,-0.041751314467696594,-0.00010806027762699205
51.060057163238525,-0.042700669212471204,-21.6806077908652,22.7645287670979,12.209379108393756,-0.04184135527852624,-0.00010803868832951203
51.08108067512512,-0.04299657974288843,-21.77469041172639,22.849948749585113,12.259569134607364,-0.04193161847311642,-0.00010801343138403732
51.10291576385498,-0.043281286849729185,-21.868821978202913,22.935381691005574,12.309783105950522,-0.04202063609618283,-0.00010798621973704185
51.125587463378906,-0.043564583508809956,-21.962986707033423,23.020807865147685,12.360020036836225,-0.042111450750960025,-0.00010795830304311516
51.14777994155884,-0.04385741412660943,-22.057172776699698,23.106203761297316,12.410289142751974,-0.04220290781395746,-0.00010793101184274976
51.169180393218994,-0.044166493155483814,-22.151401373476933,23.191615004364202,12.460567709221635,-0.04229484514593147,-0.00010790201214718821
51.19144129753113,-0.044494213785846684,-22.245658422448727,23.27705174038004,12.510848628516086,-0.042388689062041275,-0.00010786921443555844
51.21305227279663,-0.04481491667043422,-22.339938284671593,23.362513798666182,12.561128085900343,-0.04248299713546081,-0.00010783331259217903
51.2358922958374,-0.045148130965225464,-22.434233676184228,23.447974925552273,12.611454208648958,-0.042576298683581155,-0.00010779468745574503
51.2573881149292,-0.04547509140421248,-22.528532814687264,23.53343967179944,12.661791672669715,-0.042667028674014236,-0.00010775445969783612
51.279327154159546,-0.04580373105378509,-22.622861857560704,23.618921514318835,12.71214777625241,-0.04275634212685761,-0.00010771387388579929
51.30103826522827,-0.04614046141758927,-22.71721992199011,23.704410503219915,12.762541019153261,-0.04284225976674211,-0.0001076732777488956
51.323965549468994,-0.04647371778598617,-22.811600609879687,23.789905202523016,12.812976200822346,-0.04292530541179762,-0.00010763215954273409
51.34577560424805,-0.046793101094699426,-22.90601738031258,23.875377143883423,12.863458683342284,-0.0430061502189515,-0.00010759586441776621
51.36770224571228,-0.04712311668349731,-23.000484342782407,23.960825217750315,12.913967293867026,-0.043083595065266045,-0.00010756643596104792
51.389482736587524,-0.04744793749274727,-23.09500891004006,24.046247002059125,12.964508238827278,-0.04315746714853898,-0.0001075434126236931
51.41219997406006,-0.04774899784307909,-23.189593905021045,24.13165725526875,13.01507506712886,-0.04322535467905609,-0.00010752435319496294
51.43382811546326,-0.04803120055558336,-23.284239396509026,24.217074850557957,13.065649914968846,-0.04328831362182405,-0.00010750695632274027
51.455641746520996,-0.04830700673954912,-23.378937051936056,24.302519962792115,13.116241558902933,-0.04334787681009837,-0.00010748658900483809
51.478365898132324,-0.04860008386670405,-23.47366511899575,24.38798929594146,13.16684080080855,-0.04340490444514404,-0.00010746222689716754
51.500189781188965,-0.04890451659449242,-23.568434394858723,24.473480535163365,13.217423879657183,-0.04345973122009729,-0.00010743768558759911
51.52243781089783,-0.0492201709348,-23.663233783215517,24.558962582514535,13.268021701744315,-0.04351221621984066,-0.00010741397811464955
51.5442578792572,-0.0495586569312746,-23.758079190836355,24.644446084249946,13.318622465454553,-0.04356188534580224,-0.00010739194028559558
51.56606483459473,-0.04989442077046677,-23.8529448287596,24.72992044616412,13.369218557296373,-0.04360691249078014,-0.00010737036822589141
51.588481187820435,-0.05021619634110879,-23.947840262055788,24.81540265976967,13.419836173565896,-0.04364647662174862,-0.00010734644003649495
51.60971713066101,-0.05052962302899953,-24.04276389090874,24.900888753918284,13.470489692590021,-0.04368194705414677,-0.00010732006890391893
51.63103246688843,-0.05084410678673868,-24.13770446245747,24.986372730924085,13.521165990777476,-0.04371041163281139,-0.00010729207508799737
51.65367126464844,-0.051177291447979535,-24.232677500746817,25.07185080675063,13.571897223457874,-0.04373265628703719,-0.00010726297818293781
51.676663398742676,-0.051531365565537585,-24.32768054610106,25.157331231812037,13.622689189876382,-0.04375073406529243,-0.00010723135134212413
51.69813251495361,-0.05188972676669739,-24.422724749333423,25.2428150347595,13.673514304511247,-0.04376872434310247,-0.00010720068650735295
51.72033667564392,-0.0522424239431703,-24.51780776240634,25.328281350866916,13.724387866529653,-0.04378556925523162,-0.00010717247854471108
51.74204921722412,-0.05257593377187947,-24.61293434188445,25.413749001440006,13.77528729291711,-0.043800992050093225,-0.00010714579031685355
51.76501417160034,-0.05290368055365722,-24.70808496676233,25.49921418797903,13.82620450765779,-0.04381512123057078,-0.00010711911288096409
51.786160945892334,-0.053242495418814685,-24.80326777038696,25.584678141458433,13.877131307772975,-0.04382779863813835,-0.00010709359482976842
51.80777406692505,-0.05356419429182615,-24.8984671104971,25.67014231345572,13.928070498554602,-0.043835304983087124,-0.00010706713142835549
51.83014631271362,-0.05388388495379884,-24.99368677337263,25.755608034536447,13.97904672037278,-0.043838406908396604,-0.00010703858865021017
51.85300326347351,-0.054217607076709945,-25.088920866400223,25.8410588933065,14.030077308418674,-0.04383819702706271,-0.00010700880103126869
51.87535762786865,-0.05454930408404584,-25.184159138995142,25.926487024964473,14.081135706703842,-0.04383715517104999,-0.00010697973747425619
51.89706325531006,-0.05488483309319554,-25.27941722316168,26.011897560421637,14.132210502458868,-0.04383608468400241,-0.00010695299582719942
51.91878819465637,-0.055207257417324365,-25.374723554196304,26.097302386253467,14.183296685789195,-0.043833618465287875,-0.00010693005952658067
51.94127368927002,-0.05553098562949709,-25.4700841106332,26.18271290078994,14.234398621547104,-0.04382976862111312,-0.00010690891693223064
51.96226501464844,-0.05586316390702836,-25.565506755622604,26.268134318035827,14.285521751149657,-0.04382452618026409,-0.00010688893154926704
51.98420262336731,-0.0561886842783048,-25.66098706712972,26.353549294091184,14.336688495600717,-0.04381542980418172,-0.0001068703109168402
52.00661873817444,-0.05653069949262443,-25.75651654602133,26.438955385239232,14.387859496565014,-0.04380287030037711,-0.00010685433792811998
52.029290437698364,-0.056897368526648895,-25.85207341219816,26.52434360884205,14.439040662094033,-0.043786232099134556,-0.0001068387734523347
52.051403522491455,-0.05727901469582526,-25.94765737943807,26.609710015838935,14.490263038652007,-0.043765067363677086,-0.00010682206492671745
52.07365131378174,-0.05766611679822647,-26.043262880866028,26.695068736180144,14.541539030132409,-0.04373797114913919,-0.00010680120208219125
52.09529733657837,-0.05805538475157897,-26.138907534733402,26.780431244993014,14.592849988859557,-0.043701912823624706,-0.00010677851741961139
52.118236780166626,-0.05846917398693944,-26.23459182946329,26.865799613378595,14.644166302629806,-0.043660343787519935,-0.00010675579164447394
52.13937544822693,-0.05888508811306703,-26.33030932748506,26.951158278298394,14.695507385681234,-0.04361534958634935,-0.00010673330320170995
52.16090178489685,-0.059314281895027035,-26.42606654314811,27.036523356716167,14.746843445697037,-0.04356777121492931,-0.00010671129958003819
52.18314218521118,-0.059748040409004353,-26.521851769837053,27.121874502964694,14.798208120888987,-0.04351641846213,-0.00010668905676492236
52.206294536590576,-0.06019871484925811,-26.61767952718506,27.207232145021187,14.849620018650182,-0.043461708618045346,-0.00010666425016342084
52.22776746749878,-0.060655941395558285,-26.713542376342378,27.29259342026835,14.901067931078373,-0.04340681454473928,-0.00010663772739761094
52.25017428398132,-0.061091906280761936,-26.809444944382534,27.37794225035635,14.952547715752132,-0.04335268407019981,-0.00010661286162967047
52.27255129814148,-0.061503999166350964,-26.905378334451132,27.46327641639493,15.004082029341694,-0.0432987471968137,-0.00010658729492185585
52.2950325012207,-0.06190242640805194,-27.001349825472737,27.548597131099555,15.055654886960935,-0.043245637028553316,-0.00010656268804135778
52.31676626205444,-0.0622744380387239,-27.097344385400188,27.633919401543572,15.107258860901103,-0.04319216194752231,-0.00010653583060694491
52.33869194984436,-0.06263820691480007,-27.193336428539677,27.719228630484047,15.158880693093478,-0.04314032888547137,-0.00010650711550715128
52.36162829399109,-0.06299576928806974,-27.289319284333036,27.80452337630163,15.210518810822895,-0.0430899726447971,-0.00010647655141167266
52.38300609588623,-0.06336916282391654,-27.38530397398588,27.889793189271707,15.26217608740092,-0.04304033378692659,-0.00010644679906741783
52.40600061416626,-0.06376348426300944,-27.481321789079733,27.975081845174298,15.313828655398313,-0.04298842403383502,-0.00010641675276724316
52.42770981788635,-0.06417088111537839,-27.57738375989348,28.060394913854843,15.365514868645919,-0.04293593162759488,-0.0001063846761655612
52.45087122917175,-0.06457000406546332,-27.6734773090652,28.145746380800343,15.41721417414327,-0.042881782969145604,-0.00010634932287023239
52.47215533256531,-0.06494087681673869,-27.769598440309522,28.231092690691185,15.468929997513568,-0.04282625065001463,-0.00010631665199575253
52.49370193481445,-0.06530793496831011,-27.86574674122218,28.316443637419777,15.520685428553369,-0.042769420419566676,-0.00010628334240650275
52.51639485359192,-0.0656714252036529,-27.961921993101704,28.401800792198728,15.572467389250399,-0.04271267316549814,-0.0001062501940438164
52.538800954818726,-0.06605483707695799,-28.058108338556263,28.487172456862062,15.624266893418106,-0.04265676587230459,-0.00010621496007816074
52.56155872344971,-0.0664432494950943,-28.154301003938112,28.57255548584711,15.676098189046165,-0.04260188533507278,-0.0001061773436432943
52.58254098892212,-0.0668546842326496,-28.250495999216273,28.657948677545054,15.727945949545274,-0.042545457372774695,-0.00010613856508255001
52.605292558670044,-0.06730879433788509,-28.346697661819167,28.743331259670295,15.779828214943478,-0.04248352486928847,-0.00010610097138730473
52.626938819885254,-0.06777403028966153,-28.442917004365878,28.82871656251122,15.831743785522706,-0.0424151052017775,-0.00010606415426070689
52.64914512634277,-0.06821861983470642,-28.539167174278674,28.914110747907596,15.88370051223363,-0.04234044993822337,-0.00010602837135933659
52.67121863365173,-0.06865962811477448,-28.635448021055915,28.99951108356606,15.935701283353897,-0.04226294721992955,-0.00010599359971191769
52.693934202194214,-0.06908871455285598,-28.73174857870431,29.084920236614305,15.987751578918816,-0.04218233775038382,-0.00010595799931745798
52.715123891830444,-0.06950465790882393,-28.82804242077205,29.170308620332577,16.039851633425535,-0.04209962322030895,-0.00010592299679736842
52.73792362213135,-0.0699269147609271,-28.924363815470482,29.255692021711116,16.0919714817782,-0.04201437887933829,-0.00010589174722688506
52.75932455062866,-0.0703339307970878,-29.02070528648328,29.341072113065486,16.144096706316418,-0.04192829638258172,-0.00010586357764194865
52.78243899345398,-0.07074275095810177,-29.117065742765263,29.426452080256226,16.196211022895422,-0.041841803775021294,-0.00010583824591287441
52.803321838378906,-0.07115170084245773,-29.21342468274949,29.511838249496083,16.248323072465286,-0.041757308812773855,-0.0001058117477410329
52.825084924697876,-0.0715824251643878,-29.309781263080765,29.59722061372254,16.30044509428496,-0.041674967630913176,-0.0001057846676435952
52.847766637802124,-0.07200396432015162,-29.406153220804686,29.682603772747015,16.352569343203474,-0.041592499113230916,-0.00010575899808010302
52.87065625190735,-0.07243571450957954,-29.502556687960425,29.767975444046364,16.404713339595354,-0.04150557640283432,-0.00010573647835161872
52.89331126213074,-0.0728593147167803,-29.59898150052866,29.853329765334955,16.45687127850481,-0.04141541980163295,-0.00010571660199325244
52.91456747055054,-0.07325667942260915,-29.695452105241852,29.938687188395896,16.50904986635214,-0.041323494029983074,-0.00010569825647511998
52.936845541000366,-0.07363662109816016,-29.791955075438025,30.02405240131961,16.561256502327158,-0.041233143175770925,-0.00010567855061205119
52.959102153778076,-0.07398796859119837,-29.888472586993444,30.109436856539922,16.61346184972735,-0.04114379535625759,-0.00010565624330913676
52.98156404495239,-0.07434439562251079,-29.98499150108809,30.194822931990263,16.66567566457664,-0.04105777979575823,-0.00010563197488627337
53.003899335861206,-0.07471062700515217,-30.081527472022405,30.280205698581902,16.717933375744902,-0.04097563698985777,-0.00010560614517904579
53.026610374450684,-0.07509851490508958,-30.178070780048266,30.365615428605718,16.7702220246484,-0.04089691004313466,-0.00010557490023923933
53.04949712753296,-0.07548770858744645,-30.274638684284515,30.451063505221043,16.822555530132423,-0.04081995094431367,-0.00010553894308303405
53.07084631919861,-0.0758741008017243,-30.371203918626424,30.536518335745804,16.874937004026126,-0.04074418795270817,-0.00010550055601169678
53.09262156486511,-0.07626434133627884,-30.46777424513296,30.62197292162438,16.92732569326711,-0.040670037461537106,-0.00010546450276590296
53.11530637741089,-0.07663828256633982,-30.564350110942264,30.70744609892309,16.979718121597184,-0.04059640257091567,-0.00010542838229661
53.13670516014099,-0.07702688927133186,-30.660947829188967,30.792937120992562,17.032118595136836,-0.040523983063536446,-0.00010539360324517054
53.15858006477356,-0.07743101116062523,-30.757551615993904,30.878438834438978,17.08452813881362,-0.04045138845875147,-0.0001053592890488054
53.18153715133667,-0.07785418198198331,-30.85417279649671,30.96396039136002,17.13696190046834,-0.040375770682462654,-0.0001053244479990241
53.20317816734314,-0.07829242172833996,-30.950814698633984,31.049499934217444,17.189410284488943,-0.040297855879236545,-0.00010529046455107638
53.22627115249634,-0.07873558202397661,-31.047491635569376,31.13507061987111,17.24189055625251,-0.04021828164660585,-0.00010525598379926621
53.24780297279358,-0.07919041311805239,-31.144177646021586,31.220655974458968,17.294383034043125,-0.04013720674714596,-0.00010522192010814278
53.27060389518738,-0.07964701985868779,-31.240872600832947,31.306253706000852,17.34688354223857,-0.04005985598950964,-0.00010518887588786917
53.29202651977539,-0.08012677597809979,-31.337578510888232,31.391875256808365,17.399402008028463,-0.03998489730981834,-0.00010515472037337153
53.31373977661133,-0.08061404090797138,-31.434300742985904,31.477508020355103,17.451926960141975,-0.039908825270205645,-0.00010512270701709429
53.33665752410889,-0.0810886557495076,-31.531041481236333,31.563151473267595,17.50446392118895,-0.0398301811721025,-0.00010509252409319662
53.359291315078735,-0.08155301420614536,-31.62780598209648,31.648793894602278,17.557044099364816,-0.03974906606247464,-0.00010506394608232464
53.38207268714905,-0.08199451344911174,-31.724577552371855,31.734444635066176,17.60964660462287,-0.03966146980186955,-0.00010503516730588627
53.4031195640564,-0.08242218795892613,-31.821357531699014,31.82008835642485,17.662251586329248,-0.03956755453290351,-0.00010500949414280936
53.42519497871399,-0.08285089840589391,-31.918160850661558,31.905717264728004,17.714866205368992,-0.03947041508212739,-0.00010498819301007783
53.447728633880615,-0.08326961555235778,-32.0149520931413,31.991347564071326,17.767484863938435,-0.03937143995430523,-0.00010496517209878567
53.46884894371033,-0.08369395657139177,-32.111751366894055,32.07698295583417,17.8201331832167,-0.039269351099486434,-0.00010494055392605331
53.49099040031433,-0.08412229828981574,-32.208555764794724,32.16264438437016,17.872788716512897,-0.03916489436359764,-0.00010491302333026519
53.51344275474548,-0.08453656065248981,-32.305353301173156,32.24833224587876,17.925441312734797,-0.0390576486017798,-0.00010488268810494477
53.535916805267334,-0.08495023144081933,-32.40215572174882,32.33404664428715,17.978100495919232,-0.03894626961199914,-0.00010485062330166073
53.55814027786255,-0.08537338453845066,-32.498966836111116,32.41977363351937,18.03078952685799,-0.03883156311821104,-0.00010481792789869521
53.579673767089844,-0.0858101630380135,-32.59580780307741,32.505527881513245,18.083488740683386,-0.03871267209135268,-0.0001047861104775962
53.600850343704224,-0.08627621428404048,-32.69267953011679,32.59129544656967,18.13619476746114,-0.03859190742741885,-0.00010475702128361638
53.623839139938354,-0.08675698901660957,-32.78956802478315,32.67706609005342,18.188922260734163,-0.038470299488775776,-0.00010472928020627299
53.645307779312134,-0.08723513676192877,-32.886469554389095,32.76283783486207,18.241656503092457,-0.03834716607363961,-0.00010470349057727236
53.66678762435913,-0.08771457173242862,-32.98339626941056,32.848620420168984,18.29444513462841,-0.03822274129248308,-0.00010467622610211804
53.68876242637634,-0.0881889712419608,-33.080372173464596,32.93442111810784,18.347261040086547,-0.03809456922720398,-0.00010465079768354953
53.71147108078003,-0.08867082559614316,-33.17738112378985,33.020236383911524,18.400093498826564,-0.03796312120034313,-0.00010462627179775055
53.73270583152771,-0.0891574141148231,-33.27440691786082,33.10608453813317,18.452955336427976,-0.03782826718817077,-0.00010459776404257422
53.75563049316406,-0.08963198670531246,-33.371425975114896,33.19196455016261,18.5058407978993,-0.03768996353236298,-0.00010456443056259712
53.77732181549072,-0.09009835134197139,-33.46843888963349,33.277858896205885,18.5587203058903,-0.03754966181153152,-0.00010453139041345217
53.800339698791504,-0.09056191187117714,-33.5654499871458,33.36374400677192,18.611624429172476,-0.03740604693436111,-0.00010450018982579073
53.82161498069763,-0.0910056113548177,-33.66244127159532,33.4496102940449,18.664569137299505,-0.03725884393698364,-0.00010446915161993483
53.843300104141235,-0.0914342848867932,-33.7594357242843,33.53546980023222,18.717533522984287,-0.03710975083786854,-0.00010444014174181811
53.865243434906006,-0.09188105415245446,-33.85645183487443,33.62134113885606,18.770519343767614,-0.0369582598855395,-0.00010441181325549626
53.88836646080017,-0.09234850301101528,-33.95349051318188,33.7072253878101,18.82352017031557,-0.03680315566825767,-0.00010438433652941297
53.90930366516113,-0.09282544905724009,-34.050546582380214,33.79313000814417,18.876534296434336,-0.03664328709789514,-0.00010435624389318274
53.93187499046326,-0.09330487344041967,-34.147616581819186,33.87905540264779,18.929584260003214,-0.03647814168615571,-0.000104325950030874
53.953304290771484,-0.09377500035625151,-34.244698085303284,33.965012754519265,18.982663073024497,-0.036312106377737775,-0.00010429275677063248
53.97620964050293,-0.09424195565178428,-34.34180129995511,34.050992985508515,19.035757214533234,-0.03614190944558503,-0.00010426020112773084
53.99722957611084,-0.09470807600838914,-34.43893903648152,34.13699966035182,19.088867490052607,-0.03596548007777541,-0.00010422886932518904
54.01909565925598,-0.09520407885426205,-34.536095559326306,34.22301905724155,19.141993999003073,-0.0357876950504625,-0.0001041986362550872
54.04110622406006,-0.09568983028610772,-34.63329070428775,34.309068386679485,19.1951340671176,-0.035605148466638925,-0.00010416932362767941
54.06417465209961,-0.09617434534490271,-34.73049497037232,34.395140686477895,19.24828567914394,-0.035417953254178666,-0.00010413895880047139
54.08569121360779,-0.09668108220639725,-34.827679922792456,34.48122163045792,19.30144861570846,-0.03522683100811198,-0.00010410684555357344
54.108412981033325,-0.09721097610619474,-34.92486282415211,34.56730838293528,19.354634812859803,-0.03503113694817133,-0.00010407461366893635
54.12946629524231,-0.09773892438536402,-35.0220383557047,34.653389288833864,19.40785132391851,-0.03483366333017123,-0.00010404303555757658
54.152519941329956,-0.09825606629449425,-35.119211114840866,34.73945725546381,19.46109961982282,-0.034636204177595754,-0.00010401329363315717
54.173667669296265,-0.09876743801635667,-35.21639913668683,34.82553800340155,19.514387425814824,-0.03443979307844389,-0.00010398290589735046
54.195144176483154,-0.09927798669179722,-35.313601212396954,34.911634287148914,19.567696571163072,-0.03424491978700831,-0.00010395261713644467
54.217040061950684,-0.09978930633559133,-35.41079706916822,34.99776005146199,19.621024879882626,-0.03404871031252822,-0.00010391890658682057
54.240039110183716,-0.10029402651288791,-35.507981810449905,35.08390770716419,19.674414428895535,-0.033851182233121085,-0.00010388054881978163
54.261425733566284,-0.10077874406275698,-35.605164772055886,35.170075312062615,19.72780167321342,-0.03365117419322356,-0.0001038436206081624
54.284464836120605,-0.10124712151609278,-35.702340548579976,35.25627829406432,19.78120200158072,-0.03344795812346463,-0.000103804525939744
54.305542945861816,-0.10171692700774584,-35.799500604791305,35.34251031743854,19.834604426608006,-0.03324193377207501,-0.00010376442535117788
54.32823824882507,-0.10220059644424659,-35.89664718835746,35.428759773570505,19.888002050146977,-0.033035714310825956,-0.00010372568932239836
54.35020327568054,-0.10270990271422972,-35.99378833668551,35.51503123599483,19.941424610623887,-0.032831385317117275,-0.00010368644850342136
54.37129282951355,-0.1032257990714114,-36.090916990810314,35.60131238250874,19.99485833026948,-0.03262696286280747,-0.00010364879171227291
54.3930766582489,-0.103737427658088,-36.18805078827462,35.68761168075587,20.048316322511333,-0.032421232121948466,-0.00010361228765245808
54.41573095321655,-0.10424445081912831,-36.285189577776435,35.773912772179806,20.101806967262515,-0.032214555683061384,-0.00010357833654659336
54.43784022331238,-0.10474384007963579,-36.382352053432314,35.860223068603524,20.155336101239275,-0.032006811922816375,-0.00010354686892854151
54.46032357215881,-0.1052553084488013,-36.47954883333824,35.94654913072231,20.208906103072806,-0.03178911511638671,-0.00010351725075771107
54.48178505897522,-0.10578091081765315,-36.576752967361614,36.03287736289411,20.26248831748886,-0.03153092571446465,-0.00010349009942353234
54.50359296798706,-0.10630002017702193,-36.67396081709834,36.1192338578345,20.316095342012343,-0.03125298205786093,-0.00010346058464934933
54.52642345428467,-0.10683195838382273,-36.77115686193638,36.20562675986654,20.36973686373968,-0.03097830048820256,-0.00010342605991189124
54.54766273498535,-0.10737371060300377,-36.86832918803141,36.29205130722911,20.423418149599726,-0.030709066749801683,-0.00010338684065611604
54.569087982177734,-0.10790804916106042,-36.96547815719558,36.37848477472642,20.477143523446685,-0.030416669614602626,-0.0001033467479328944
54.591025829315186,-0.108437419661545,-37.06260816781038,36.46494168709554,20.5309135168136,-0.03013995087771233,-0.00010330459615578466
54.61396288871765,-0.10897644074856554,-37.15974056590354,36.551428484204806,20.58471585200425,-0.02987463846723474,-0.00010326270213293881
54.635276317596436,-0.10952281595504024,-37.256866527292686,36.63794601965932,20.6385351191685,-0.029619652736487975,-0.00010322120692742384
54.65795159339905,-0.11007338624589043,-37.35400238195129,36.72448054860588,20.692377753450103,-0.029374576244973964,-0.00010318297907369614
54.67939376831055,-0.11063687554016233,-37.45114032238273,36.8110286901142,20.746263075404432,-0.029135749510538916,-0.00010314596286171457
54.70231103897095,-0.11118956495777212,-37.548304060174324,36.89762132862366,20.80020053907608,-0.028902322090938255,-0.00010310773759546065
54.72316217422485,-0.11172754325700887,-37.6455023486242,36.98423598800125,20.854190784482352,-0.028673118553182247,-0.00010307221968161175
54.744895935058594,-0.11224404122231627,-37.74273220088368,37.07087302636067,20.90821254956977,-0.028448627053188038,-0.00010303990329666109
54.766656160354614,-0.11276354439104667,-37.83995490851738,37.15751312686577,20.962293967951016,-0.028229503237866778,-0.00010300733655456948
54.78968954086304,-0.11329737572707106,-37.937192146544085,37.24416708685375,21.016427537943088,-0.02801640474714458,-0.00010297550751291472
54.8107635974884,-0.11384310647488512,-38.03443657843717,37.33083872767363,21.07060761417263,-0.02781051295119804,-0.00010294348536002774
54.83368754386902,-0.11438138283416759,-38.131687145106376,37.417516144886136,21.124798723358474,-0.027611880532255606,-0.00010291495246276119
54.85503363609314,-0.1149171635939581,-38.22895593182069,37.504196619650386,21.179034917099088,-0.02741881086410087,-0.00010288846039154835
54.87744498252869,-0.11543149490403758,-38.326228955777175,37.590885255905455,21.23329587012063,-0.02723184470605829,-0.00010286297108108323
54.89916396141052,-0.11594286572953735,-38.423508301607676,37.677589300349645,21.287591036689186,-0.027048505770881897,-0.00010283678162610698
54.9214026927948,-0.11646516615745997,-38.52081591666599,37.76430700569557,21.341903454201773,-0.026868256971462594,-0.00010281301593923927
54.94336915016174,-0.11700529223830969,-38.618151738856845,37.85103751518674,21.39624095583152,-0.026690638229326377,-0.0001027906420667884
54.96610188484192,-0.11755080962762493,-38.715515307514124,37.93778065746807,21.450633468586915,-0.02651527567789269,-0.00010276747333047826
54.98713994026184,-0.11807646335442641,-38.81287251548219,38.02452174066984,21.505094953268895,-0.026340605662727883,-0.00010274172936097262
55.010091066360474,-0.11859546469861756,-38.9102180243569,38.11127098938667,21.559597240950332,-0.026163638629499237,-0.00010271371835243478
55.03099179267883,-0.11912378199438829,-39.00754828075523,38.19803993073748,21.614147261978886,-0.025985860038283928,-0.00010268158164947999
55.053871393203735,-0.11964709934717047,-39.10484430350598,38.28480979649611,21.66873627054541,-0.025807115600624025,-0.00010264748325152038
55.07560157775879,-0.12017576535713002,-39.202106879071636,38.37158392066228,21.72334539929011,-0.02562551059251699,-0.00010261257440576725
55.09647727012634,-0.1206915105776638,-39.29936239097449,38.45837076883934,21.777993957191498,-0.02544204723658858,-0.00010257718574463304
55.11800479888916,-0.12119129401768396,-39.396590499485654,38.54515886244476,21.832634716745368,-0.02525871169547128,-0.0001025440018980185
55.1399130821228,-0.12168807127849021,-39.49379703770533,38.63195484052426,21.887276338554845,-0.02507445169137257,-0.00010251165062048215
55.16273331642151,-0.12218586595893685,-39.59100644423803,38.71879848325034,21.94194390612167,-0.024890026723166255,-0.00010247551596553894
55.18379211425781,-0.12269106788767901,-39.68823333055018,38.80567033080199,21.99662909861696,-0.024703306630302214,-0.00010244055286257766
55.206552505493164,-0.12320964958683987,-39.7854822577234,38.89255197732508,22.05133804354971,-0.02451445493353307,-0.00010240882595324991
55.22787570953369,-0.12374024689723652,-39.8827292618638,38.9794469949515,22.106071147960563,-0.024326396898641283,-0.00010237714120204685
55.251107692718506,-0.12426358622402524,-39.97995751316027,39.06635712503943,22.160840693019612,-0.02413876001449967,-0.0001023431815378314
55.27212738990784,-0.12479119078462869,-40.077162997867,39.15328846587009,22.215637066768128,-0.02395112713962552,-0.00010230683010373444
55.29422044754028,-0.12531428350224252,-40.17436899559419,39.24026433831895,22.270463505097386,-0.023762644168537142,-0.00010226751040135225
55.317776679992676,-0.12582141132642835,-40.2715736156873,39.32728030210515,22.32530241757034,-0.023573692422890417,-0.00010222741293632237
55.3425567150116,-0.12630780399160577,-40.36879945054353,39.414338395347755,22.380150752861987,-0.02338506935199102,-0.00010218862880596573
55.36567425727844,-0.12678643053904398,-40.46602891785361,39.50144543037124,22.43502299662733,-0.023194448173067272,-0.00010214767602746005
55.38897228240967,-0.12725739973348713,-40.56325324324958,39.58857992018876,22.489921287237244,-0.023001599636669215,-0.00010210690558824585
55.41058588027954,-0.12772568046399096,-40.66047743145054,39.675728273289366,22.54485929520157,-0.022808917713623884,-0.00010206763343821879
55.43358755111694,-0.1281788578845127,-40.757732432259246,39.76288840279103,22.599842139937007,-0.022618067948016407,-0.00010203221677953539
55.45524477958679,-0.12866690691511531,-40.85498616232412,39.85007724257393,22.654870616861896,-0.022428014786564657,-0.0001019947643712117
55.476526737213135,-0.1291824692610417,-40.95222295196691,39.93727490978533,22.709930735277716,-0.022236064937844847,-0.0001019577837334888
55.49866771697998,-0.12971270894713405,-41.049444705104534,40.024468904539866,22.765038383040086,-0.022041272165112244,-0.00010192203988626648
55.521974086761475,-0.13024710187693225,-41.14666570413898,40.11166471551013,22.820182844854298,-0.02184460548388365,-0.00010188848974587707
55.54304361343384,-0.13078969332980978,-41.24387244111731,40.19886768079375,22.8753698327741,-0.021646532216158403,-0.0001018545116947503
55.56562638282776,-0.13134659997032955,-41.3410649239174,40.286093782228676,22.930620391390626,-0.021444554731508265,-0.00010181688987428577
55.587172985076904,-0.13190632964880794,-41.43824197876731,40.37334113864088,22.98593458001321,-0.021231615367233295,-0.00010177659584507078
55.61032581329346,-0.13247039323887044,-41.53539065046298,40.460612851895185,23.041285465202833,-0.02099145302016246,-0.00010173439938388614
55.63175320625305,-0.13303361888435744,-41.6325238922626,40.547884704068004,23.096681389924782,-0.0207552062474826,-0.00010169438976891371
55.65337061882019,-0.13360008082403796,-41.729638214402165,40.63516580221763,23.152109412696813,-0.020524160984613935,-0.00010165551431180205
55.67569828033447,-0.13418010621876478,-41.82673753438836,40.722467143471704,23.207563630125808,-0.020283503720558954,-0.00010161683897358906
55.69849419593811,-0.13474937039926319,-41.923824775267114,40.809786520396734,23.263057370686287,-0.02002090434075035,-0.00010157820260992624
55.71940612792969,-0.13529455260986428,-42.02089858445705,40.89713726870365,23.318587161540673,-0.019766764917158265,-0.00010153813909836918
55.742079973220825,-0.1358038919985987,-42.11795618226423,40.984497288903654,23.374152435154443,-0.01951937101476441,-0.00010149960936593954
55.76311111450195,-0.13632990273412338,-42.2150240008561,41.071880180241514,23.429745307828604,-0.01927717616827206,-0.00010146299400176437
55.785677671432495,-0.13685276347573844,-42.3121197398006,41.159285496097226,23.485351410685603,-0.019040468398374408,-0.0001014303580880043
55.807769536972046,-0.1373749329686741,-42.40922716423596,41.24669312624321,23.540969968539564,-0.018786723918995975,-0.00010140203992974479
55.829530000686646,-0.13791739882776222,-42.506336359590925,41.334117496488616,23.596612563376908,-0.018539571022478836,-0.00010137363859739662
55.852038621902466,-0.13847364564376605,-42.603456244135145,41.42155549648203,23.652277846599244,-0.018286300006878985,-0.0001013462781291326
55.87455463409424,-0.13902994230960347,-42.70056697250345,41.50900876628523,23.707978694274313,-0.01804018959565621,-0.00010131710337790048
55.89596748352051,-0.13957099027525055,-42.79768616540072,41.59648056531335,23.76370711473989,-0.017799868349592043,-0.00010128795441615354
55.91837787628174,-0.14008519387719756,-42.89484026662951,41.68398578836546,23.819495170002597,-0.017563428713494415,-0.00010125713175611795
55.93971657752991,-0.14058036448681777,-42.99198078079806,41.77149963078779,23.875322643007216,-0.01732972406093711,-0.00010122523005048378
55.96121144294739,-0.14106884487917695,-43.08910087019476,41.85902367983844,23.931179922413875,-0.01709861012440214,-0.00010119216626845784
55.98401498794556,-0.14155974441695923,-43.186206564665454,41.94654980719158,23.987087134435594,-0.01686909502714507,-0.00010115835877738258
56.00534915924072,-0.142040139128891,-43.28331135110466,42.034097838523536,24.0430267459858,-0.016632419954981513,-0.00010112365234156289
56.026657819747925,-0.1425282153970924,-43.38041270337133,42.12169626638963,24.098956276004312,-0.01638852754347439,-0.00010108691618677152
56.04874897003174,-0.1430355939393686,-43.47752684727188,42.20936087524042,24.15488799777147,-0.01610707982540356,-0.0001010470999887563
56.07188391685486,-0.14354977953605816,-43.57463497924119,42.297075016646986,24.21085183711918,-0.015812389683238896,-0.00010100368987498453
56.09284591674805,-0.1440641678301921,-43.671716140182085,42.38483475355948,24.26682650418371,-0.01552851457913078,-0.00010095762766543708
56.115567445755005,-0.14458646800207084,-43.76877923731666,42.47261892336183,24.32281698248857,-0.015242722796410075,-0.000100912556448751
56.13653635978699,-0.1451103863920445,-43.865802178684724,42.56041928863266,24.37887510762618,-0.014943407330061581,-0.00010086456671988332
56.15919804573059,-0.1456398392283534,-43.96283441782534,42.648245766596,24.434978831555643,-0.014615685260741171,-0.0001008183795977927
56.18126726150513,-0.14614484740581363,-44.059868585578315,42.73610819368207,24.491075003062118,-0.014288168009721363,-0.00010077526742379342
56.20294737815857,-0.14663332175536314,-44.15689451908136,42.823983132402915,24.547196385330903,-0.013958665602255815,-0.00010073475177990881
56.22497057914734,-0.14710602594417962,-44.25389617187139,42.91187452817749,24.603319783521425,-0.013651293996179177,-0.00010069596363863667
56.24775767326355,-0.1475689369065412,-44.35087803059294,42.99978022694613,24.659457902148503,-0.013360844107990487,-0.00010065838180275664
56.269127368927,-0.1480436178863092,-44.44781698564532,43.08770448273296,24.71560492952489,-0.013085273210827012,-0.00010061965047350089
56.29120326042175,-0.14853077042807825,-44.544739584357295,43.17566110237754,24.77178056769298,-0.012821143549493,-0.00010057920192239395
56.312503814697266,-0.14902944697889678,-44.64166395907843,43.263664453520015,24.827986941477697,-0.012529982567889748,-0.00010053693372782543
56.333807945251465,-0.1495359420189248,-44.738569240840825,43.35169949349765,24.88419901311099,-0.012250728217899283,-0.000100495000109438
56.35675001144409,-0.1500415870232836,-44.83546186453386,43.43977391398499,24.94044154839609,-0.011970470725164788,-0.00010045148638894609
56.37817883491516,-0.15055321326132268,-44.93234527758734,43.527886769359924,24.996724498725673,-0.011690558707957965,-0.00010040652632985614
56.39967060089111,-0.15107125892171816,-45.02923299836738,43.61602047039758,25.053051388542656,-0.011405189959464056,-0.00010036348891759205
56.422704458236694,-0.15159023775766792,-45.12610802781923,43.70418967843846,25.109422975183858,-0.011130269245542062,-0.00010031888413123815
56.44564414024353,-0.15210701126108533,-45.22298269811532,43.79239591761169,25.165842107872752,-0.010865586166556234,-0.00010027370886974447
56.467108726501465,-0.15262614774007788,-45.31985093354462,43.88063048292472,25.22228363356445,-0.010595920247799134,-0.00010023023349885905
56.48958444595337,-0.15312379987274766,-45.416701732291344,43.96889608483757,25.27874303261897,-0.01033655475369963,-0.00010018736355128285
56.51099109649658,-0.1536265145360769,-45.51352456789382,44.0571852320571,25.335247683056547,-0.010076471505623335,-0.00010014335370506325
56.53394889831543,-0.15412910312507155,-45.61032468640494,44.14550626581621,25.391797236611307,-0.009823798371608582,-0.00010009791538246437
56.555460691452026,-0.1545988352520808,-45.70710582388783,44.23385390965711,25.4483679917682,-0.009578566462730951,-0.00010005392548434927
56.57697081565857,-0.15506125821976877,-45.80387055608883,44.322246775866226,25.50499605864417,-0.009339808054800494,-0.00010000676068027743
56.598660707473755,-0.1555190742988387,-45.90061360130433,44.41068076022449,25.561659807633834,-0.009092695335094334,-9.995853999196642e-05
56.62173080444336,-0.15597742728004568,-45.997322890706435,44.49915644198902,25.61835646104114,-0.008834658294627684,-9.990873080609952e-05
56.64362359046936,-0.15643594146368098,-46.094006094176876,44.58765601500107,25.675074930885938,-0.008583898206709089,-9.986121284495628e-05
56.66909980773926,-0.15689762990159437,-46.190695683129924,44.67618271125052,25.731824822824795,-0.008332830664424326,-9.981708913829331e-05
56.69042181968689,-0.1573501611559915,-46.287387331981684,44.76472006734481,25.788584082844725,-0.008078369147089221,-9.977876708992415e-05
56.713669538497925,-0.15779170209199248,-46.38406862865291,44.8532575231756,25.845349010427103,-0.007830401654559548,-9.974559625065355e-05
56.73508334159851,-0.15826101392822947,-46.48073856054997,44.941813046624084,25.90212403857954,-0.007576381596260988,-9.97136775273395e-05
56.756510972976685,-0.15876415864932297,-46.57740632902481,45.03040297655812,25.958929527807737,-0.007324947308907312,-9.968006961557874e-05
56.77860164642334,-0.15928439726878282,-46.674045629869646,45.11902511721189,26.01575172601262,-0.007058083700861942,-9.964419647020703e-05
56.80168867111206,-0.15982150969877074,-46.77068132750926,45.20768157366661,26.072592641950852,-0.006787671355194357,-9.960793671153635e-05
56.82305026054382,-0.16034243368545378,-46.867311386312544,45.296356565465736,26.129473049403,-0.006493508241880597,-9.957198515939616e-05
56.84552335739136,-0.16087877082039956,-46.9639393073691,45.385060795927664,26.186381179628654,-0.006172725703152332,-9.953569604428357e-05
56.86701202392578,-0.16140823650374397,-47.06056779242108,45.47380819935838,26.24331025626976,-0.005836744406135273,-9.949806765956416e-05
56.89004850387573,-0.16195089548656996,-47.15719953116961,45.56258318573198,26.300245435859388,-0.005487900755040475,-9.94621998813975e-05
56.911397218704224,-0.16249016862280719,-47.25383695642911,45.65138246922902,26.357184697502507,-0.005124704066682367,-9.942842283336828e-05
56.93313550949097,-0.163017865981226,-47.35046973124301,45.74017949598339,26.414127442100387,-0.004789064925443914,-9.939872690372706e-05
56.9551215171814,-0.16353746089637944,-47.44710312485231,45.82897996316924,26.47110690798349,-0.004476697541556229,-9.936979133402137e-05
56.97805094718933,-0.16405530783443886,-47.54373690122124,45.9177881844783,26.528121383652536,-0.00415561721409277,-9.934079738578134e-05
56.99893379211426,-0.16457114887283084,-47.640361214321224,46.00661024254329,26.585158600591587,-0.0038451591566760557,-9.931082551038478e-05
57.02180218696594,-0.16509083210640563,-47.7369731443244,46.09545074012727,26.642218133148692,-0.003545469330854533,-9.927911694208282e-05
57.04326939582825,-0.1656099151049458,-47.83356639797545,46.184312231077506,26.69928308271293,-0.003261420617149403,-9.924612574870576e-05
57.06676006317139,-0.16612414574641202,-47.93014804781945,46.2731837566037,26.75636675010648,-0.0029782920752894964,-9.921305800726536e-05
57.08824324607849,-0.16661310503028992,-48.0267144605708,46.362069576248054,26.81348566732559,-0.002695945189397521,-9.91781128063282e-05
57.10949087142944,-0.1670661991055471,-48.12327740881601,46.450975084599776,26.870643940910924,-0.002425984768281477,-9.914157063766516e-05
57.13169574737549,-0.16750785021662443,-48.21979546004594,46.53988750474343,26.927828855402936,-0.0021543101384221275,-9.910281542983329e-05
57.154815912246704,-0.167968603249298,-48.31627657187862,46.62881804898421,26.98504243934825,-0.0018647434894026726,-9.906119146092671e-05
57.17561364173889,-0.16843571046759553,-48.41272321557397,46.71775801375417,27.04227810223901,-0.001570464916864666,-9.901895174392451e-05
57.19829964637756,-0.1689078804666303,-48.50915755076821,46.80673522262227,27.099565313123655,-0.0012846693181813394,-9.897268549612475e-05
57.219937562942505,-0.16938839015461293,-48.605558640311116,46.89574846773456,27.15688556005388,-0.001006491153353543,-9.892295464257677e-05
57.24284362792969,-0.16988722579984805,-48.70192212522927,46.984784060826634,27.21423933052415,-0.000729139433542489,-9.887181359758364e-05
57.26474189758301,-0.170392641355834,-48.798242024581654,47.07383195734757,27.271627438084295,-0.00045645516778007985,-9.882043781166627e-05
57.28754639625549,-0.1708984858669997,-48.89451529909419,47.162874263966415,27.329046477733,-0.0001950214526509629,-9.877115472623786e-05
57.30981659889221,-0.17142912554157896,-48.990768124065355,47.25190842280785,27.38651461881148,5.621565409919573e-05,-9.872460811349798e-05
57.33292818069458,-0.17197097806689465,-49.087025939790074,47.34095132671109,27.444022972524827,0.0002999214832001877,-9.86806469869514e-05
57.355721950531006,-0.1725155642141256,-49.18327667618003,47.430006717818294,27.501562192390047,0.00055677256097798,-9.863799768154103e-05
57.37694692611694,-0.1730522254935419,-49.279521893635426,47.519072584049745,27.559146011297656,0.0008064783848485442,-9.859594046921375e-05
57.3992235660553,-0.17358193599932145,-49.37576270703624,47.60818536554746,27.616719188956374,0.001058153184415808,-9.85532686794732e-05
57.42127537727356,-0.17411917956426273,-49.47199969998581,47.697339702834725,27.674321954042135,0.001303744356790341,-9.850828992412935e-05
57.442604303359985,-0.17464049559077335,-49.56820174432592,47.78652434834025,27.731912683702927,0.0015692968299271574,-9.846319151566842e-05
57.4648015499115,-0.1751376261557835,-49.664375544342,47.87573441830175,27.78950150933799,0.0018629120227380647,-9.84184998771432e-05
57.48799729347229,-0.17565349088249446,-49.760539874887385,47.96499547021103,27.84709230814289,0.002142079252024162,-9.837193561386625e-05
57.50920295715332,-0.17617377066338197,-49.85668772686325,48.05429010136419,27.90469020795218,0.0024096954054100045,-9.832525462544385e-05
57.53201603889465,-0.17670204657411642,-49.95282015021006,48.14361271385155,27.962321242823506,0.002676502552875999,-9.827767143345259e-05
57.55309295654297,-0.1772206983361107,-50.048930267240394,48.232976104973,28.019982534094662,0.002971375978258513,-9.822761106945469e-05
57.57631158828735,-0.17773239966217813,-50.1450241048097,48.32238602214342,28.077673899805163,0.003267078517467934,-9.817536234952528e-05
57.59770488739014,-0.1782623510695996,-50.241094131174364,48.41184196502358,28.135399370238243,0.003547406828676701,-9.81206185118681e-05
57.61923122406006,-0.178799687391786,-50.33713481258669,48.50134114310882,28.193136549106075,0.003815246594490151,-9.806533335656574e-05
57.64139747619629,-0.17934452567634693,-50.4331728259965,48.59088462128945,28.250889902037247,0.004083894900292379,-9.801122556845201e-05
57.66447377204895,-0.1798921863162032,-50.529191956932024,48.68045684478055,28.308669235239694,0.00435738863749748,-9.795831770145608e-05
57.685678005218506,-0.1804321098597083,-50.62518886143829,48.77005224334398,28.366482644766045,0.004657597174555668,-9.790644670748144e-05
57.7083785533905,-0.1809661994527412,-50.72119192502893,48.85967571778793,28.424313727682794,0.004940738451137207,-9.785783442270596e-05
57.73006987571716,-0.18148327945295117,-50.81719461109617,48.94932238798752,28.482146900247297,0.005213749764842754,-9.781293624306618e-05
57.75265312194824,-0.18199348334593182,-50.913159970595665,49.03898904627253,28.53999596214921,0.005481028189486486,-9.776788201091092e-05
57.77398920059204,-0.18249722198086835,-51.00908797561991,49.128666225484366,28.59786684043187,0.005766020485492893,-9.772345472916021e-05
57.79609155654907,-0.1830157499661817,-51.10499659841451,49.218343609834044,28.655773739525237,0.006061319079758344,-9.768103289034399e-05
57.819228410720825,-0.1835450690317778,-51.20090023364872,49.30803767482322,28.713705619304765,0.006342149665641714,-9.763982848598196e-05
57.8409526348114,-0.18406223655649973,-51.29678409889293,49.39774175753753,28.771625027167655,0.00661190658791093,-9.76016059674793e-05
57.86414980888367,-0.1845726647951182,-51.392651859836484,49.48745492036289,28.829559155959096,0.006877321785820692,-9.756434240930932e-05
57.88551211357117,-0.18508832195814362,-51.4885082027986,49.57719009770172,28.887492646761345,0.007133165561391412,-9.752732261924268e-05
57.908544301986694,-0.1855838122675074,-51.58434661233377,49.66696727633749,28.94543132554646,0.0073815433641405016,-9.748726047805965e-05
57.93014168739319,-0.18607637241472588,-51.68014443981299,49.756780472073295,29.003392235497103,0.0076313719256669394,-9.744272081468991e-05
57.95154166221619,-0.18657955235211748,-51.77591176870661,49.84662863404471,29.061382498090687,0.00789034598345387,-9.739490288360624e-05
57.97380089759827,-0.18707932738404232,-51.87165987878597,49.93650846045948,29.119380929742412,0.00816731097150255,-9.734696480454504e-05
57.996466875076294,-0.18757625311291154,-51.96735312358208,50.02641074182382,29.177374339157737,0.008445528585239616,-9.72983500817803e-05
58.01853060722351,-0.18806977585579338,-52.06299904699288,50.11634014450349,29.235369357750134,0.008770259142929273,-9.724876666825934e-05
58.04062342643738,-0.18856508476681255,-52.15861649546761,50.206303470990036,29.293381013685394,0.009107497514560399,-9.719797911076413e-05
58.06261491775513,-0.1890754480676602,-52.25419942842792,50.296293991102374,29.351405353862162,0.009420998473796705,-9.714681821604735e-05
58.08547115325928,-0.18959387323681598,-52.34975114986677,50.386294806931566,29.4094469553189,0.009716271769941406,-9.709739133313313e-05
58.10675644874573,-0.19011542378894625,-52.44528803564934,50.4763302336312,29.46746614655789,0.0099969266692097,-9.704993631539685e-05
58.12863516807556,-0.19063533539782979,-52.540793228793824,50.56638620903026,29.525488376390363,0.010265065703999734,-9.700305591866523e-05
58.151259422302246,-0.19113420785403518,-52.636253631025276,50.6564493455941,29.583506090313797,0.010535060338931984,-9.695783935375211e-05
58.173423290252686,-0.1916234779620302,-52.731675046585096,50.74651381645073,29.641544618438207,0.010803362727791085,-9.6913413465608e-05
58.195106506347656,-0.19211464367913383,-52.82705912020844,50.836583750361925,29.69961649200171,0.011086622718120439,-9.686836081449224e-05
58.21751666069031,-0.19265187003297438,-52.92240145405741,50.92663693132614,29.757726857670782,0.011364307636410055,-9.682458490780598e-05
58.239057540893555,-0.19326729756828792,-53.01773149926887,51.01669298915263,29.815872926583012,0.011658887898987044,-9.67814062805632e-05
58.26239824295044,-0.19398466688631538,-53.11302509532888,51.106750452979746,29.87407421570829,0.0119514805800621,-9.673587386284436e-05
58.283841609954834,-0.19478984075664713,-53.20826595632157,51.196804246871764,29.932331381095132,0.012232952376590491,-9.668793023139268e-05
58.30569529533386,-0.19569304657295586,-53.303492592109436,51.28688299652916,29.990634002676615,0.012539731914940264,-9.663778722897353e-05
58.328284740448,-0.196684485231764,-53.39870268561147,51.37698536074295,30.048959683705554,0.012830533361755958,-9.658725734484955e-05
58.35082221031189,-0.19780146684294214,-53.493891578003556,51.467112831090176,30.10734147530209,0.013123024853519244,-9.653378592650455e-05
58.373618602752686,-0.19902005956798624,-53.589072497312834,51.557266880576144,30.16572686838302,0.013431420111591413,-9.64819438264282e-05
58.39464592933655,-0.2003507134081125,-53.68424028514152,51.64746089905867,30.224127498264547,0.013739888928623083,-9.642872191057818e-05
58.41730713844299,-0.20179046568926107,-53.77938867675602,51.7377031020209,30.282528718834715,0.014030375056961749,-9.637391017568435e-05
58.43933343887329,-0.2033407026140344,-53.874500676589456,51.82798589264816,30.340951008453327,0.014328016188712893,-9.631642227422111e-05
58.4612922668457,-0.20497840422060068,-53.96959297139919,51.91829862439646,30.399400903553214,0.01464291522398698,-9.625897158248314e-05
58.4836905002594,-0.20667105710745998,-54.0646595917422,52.008643777152805,30.45788460797978,0.014951020854417409,-9.620070368256086e-05
58.50659537315369,-0.2084469434372515,-54.15968598431233,52.09900669136949,30.516398051883076,0.015240526744751542,-9.614275661147912e-05
58.527968645095825,-0.21031901147593016,-54.25466682966302,52.18937520040506,30.574925079469626,0.015521575619819523,-9.608713599613582e-05
58.55076241493225,-0.21227815803644265,-54.34961734295747,52.27973537256517,30.633470916871758,0.015801078269024597,-9.60357971291641e-05
58.57235550880432,-0.2143124023252488,-54.44455205930843,52.370096536656725,30.692031319666448,0.016068834949442626,-9.598800137778328e-05
58.595444679260254,-0.21644356342213106,-54.53945960087598,52.46048699181294,30.750572075162466,0.016324730916794997,-9.594078506557428e-05
58.616721630096436,-0.21866716708916478,-54.6343386599015,52.550922031705994,30.809104527511224,0.016569907715420454,-9.589139795424465e-05
58.63870644569397,-0.22097098373480228,-54.729203860510296,52.64140121345672,30.867644643300554,0.01680487187303315,-9.584035051848702e-05
58.66096377372742,-0.2233366167459751,-54.82403590848354,52.731902967944066,30.926190097318074,0.017031456553311567,-9.57894558726682e-05
58.68366527557373,-0.22578385007423019,-54.91883454151166,52.822434561535914,30.984750005353487,0.017251195621986373,-9.573714174227293e-05
58.70534110069275,-0.22830410957070832,-55.01363983322681,52.91299467652617,31.043323961522294,0.017467611844810833,-9.568651843573791e-05
58.72734999656677,-0.2308984308530379,-55.10844558395614,53.00359350731524,31.10190331487169,0.01768089903765664,-9.563609041938077e-05
58.74867534637451,-0.23355587470304334,-55.20324292346475,53.094206032569,31.160503202047803,0.0178910919143519,-9.558729291616434e-05
58.77167725563049,-0.2362729498622646,-55.298009236441395,53.18485245570921,31.219107902479564,0.018099089205226442,-9.553680705805683e-05
58.79292559623718,-0.2390299575384601,-55.3927431931467,53.27554941758724,31.277715641781743,0.018302653334492665,-9.548306672119758e-05
58.814671754837036,-0.24183802352743913,-55.487445497026464,53.366288373478575,31.336342265200106,0.018504216129857136,-9.542679355053175e-05
58.83700156211853,-0.24468886887727032,-55.58212521240962,53.457058728229136,31.395011191733126,0.0187061946685019,-9.53690106794683e-05
58.85979676246643,-0.24761742839094306,-55.67677869034724,53.54786821122067,31.453702886973502,0.01890697480517278,-9.53099265460546e-05
58.883187770843506,-0.25063205345356937,-55.771404030888924,53.638722698811534,31.51242570400661,0.019106184082683365,-9.524851485422843e-05
58.90445804595947,-0.2537117752283668,-55.866008425997094,53.729613591186315,31.571200927948443,0.0193050277385972,-9.518564039570655e-05
58.927608251571655,-0.25685893367194096,-55.96058495428628,53.82051822896405,31.630005332988006,0.019505920810703542,-9.512529582787687e-05
58.94905495643616,-0.2600521827935791,-56.0551257860544,53.91144594194905,31.68881757933265,0.01970849508149604,-9.506678591758924e-05
58.970410108566284,-0.26330713980455783,-56.14962152560315,54.0023891821097,31.7476120289406,0.019911112982437692,-9.501151489656472e-05
58.992788553237915,-0.2666386726286536,-56.24406775173328,54.09335135518735,31.806407458252743,0.020115935446555544,-9.495695207289522e-05
59.015408515930176,-0.2700416782610741,-56.33846031643734,54.18434240792882,31.86520823311577,0.02032339323204685,-9.490126315507539e-05
59.03725624084473,-0.27351665851907564,-56.43281622039958,54.27537328846687,31.924011233516573,0.020532862462199118,-9.484465728077565e-05
59.05967307090759,-0.2770337026293017,-56.52713264528415,54.36645539858426,31.98281399746467,0.020743565821062168,-9.47860815122999e-05
59.08258843421936,-0.2806006496656641,-56.62142529634191,54.457601059577804,32.04161916333788,0.020953869166085298,-9.472533096532246e-05
59.10424280166626,-0.28419221683055096,-56.71569250960448,54.54880961983268,32.10042477691158,0.02116330889605774,-9.46631000585561e-05
59.12602353096008,-0.28782235641527304,-56.809906956748456,54.64004610498618,32.159263100098926,0.021370736872802276,-9.460015813368583e-05
59.14799237251282,-0.29148433466348866,-56.90407432690073,54.73131752945806,32.21809598767066,0.02157746462556358,-9.45385629181401e-05
59.17103600502014,-0.2951512537850246,-56.99820905474669,54.822625510973886,32.276915596197334,0.021783149968284295,-9.447940458550689e-05
59.192275524139404,-0.2988312248858517,-57.09231957712556,54.91397394046957,32.335725382549924,0.021987506778786022,-9.442204607890207e-05
59.214948415756226,-0.3025542877791126,-57.186429900681226,55.0053650983002,32.39452078746647,0.022190427063544016,-9.436750647599987e-05
59.236395597457886,-0.3063326798531674,-57.28051473352194,55.0967784316859,32.45333986865284,0.02239458902950556,-9.431366483634879e-05
59.25938081741333,-0.3101636052823839,-57.37458651124842,55.188219759240106,32.512192766596634,0.02259761905112828,-9.425983304715515e-05
59.280847787857056,-0.31406005555972605,-57.468648345125175,55.27966618286862,32.57109975800854,0.022800117331873766,-9.420756482908407e-05
59.302544355392456,-0.3180190092289984,-57.56267560333308,55.37110145400204,32.63003617420113,0.02300586312031109,-9.415828561483648e-05
59.325093507766724,-0.3220289267574493,-57.65666482427561,55.46253461725098,32.68898989050372,0.023218057207417014,-9.411075233618075e-05
59.34763288497925,-0.32607877981889954,-57.750629507802664,55.55398599695838,32.74795576512244,0.02345434856829954,-9.406327935146871e-05
59.36910438537598,-0.33017103090390026,-57.84460411237396,55.64547285681395,32.80694296842448,0.023687199614682013,-9.401527960314906e-05
59.39156985282898,-0.33431855694381735,-57.93855552039743,55.73697638476914,32.86593743497863,0.023917506959540126,-9.396761782995361e-05
59.41303253173828,-0.3385117916893182,-58.03248403933647,55.82849419371208,32.92496446665389,0.02415325064423458,-9.391890668658499e-05
59.4359827041626,-0.34276409397478286,-58.12639971123986,55.920043162168035,32.98399791939572,0.02439982134760083,-9.386936599698651e-05
59.457180976867676,-0.34705862114070735,-58.22028708909508,56.01162756803561,33.04302472317861,0.024641483199320757,-9.381841609704866e-05
59.479135513305664,-0.35140678353048854,-58.3141547425138,56.10325802314515,33.10205019744955,0.024877696133129137,-9.37651600413936e-05
59.501607179641724,-0.3557900471797406,-58.40798655496751,56.19494129275166,33.161079378311484,0.02511102552542568,-9.370797412358484e-05
59.52421283721924,-0.36020383967062947,-58.501795503768285,56.28666834359309,33.220127079002594,0.02535138478817218,-9.364862306074272e-05
59.546260595321655,-0.3646307952254116,-58.595583342257555,56.3784196107937,33.27918602053078,0.025586124181899116,-9.359042871553043e-05
59.56791615486145,-0.3690754071969903,-58.68935055392508,56.47020355643904,33.33824862372587,0.02581619743093879,-9.353260156914976e-05
59.589632749557495,-0.3735429275791,-58.78310427382845,56.56201272063397,33.3973164156006,0.026042653111784095,-9.347622589112213e-05
59.61234498023987,-0.37805726650551624,-58.8768422727923,56.65385302953351,33.456395513462944,0.02626739068659432,-9.341965858380607e-05
59.6335175037384,-0.3826017092611218,-58.97055650708114,56.745709887719514,33.5154701629743,0.02648970549823186,-9.336508700988149e-05
59.655197620391846,-0.3871714061121613,-59.06424548220538,56.83758501289921,33.574556427427666,0.026710148913883718,-9.331079435576243e-05
59.67752742767334,-0.39176245615970656,-59.15791422695049,56.929469987290034,33.63365994605605,0.02692946141373339,-9.325759914372567e-05
59.70032262802124,-0.39634578571505097,-59.251562614971625,57.021365961541335,33.69280897304362,0.027146360843458714,-9.32034717575042e-05
59.72272515296936,-0.40093469975608703,-59.34520324702423,57.113283044792155,33.752007494422045,0.02736255227162768,-9.314780778936252e-05
59.74437999725342,-0.4055311602704268,-59.43882488536928,57.2052363715826,33.811226042334525,0.027577172431180047,-9.309013598383096e-05
59.766181230545044,-0.4101317193651923,-59.53241749111486,57.29723120331355,33.87042446039455,0.02779210656196285,-9.303198370437467e-05
59.78897023200989,-0.4147287300490983,-59.62598366728422,57.38924918344502,33.9296227488217,0.02800532530222005,-9.297453198321596e-05
59.80998659133911,-0.41934361720482344,-59.71951053731706,57.48130886039614,33.988791344775265,0.02821733152737011,-9.291630894500536e-05
59.83205270767212,-0.4239983852818404,-59.81301133533421,57.573399313173915,34.047967267934,0.028425673135338603,-9.285720474140526e-05
59.85455274581909,-0.42865684998368025,-59.906476996828474,57.66552393365701,34.107148706548394,0.028629134633255702,-9.279667033230725e-05
59.876720905303955,-0.43332340117891494,-59.999904299618024,57.757709062695405,34.16634439362553,0.02882936702675022,-9.2731195719367e-05
59.899789810180664,-0.43802337117357165,-60.09331082810765,57.849935982384274,34.22554115890058,0.029028031474486255,-9.266573282181524e-05
59.921016216278076,-0.4427268549286311,-60.186671910842136,57.94220335648023,34.28473478546874,0.02922624253036468,-9.259935351169585e-05
59.94370150566101,-0.4474571588196601,-60.279991777741934,58.034511812743425,34.343933327561196,0.02942628357576524,-9.253190293502146e-05
59.96538519859314,-0.45222191521118305,-60.37327341380993,58.12684234617142,34.40314710602268,0.0296259926486191,-9.246539060433797e-05
59.98723530769348,-0.45700790229308264,-60.46650816303441,58.219194350992005,34.462347927208725,0.029827863223447756,-9.240094082888019e-05
60.009111404418945,-0.46179490933626277,-60.559701992388874,58.31157498453637,34.52157327106078,0.030031455192597954,-9.233554070732659e-05
60.03215742111206,-0.4666118484130705,-60.65284905545614,58.4039786231261,34.58080983101771,0.030235873252409222,-9.227037568314373e-05
60.05336833000183,-0.4714295916550871,-60.745984502654444,58.49641015993668,34.64004353721651,0.030442231269735193,-9.220790414809458e-05
60.076334953308105,-0.4762502311045712,-60.839106646048116,58.58887374795227,34.69929335900561,0.03064885847670245,-9.214584063454045e-05
60.0976128578186,-0.48110010842777595,-60.93220420203697,58.68137489604817,34.75854311762271,0.030856857059628866,-9.208361347855087e-05
60.12057971954346,-0.48599730808329855,-61.025292852986865,58.77390157791328,34.817796723040445,0.031065127689970065,-9.202323943247876e-05
60.14197826385498,-0.49091500003379485,-61.118366644424206,58.866436821113425,34.877036505735916,0.03127624887097115,-9.196703306032041e-05
60.16365098953247,-0.49585208217793375,-61.21140001233234,58.95899007144602,34.936258681024356,0.03148875937389459,-9.191164844958199e-05
60.185665130615234,-0.500788775656989,-61.304413133947115,59.051573356157846,34.995479365640186,0.03170325485572129,-9.185572957782889e-05
60.208508253097534,-0.5057364572659573,-61.39742219956047,59.144187171224246,35.054729124671766,0.03191946026088424,-9.179830861207584e-05
60.23056626319885,-0.5106631170031305,-61.49042878988858,59.2368396541352,35.11398427323485,0.032136137038971536,-9.174027266069612e-05
60.252503395080566,-0.5155654405944271,-61.58342937626043,59.329516824878425,35.17322071320415,0.032353018403273086,-9.168448127511337e-05
60.27441763877869,-0.5204567637825002,-61.67642595588033,59.4222105759067,35.23246771794351,0.03256884814403199,-9.162960514324254e-05
60.29735279083252,-0.5253420775234527,-61.76940777960451,59.51490161845279,35.29173728770505,0.032783232115360245,-9.157615759326682e-05
60.31847286224365,-0.5302582382612875,-61.86238670119302,59.60757723728798,35.351006382087256,0.03299722904720685,-9.152704784254975e-05
60.34020805358887,-0.5351956275084481,-61.95534909875413,59.7002627138624,35.41027015412693,0.033210598889359635,-9.14777854454836e-05
60.36237335205078,-0.5401784794357791,-62.048294798170474,59.79298017296966,35.4695257740522,0.03342230617126372,-9.142569921598543e-05
60.38515090942383,-0.545194691017905,-62.14119940697693,59.88571920986873,35.52876440584406,0.03362697962068138,-9.137150685198728e-05
60.407470703125,-0.5502579475486573,-62.234094219407915,59.97849106808118,35.58800856664684,0.033822614987456964,-9.131463521918781e-05
60.42903709411621,-0.5553411812408896,-62.32697821940335,60.07130047357788,35.64723212295915,0.03400897657783485,-9.125655383117395e-05
60.45075273513794,-0.5604523758965374,-62.41982525566958,60.16412034294601,35.706432910042416,0.03418640756225873,-9.119906054532629e-05
60.47375249862671,-0.565584336302896,-62.51262539326309,60.25694567954231,35.76560700869756,0.03435598129849796,-9.114216295308076e-05
60.49540638923645,-0.5707412353478714,-62.60538614543902,60.34980589646162,35.82476151627144,0.03451943167111167,-9.108224738413086e-05
60.51738262176514,-0.575920845030531,-62.69812132974717,60.442680523195044,35.88391828324435,0.03467883442995668,-9.102169481013261e-05
60.540467739105225,-0.5811123815872283,-62.790811588896986,60.535581815735874,35.94305591276055,0.03483493579576447,-9.095932964844867e-05
60.56155300140381,-0.5863011282801499,-62.883466190067544,60.628498744892426,36.002182199221075,0.034985557574492246,-9.089685031890741e-05
60.58449029922485,-0.59149789102198,-62.97608020511712,60.721419508167976,36.06130044585108,0.03513039960469863,-9.083503589639284e-05
60.60568022727966,-0.5966899313352324,-63.068666671066765,60.81435852867067,36.120400333692146,0.03527098323307113,-9.077344331682724e-05
60.62870812416077,-0.6018871130234715,-63.16123232448356,60.90732285132871,36.179497479811445,0.0354080423895166,-9.071056952401099e-05
60.65008592605591,-0.6070848707500974,-63.2537657378214,61.000317270413746,36.23859440925188,0.03554196680924866,-9.064527124283807e-05
60.671820402145386,-0.6122891096854649,-63.346264011779084,61.09334841846068,36.29770608320461,0.03567293309266516,-9.057617807639171e-05
60.69396996498108,-0.6174974846184084,-63.43873196467668,61.18642198852526,36.356820326041046,0.03580136609809705,-9.050443662627198e-05
60.71679902076721,-0.6227143563339848,-63.53117361185151,61.27954591806182,36.41595978807742,0.035928898878624285,-9.042860738587774e-05
60.739235162734985,-0.627948272138953,-63.62357765202082,61.37270416115659,36.4751160258038,0.03605494243723484,-9.035126433346446e-05
60.76067090034485,-0.6331922021870882,-63.715944955916235,61.465905600956,36.53428577957723,0.03617730067158458,-9.027209388571042e-05
60.78218150138855,-0.6384615159190112,-63.80828957339013,61.55914513484022,36.59346943736306,0.036296039710186544,-9.019291051471773e-05
60.804927587509155,-0.6437518165268598,-63.90062395765065,61.65239670321222,36.65264952928185,0.03641438358599823,-9.011857272985903e-05
60.825896978378296,-0.6490332951783709,-63.99291968526466,61.74565609707567,36.71182789808532,0.0365315329614099,-9.004701564775149e-05
60.84804105758667,-0.6542994650825573,-64.08518355155691,61.83893798028699,36.771023437160146,0.036648378445571575,-8.997533298773778e-05
60.871418714523315,-0.6595570460083502,-64.1774101342565,61.93222427632442,36.83023425630713,0.03676534105316105,-8.990540242386053e-05
60.89283347129822,-0.664778882467257,-64.26961634910988,62.0255107472131,36.88945701118386,0.03687938534460126,-8.983861218023356e-05
60.91594743728638,-0.6700023606342371,-64.36181129807743,62.11880336462948,36.94868961392705,0.03699301718862722,-8.977409579325417e-05
60.93687868118286,-0.675208179195202,-64.45397739241925,62.21209781874659,37.00794293556855,0.03710559889955271,-8.971023035370984e-05
60.95966386795044,-0.6803823467344824,-64.54610443850407,62.30540181025639,37.06721511993462,0.037218778087055766,-8.964550697213783e-05
60.981362104415894,-0.6855404580255771,-64.6382137847768,62.39872258077681,37.12648457715584,0.03733447492151511,-8.958162836743963e-05
61.003373861312866,-0.6906997945847063,-64.73029783414424,62.492043289336756,37.1857536780331,0.0374527758596058,-8.951959600673045e-05
61.02542519569397,-0.6958836623893855,-64.82236053412512,62.58537721831067,37.245025410880174,0.0375746280318735,-8.94573692823026e-05
61.04848551750183,-0.70106912062562,-64.91440701912819,62.67872766974677,37.304303216293945,0.03769991719708557,-8.939467063133525e-05
61.06997990608215,-0.706249591070115,-65.00644440557107,62.772076756958555,37.36359226746868,0.03782732394650993,-8.933362204223739e-05
61.09267568588257,-0.7114359369759304,-65.09846445976308,62.865449845278974,37.422898205949735,0.03795714121545856,-8.927004524273983e-05
61.115187883377075,-0.7166227561181978,-65.19045376706133,62.958846249139086,37.48221544572033,0.03808791791317779,-8.920402182173307e-05
61.137415409088135,-0.72178561320805,-65.2824126446528,63.05224820939219,37.54156768853898,0.03821805207797287,-8.91366901090515e-05
61.15852880477905,-0.7269069183315223,-65.37435458291444,63.14566631350969,37.60092662559566,0.03834800975575612,-8.906955887883046e-05
61.180612087249756,-0.7319780170292994,-65.4662645310285,63.23909735810183,37.660302345338614,0.03847688591392195,-8.9001474671198e-05
61.20433592796326,-0.736991056585095,-65.55815396132279,63.332537606617336,37.719683344423544,0.03860278643000543,-8.893434958817038e-05
61.22554302215576,-0.7419589456484309,-65.65002784559502,63.42598380392697,37.77905801878965,0.0387244563749752,-8.886919767649708e-05
61.2487313747406,-0.7469004478627551,-65.74184676435489,63.519444312568694,37.838436070079595,0.038840201474948904,-8.880172710610804e-05
61.2700514793396,-0.7518429892505911,-65.83361277950083,63.61291658792447,37.89781279209981,0.0389510507883932,-8.873291842844892e-05
61.29256319999695,-0.7568040609356046,-65.92532813994626,63.70638601340361,37.957168619626735,0.039057492094984624,-8.866584835729666e-05
61.31439208984375,-0.7617670278920501,-66.01699180980225,63.799862804168654,38.0165141603077,0.03916043513690157,-8.85983150477516e-05
61.33594274520874,-0.7667526644774206,-66.10860983747654,63.893340176936015,38.07583384424996,0.039260547797669396,-8.853227739970627e-05
61.35826754570007,-0.7717369783003325,-66.20017427431169,63.98679453736017,38.135139571922906,0.03936138692325193,-8.84689265981672e-05
61.38102674484253,-0.7766964082910942,-66.29169743105457,64.0802279564643,38.19441929486268,0.03946359117551692,-8.840882898932654e-05
61.40221571922302,-0.7816497027517804,-66.38319249061057,64.17366295219053,38.25365712106497,0.03956592575197963,-8.835021301303068e-05
61.4249792098999,-0.7865654729646028,-66.47466507599239,64.26712848051011,38.312864429498404,0.0396667466747017,-8.828908783502424e-05
61.44607400894165,-0.7914458344339615,-66.56612079851634,64.36064550874985,38.372059783276505,0.0397663945154614,-8.822265727569025e-05
61.469149112701416,-0.796284509821507,-66.657556770891,64.45419606987925,38.43121555468824,0.039866262827757494,-8.815541046579129e-05
61.4906542301178,-0.801107673430986,-66.74896803957867,64.54777313647807,38.49036715989708,0.039966065330594866,-8.808575096925731e-05
61.51303958892822,-0.8059227245578376,-66.84035974667208,64.64136758623786,38.54947738687011,0.040064153007091104,-8.801758278661639e-05
61.5368857383728,-0.8107259974785478,-66.9317392916565,64.73498299313069,38.60853769177215,0.04016013124312374,-8.795104655291896e-05
61.5591139793396,-0.8155096082601722,-67.02311120758463,64.8286239204545,38.66760332320591,0.04025349956409093,-8.788221695557769e-05
61.58011603355408,-0.8203008538723436,-67.11449207178055,64.92229359659514,38.726670588120804,0.04034487856510753,-8.781215562316147e-05
61.602919816970825,-0.8250950048965023,-67.20585205928496,65.01600296570453,38.78573199538923,0.040431858732645876,-8.773864988621572e-05
61.62430548667908,-0.8298771032083899,-67.2971771345715,65.10973745968288,38.84482487418851,0.040515403406509255,-8.766109721256708e-05
61.647337675094604,-0.8346737724109938,-67.38847670757053,65.20348407609778,38.903929707675125,0.0405966704782298,-8.758337885301126e-05
61.66848611831665,-0.8394477834589532,-67.47976329617656,65.2972381886912,38.96304142212953,0.040674043288205224,-8.750720316030709e-05
61.69011688232422,-0.8441965918621379,-67.5710351359475,65.39102508567917,39.02215262425156,0.04074875156592266,-8.742979869527658e-05
61.71218490600586,-0.8489508661074565,-67.66229176534314,65.48483072926615,39.08125481943664,0.040822472143747617,-8.735337009832195e-05
61.73522090911865,-0.8537173504091156,-67.75355238635139,65.57866968901295,39.14034114425016,0.040894434124805236,-8.727753900416306e-05
61.75625777244568,-0.8584708125501678,-67.84480354730952,65.67253370006765,39.19938735538132,0.04096670327463089,-8.720389258221459e-05
61.779091119766235,-0.8632039403741563,-67.9360164390951,65.76640910178999,39.258411550215946,0.04104006074463535,-8.713086380244726e-05
61.800456047058105,-0.8679241781468513,-68.02719456818417,65.8602875142655,39.3174353818277,0.041115372324737276,-8.705810759604723e-05
61.82349252700806,-0.8726055323004615,-68.11836260809588,65.95416965140733,39.3764829255996,0.04119111063522011,-8.698546517464888e-05
61.844940423965454,-0.877242588466343,-68.20950109522171,66.04804170987904,39.4355497241257,0.04126518049673034,-8.691361941809028e-05
61.86639428138733,-0.8818543962200873,-68.30061574564111,66.1419009093029,39.494616136753436,0.04133606832798737,-8.684405182011687e-05
61.888763189315796,-0.8864482373282919,-68.39169303493918,66.23575237618448,39.55365792483648,0.04140219829357069,-8.677629973412444e-05
61.91142296791077,-0.8910058574903351,-68.48272582361311,66.32959432274835,39.61269989634776,0.04146271640345727,-8.67082877804629e-05
61.93262028694153,-0.8955453358531197,-68.57371313151032,66.42344408063404,39.671732802474736,0.041519376189750136,-8.663845488975326e-05
61.955445766448975,-0.9000708651221342,-68.66465431897423,66.51735259540013,39.73076497570362,0.04157313259743235,-8.656089372264779e-05
61.9770712852478,-0.904568603387508,-68.75557884501619,66.61128899947866,39.789801424870625,0.04162269555872902,-8.648195837259136e-05
61.99963974952698,-0.909031613117724,-68.84648642702952,66.70523879725204,39.848816723724305,0.04166685528323972,-8.640506373261639e-05
62.02105927467346,-0.9134632287466831,-68.93736619400443,66.7992018569251,39.907810207140564,0.0417075320283545,-8.63292407546329e-05
62.04284119606018,-0.9178736626892787,-69.02819873517782,66.89319020422549,39.966782008937,0.04174508531889093,-8.625182536680998e-05
62.0658061504364,-0.9222429457861816,-69.11901432379815,66.98719213826476,40.025745926474926,0.0417822336208362,-8.61753257410409e-05
62.08819627761841,-0.9265777589065477,-69.20981423901941,67.0812337582269,40.08470715563361,0.04181884173296623,-8.60963933586701e-05
62.11118507385254,-0.9308756846461363,-69.30057955458861,67.17528424471135,40.143668152248544,0.041852916062647,-8.601778573046958e-05
62.1324725151062,-0.9351683516041515,-69.39133120790832,67.26933684008496,40.20261099934969,0.041885918803552614,-8.5942255427899e-05
62.1555449962616,-0.9394558436562277,-69.48207811596143,67.36340571956465,40.261510462590344,0.041915081571925535,-8.586953777487305e-05
62.17693114280701,-0.9437255649118695,-69.57279342353351,67.45748085975177,40.32036844169014,0.04194063056817304,-8.57985785109323e-05
62.19874620437622,-0.9479912395734528,-69.66348721755229,67.55154551330139,40.37918902778246,0.04196487574519409,-8.573101358218965e-05
62.22062373161316,-0.9522646072316924,-69.75417182393643,67.6456000294952,40.43799895118795,0.04198637036615607,-8.566500767318251e-05
62.24360013008118,-0.9565645466063264,-69.84485636597468,67.73965720290832,40.49681385654687,0.04200409007931063,-8.559816296195878e-05
62.26631450653076,-0.9608584550777401,-69.93553065407366,67.83371106620407,40.55563531138368,0.042019439148536626,-8.553062472832025e-05
62.288057804107666,-0.9651307697165482,-70.02619299903031,67.92776508306197,40.61445448982954,0.042031039329787336,-8.546248420404738e-05
62.3094756603241,-0.9693715936752267,-70.11685812531222,68.02183574000918,40.67327217187963,0.04203981657392912,-8.539268187753566e-05
62.33237838745117,-0.9735833034872075,-70.207490605063,68.11591041761406,40.73208149392333,0.04204630646185604,-8.532132141961337e-05
62.35371494293213,-0.9777604728059632,-70.29810464528889,68.2099877849717,40.79087275075378,0.042051324116301546,-8.52501088106286e-05
62.375144958496094,-0.9818818554623329,-70.38872170232092,68.30408327952415,40.849658083544256,0.04205435615856995,-8.517771497614472e-05
62.39710831642151,-0.9859766798423928,-70.47932357747837,68.39820333991642,40.9084125719157,0.04205817409772611,-8.510397319908737e-05
62.42019987106323,-0.9900308797799423,-70.56989749437132,68.49235169212,40.967157625115185,0.04206443045633428,-8.502678307705994e-05
62.44122052192688,-0.9940704971007975,-70.66043321692888,68.58652311751142,41.02592614965302,0.04206945479533554,-8.494481486871012e-05
62.46399164199829,-0.9980812823222872,-70.75095201355154,68.68070687624655,41.08473326373089,0.042075886579952926,-8.486054061373336e-05
62.48531723022461,-1.0020515486543426,-70.84143044574445,68.77490786183623,41.14355620353627,0.0420837829989815,-8.477408707237889e-05
62.50841951370239,-1.006002970417542,-70.9318637727986,68.8691201535594,41.202408266330046,0.04209224372388121,-8.468552020511754e-05
62.52936673164368,-1.0099351157525083,-71.02229326167368,68.96334049129686,41.26127189446261,0.04210169262914446,-8.459895969443704e-05
62.55096983909607,-1.0138625854966896,-71.11268312560418,69.05755539986582,41.32014444736355,0.042111356292195694,-8.451375632109871e-05
62.57267212867737,-1.0177607973407732,-71.20307365908863,69.15176222124146,41.379021561394886,0.04212053697784371,-8.443245874632239e-05
62.595844984054565,-1.0216393210297738,-71.29345797698564,69.24599329804856,41.437887463443786,0.042129012027558026,-8.435127196937224e-05
62.61718416213989,-1.0255116242124895,-71.38381398674741,69.34024370266386,41.49674096335225,0.04213576215414374,-8.426956864054256e-05
62.63978171348572,-1.0293970882927566,-71.47414441709479,69.43450338666281,41.55556975809404,0.04214137111564167,-8.41893575676532e-05
62.66064691543579,-1.0332918380174114,-71.56442278742591,69.52877450740075,41.614397888448124,0.04214611117167869,-8.410728563543555e-05
62.68346548080444,-1.0371715465441156,-71.65464660101458,69.6230823561664,41.67321293325596,0.042150501913281124,-8.40216668256864e-05
62.705402851104736,-1.0410843837161443,-71.74484812097062,69.71741264438792,41.732026232794496,0.042153601419024286,-8.393570226124387e-05
62.72673749923706,-1.0449854968566217,-71.83503108562188,69.8117719719696,41.79085709975606,0.04215634676331772,-8.384801831553651e-05
62.7485294342041,-1.04885108263252,-71.92519048837579,69.90614264791678,41.849690230302436,0.04215784913882506,-8.376168676347163e-05
62.77067255973816,-1.0526796724681213,-72.01530635160883,70.00052608899237,41.908503349007354,0.042158037853646274,-8.36765957683991e-05
62.79325032234192,-1.0564871957226125,-72.10534494265107,70.09491060242028,41.96729063712609,0.04215888836609549,-8.359231174726645e-05
62.81464338302612,-1.0602757303951968,-72.19533750877339,70.18930223243137,42.02607154230865,0.042161215733682485,-8.350852661216868e-05
62.83675503730774,-1.0640398682381769,-72.28528251390108,70.28370964119135,42.08479408110199,0.042162997674838,-8.342720373700872e-05
62.85828471183777,-1.0677862274902061,-72.37519038430895,70.37813506647772,42.14349306941545,0.04216391480491733,-8.334605505468965e-05
62.88132619857788,-1.0714901134868025,-72.4650764352199,70.47257257240256,42.202198420952556,0.04216445845721161,-8.326479477849238e-05
62.902013540267944,-1.0751594648779745,-72.55494388485806,70.56701414246801,42.260914634178384,0.04216515605910138,-8.318416614011312e-05
62.92350149154663,-1.0787909392453037,-72.64478298609353,70.6614579058622,42.3196311656458,0.042166029624034394,-8.31043263689768e-05
62.94556498527527,-1.082401969622798,-72.73459362151407,70.75589154017314,42.378320742573784,0.042168691033017,-8.302793564871464e-05
62.96867251396179,-1.0859945967531905,-72.82438052873295,70.85031902744183,42.43699006182047,0.04217234711936642,-8.295360780669326e-05
62.98972034454346,-1.0895563908282566,-72.91415425204895,70.94475741919224,42.4956119540203,0.0421746195882712,-8.288113919829488e-05
63.01221442222595,-1.0930966618166615,-73.00391832844618,71.03920510304167,42.554189422540205,0.04217552195885069,-8.281014929752333e-05
63.03351426124573,-1.09662397849915,-73.09367480090593,71.13366136140479,42.61275286555032,0.04217360936243774,-8.27385327768581e-05
63.056445360183716,-1.100144181198099,-73.18344086087129,71.22809124166021,42.671328008866624,0.04216903062898204,-8.266939507690694e-05
63.07783365249634,-1.103662003990232,-73.27321570401227,71.32252348715468,42.729895970785144,0.04216483051472866,-8.259997561159731e-05
63.09960150718689,-1.1072018297038038,-73.36296815009615,71.41694891157415,42.78844808600437,0.042162862411723845,-8.252992630853175e-05
63.12198305130005,-1.1107254714111796,-73.45269621498547,71.51135939360758,42.846992519284,0.042161059231657506,-8.245960716108326e-05
63.144782066345215,-1.1142177595005056,-73.54239997787948,71.60576796988097,42.90553196745565,0.04215837220463155,-8.238737455007633e-05
63.16571664810181,-1.1176882786923958,-73.63206917338813,71.70016182413123,42.964061951084666,0.042155088098293714,-8.23145311425847e-05
63.18846845626831,-1.1211440750835646,-73.72171785688171,71.79455764014894,43.022566599664955,0.04215143804351038,-8.224088421757351e-05
63.20958137512207,-1.124577481258533,-73.81136707821702,71.88895520398499,43.08106711920097,0.04214644762775149,-8.216634826500718e-05
63.23241353034973,-1.1279812678757482,-73.90099643296219,71.98334825691035,43.13954832384498,0.04213944280913408,-8.209149713404347e-05
63.25357747077942,-1.1313533897304557,-73.99059710294755,72.07773292602818,43.19801254622784,0.04213093579356836,-8.201608867270311e-05
63.27553367614746,-1.1347109832863624,-74.08018257246314,72.17211058864505,43.25645580165773,0.04212029491489338,-8.194083548039676e-05
63.29818105697632,-1.1380418071612666,-74.16974222869219,72.26646185120217,43.31488161498192,0.042105717658149036,-8.186694129866308e-05
63.320988178253174,-1.1413558968660629,-74.25928353573468,72.36079981942184,43.37328637840263,0.04208757471352693,-8.17931336144016e-05
63.342097759246826,-1.1446483292920517,-74.34879301496542,72.45514327000723,43.43165593189088,0.04206888937823695,-8.171737445681819e-05
63.3649742603302,-1.1479064988249772,-74.43828812246703,72.54949894679802,43.49000694822368,0.04204840346063385,-8.163917855058534e-05
63.38603091239929,-1.151130104951852,-74.52776697532576,72.64386104984634,43.5483543582891,0.04202778544588076,-8.155859682847074e-05
63.40847992897034,-1.154310075535142,-74.6172025260247,72.73820840193257,43.606683726155715,0.04200501806824823,-8.147779730252869e-05
63.430248737335205,-1.1574391856550366,-74.70659560544553,72.8325338310868,43.664991452897674,0.04198168622389727,-8.139780407816604e-05
63.452123165130615,-1.160535922338578,-74.7959516507548,72.92682338464031,43.72329272469605,0.04195786434300509,-8.131919496985797e-05
63.474398374557495,-1.163621367852472,-74.88529036744346,73.02108726314852,43.781584506262284,0.04193316256456698,-8.124162248250275e-05
63.49761390686035,-1.1666664761933527,-74.97459069517791,73.11532697413223,43.83985129936638,0.04190984480194714,-8.11645183225233e-05
63.51911640167236,-1.1696965211380894,-75.06386939298902,73.2095699552348,43.898119511607405,0.04188600376433613,-8.108396391070613e-05
63.54148054122925,-1.1727084918008914,-75.15313735153168,73.30380355867462,43.956372680138,0.0418623898445026,-8.100347875843257e-05
63.56251811981201,-1.1757049733507634,-75.24239472353784,73.39801327906521,44.01463191090945,0.04183455159808277,-8.092328209676471e-05
63.58562779426575,-1.1786763423318716,-75.33165735527449,73.4922181816445,44.072900388812315,0.04180156438510685,-8.084186051404473e-05
63.606797218322754,-1.1816415812379797,-75.42090352031921,73.58641992763904,44.13116366053777,0.04176626126281686,-8.075888651869563e-05
63.62856125831604,-1.1845749170342945,-75.51012017953263,73.68060356933064,44.18941742182239,0.041729375628643935,-8.067588957177918e-05
63.65072321891785,-1.1874645962332167,-75.59931171341894,73.77478298162144,44.24764061238295,0.041690793235287835,-8.059284601904938e-05
63.67347002029419,-1.190328652356023,-75.68847759286575,73.86893153668002,44.305861017883736,0.04164857939210532,-8.051083575701141e-05
63.69521188735962,-1.1931844232777524,-75.77763394529995,73.96307263061716,44.3640528604886,0.04160351742153419,-8.042937681387744e-05
63.71754288673401,-1.1959954123585639,-75.86676941437138,74.057233169981,44.4222027205062,0.04155679749761038,-8.034574507707478e-05
63.739192485809326,-1.1987677566560848,-75.95587198313022,74.15138261834325,44.480307203591046,0.04150643997229717,-8.026314900171326e-05
63.762136459350586,-1.2015228487139022,-76.04496158975022,74.2455080075914,44.53838325983791,0.0414536791413662,-8.01826567790261e-05
63.783440351486206,-1.2042682085076237,-76.13403515640142,74.33961711414747,44.596424079327846,0.04139984420621266,-8.010314086312672e-05
63.804749965667725,-1.2069898203727984,-76.22309739513504,74.43373982606067,44.65446227204177,0.04134401704810287,-8.001950228906239e-05
63.82684636116028,-1.2096757526988617,-76.31214597800064,74.52788450211405,44.71247453197376,0.04128677122723962,-7.993293535386377e-05
63.84977316856384,-1.212345549546046,-76.40117835002778,74.62201997207423,44.7704574987431,0.041224795101195255,-7.984733804794628e-05
63.8708176612854,-1.2149772060596318,-76.4901765288706,74.71615035650676,44.8284301457918,0.041160789664421,-7.97600881468092e-05
63.89356541633606,-1.2175689426631602,-76.57916240185757,74.81028436232155,44.886377951392774,0.04109292607292292,-7.967257682393067e-05
63.91492557525635,-1.2201270738731786,-76.66811648807617,74.90439847121173,44.944330199224616,0.041024013633124544,-7.958461149028126e-05
63.937947034835815,-1.2226672210334226,-76.75704884959693,74.99851458484014,45.002264511419774,0.04095209793941105,-7.9495745609635e-05
63.95873212814331,-1.2252191443312876,-76.84596092337429,75.09264429076981,45.060182051462476,0.040878694315206576,-7.940486106088602e-05
63.98056221008301,-1.227757092059506,-76.93485065361305,75.18676901880194,45.118077254020726,0.04080359209389359,-7.931467929218326e-05
64.00243592262268,-1.2302563882460698,-77.02371410780121,75.28087997081728,45.175939358878416,0.04072645993954931,-7.922652498273909e-05
64.02533221244812,-1.2327238907456188,-77.11255741174385,75.37497137937366,45.23378815768494,0.040647798686482405,-7.913972518071243e-05
64.04657554626465,-1.2351661781040515,-77.20135957345522,75.46904565423846,45.291642811681875,0.04056945699557552,-7.90515098227764e-05
64.06950449943542,-1.2375753902460165,-77.29013564248206,75.56310093476775,45.34948286763422,0.04048942077461971,-7.896435494710613e-05
64.09133577346802,-1.2399602651886101,-77.37888411147556,75.65715737442152,45.40725451696184,0.04040810426840842,-7.887894850474759e-05
64.11403179168701,-1.2423226974871504,-77.46762545676296,75.75121250025192,45.4650049915013,0.040322667050991995,-7.879342740276955e-05
64.13507127761841,-1.244667058898452,-77.55638330574156,75.84527457290906,45.52273367973836,0.04023292757298417,-7.870813700039508e-05
64.1565797328949,-1.2469490916152464,-77.64514351020388,75.9393153330928,45.58042733947452,0.04013902471378831,-7.86261595757719e-05
64.17855024337769,-1.2491950192596053,-77.73391277337505,76.03334976155945,45.63808463271802,0.04003954838689608,-7.854549116035847e-05
64.20168805122375,-1.2514215298594937,-77.82266626267568,76.12738240480216,45.69570722091312,0.03993567694139739,-7.846386064032982e-05
64.22299790382385,-1.2536022092019485,-77.91141383482774,76.22141708987301,45.75331290579426,0.03982681694590251,-7.83805130773355e-05
64.24528765678406,-1.2557515132449493,-78.00015766568964,76.31545664746582,45.810913556603595,0.03971582473461885,-7.829479989205378e-05
64.26614665985107,-1.2578759731984004,-78.08885608320966,76.40947942734194,45.86850240343618,0.0396044381137634,-7.820768255483727e-05
64.28917932510376,-1.2599720471297946,-78.1775249876449,76.50350031738856,45.92609128495034,0.03949218976044923,-7.811798715744673e-05
64.31103658676147,-1.2620482532297983,-78.26617785354608,76.59751973300243,45.983649491830256,0.039380227151154,-7.802866389036509e-05
64.33239603042603,-1.2640837481012182,-78.35479701046559,76.69152042791957,46.0412043329164,0.03926709831355099,-7.793901144163924e-05
64.35407710075378,-1.2660670953352156,-78.44341031479433,76.78552115106086,46.098747187253466,0.039152606179360464,-7.784909909663131e-05
64.37677192687988,-1.2680134581437923,-78.53202155572778,76.87953126436528,46.15628839224316,0.039034692486830266,-7.775754799728138e-05
64.39868116378784,-1.2699405548698997,-78.62063953485907,76.97353030029166,46.213817126510975,0.03891369833224417,-7.76678929178898e-05
64.42035245895386,-1.271859713378457,-78.7092443280591,77.06750473430624,46.27131213443367,0.03879269504642469,-7.758135778838224e-05
64.44229888916016,-1.273791290117164,-78.79785614835707,77.16146972599597,46.32875941793284,0.038671053177669,-7.749746670657072e-05
64.46361351013184,-1.2757136014476342,-78.88649774454167,77.25540093804159,46.386155552576305,0.03855027250321076,-7.741958029690177e-05
64.48676753044128,-1.2776485013280723,-78.975140167328,77.34931705555377,46.44350981523492,0.038429321005796935,-7.734227804543641e-05
64.50761294364929,-1.279564579228259,-79.06377412891754,77.44322733778166,46.50083050018267,0.038307347370746134,-7.726344994874689e-05
64.52938866615295,-1.2814607321728841,-79.1524009143361,77.5371271078995,46.55813715320731,0.03818506705754536,-7.718267611983999e-05
64.55125713348389,-1.2833623605975966,-79.24100790403045,77.63101064171377,46.61541147629869,0.038060899683303125,-7.710117944866386e-05
64.57401132583618,-1.2852469881708675,-79.32960796640737,77.72486873124255,46.672659021699474,0.03793430791135709,-7.702035831131668e-05
64.59494161605835,-1.2871364968586094,-79.41822416623917,77.81870849918883,46.72988121249891,0.037805828474742446,-7.694023793975795e-05
64.61781811714172,-1.2889908882879078,-79.50684433565016,77.912529126838,46.78705166648345,0.037676043907384785,-7.68616835674306e-05
64.6388087272644,-1.290824767693089,-79.59544288192141,78.00633267318292,46.844208134573385,0.037545513059722424,-7.678045163696765e-05
64.66126990318298,-1.2926502379291966,-79.68404461016492,78.10010426711621,46.90135022365635,0.0374154704069548,-7.669976972507465e-05
64.68326449394226,-1.2944645788367208,-79.77264359213468,78.19384118420976,46.95848684829549,0.03728604666564779,-7.66188714217251e-05
64.70480608940125,-1.29625596497816,-79.86122483220095,78.28753257617863,47.01561818423613,0.03715691197330621,-7.653806962899328e-05
64.72655916213989,-1.29803458216077,-79.9497689914687,78.3812141194887,47.072757012159144,0.03702579473454116,-7.645174897274849e-05
64.74976396560669,-1.2997864160689605,-80.03830516194209,78.47488355587653,47.12985752081623,0.03689570606617191,-7.636542684615248e-05
64.77067685127258,-1.301504900202576,-80.12681642787778,78.5685477416297,47.18692894226749,0.03676528695940515,-7.627696091902336e-05
64.79341959953308,-1.3031914561539142,-80.21532107665462,78.66222317923723,47.24396473657621,0.03663280979591309,-7.618636594251279e-05
64.81426739692688,-1.3048576961193594,-80.30380642075664,78.75589687802143,47.300936951226554,0.03649922338799868,-7.60963842476272e-05
64.83677005767822,-1.3064916292036066,-80.39229725398218,78.84954345829512,47.35787443896051,0.036365033336895336,-7.60091302658462e-05
64.85860967636108,-1.3081204064010314,-80.4807705319101,78.94315274656084,47.41477569700318,0.036228705734439315,-7.592389180802857e-05
64.88022470474243,-1.3097271573512896,-80.56924080582598,79.03674651567017,47.47165644138674,0.03608769561241216,-7.583781106257326e-05
64.90194582939148,-1.3113216781058497,-80.65771198977204,79.13033496758983,47.52848423717452,0.03594396495692818,-7.575201791593366e-05
64.92469310760498,-1.3129053682635532,-80.74619727415354,79.22391801996126,47.5852674828317,0.03579873958984395,-7.566658226877161e-05
64.94641184806824,-1.3144661553004287,-80.83468967466271,79.31751368054287,47.641981617861006,0.03565046288469359,-7.558062888506747e-05
64.96854209899902,-1.3160302200791898,-80.92316661628557,79.41109405316693,47.69865547152839,0.035498171763173485,-7.549417237212446e-05
64.99013924598694,-1.3175855180546951,-81.01163241474167,79.50465594111489,47.755331572163264,0.03534264337834659,-7.540536368519628e-05
65.01146340370178,-1.3191157693705473,-81.10007702856075,79.59821827665917,47.81202032363391,0.03518300735329448,-7.53116397165004e-05
65.0343325138092,-1.320610622893994,-81.18850463772706,79.69178409439789,47.868654962052354,0.03501923817745961,-7.521788550373416e-05
65.05540084838867,-1.3221068881179292,-81.27692676227099,79.78535062208647,47.92526173688283,0.034854788253239184,-7.512337786540554e-05
65.07769393920898,-1.3235954735447684,-81.36532659327004,79.8788956406301,47.98184322503921,0.0346925853927758,-7.502963437323312e-05
65.10124254226685,-1.3250650127052899,-81.45374897959728,79.97242633780307,48.03840650306582,0.03453131317987669,-7.493770930878382e-05
65.12372541427612,-1.3264743194526452,-81.54217815039446,80.06593205990774,48.09495199471211,0.034369960717157755,-7.484764645898303e-05
65.14569115638733,-1.3278498544691726,-81.63059384120719,80.15942317438964,48.15145640657346,0.034208041348172166,-7.4758242420579e-05
65.16799092292786,-1.329209402918793,-81.71898214507083,80.25291131806507,48.207913200317144,0.03404589066891241,-7.466776932476208e-05
65.18973755836487,-1.330532421696253,-81.80735433012609,80.3464052473068,48.264325464739166,0.03388099392645021,-7.457599879916116e-05
65.21278047561646,-1.331828319209452,-81.89570643446098,80.43989598188575,48.32071056740952,0.033712977953287225,-7.448288566145102e-05
65.2342529296875,-1.3330932781185831,-81.98404553928522,80.5333921777301,48.37704344009182,0.03354117613362762,-7.438968574139948e-05
65.25625848770142,-1.334312562719452,-82.07236972970567,80.62688483895576,48.43332222717836,0.033366930378009724,-7.429742748374306e-05
65.27974271774292,-1.3355257191540781,-82.1606753507817,80.72037479775815,48.48957144766588,0.03318892152014891,-7.420411271656436e-05
65.3048346042633,-1.336751118745205,-82.2489464401089,80.81385915558715,48.54577738232212,0.033010070780501125,-7.411021811089644e-05
65.32814931869507,-1.3379848783069348,-82.33716548121433,80.90732026668002,48.601957582573924,0.03283226947580136,-7.401579625681046e-05
65.34915900230408,-1.3392015106093664,-82.42535899946043,81.00076601951233,48.658098014884565,0.032655550568890836,-7.392243873280138e-05
65.37145638465881,-1.3404172509270549,-82.5135442498319,81.09418207836936,48.71423397150155,0.032477313822715896,-7.383019129532137e-05
65.39372158050537,-1.3416301758562992,-82.60172462026702,81.18758695168661,48.77036632422632,0.03229725155483588,-7.373707821628629e-05
65.41508531570435,-1.3428343178525688,-82.68988870810664,81.28098921169693,48.82647533066988,0.032112417716342004,-7.364301640193855e-05
65.43665075302124,-1.34401385351373,-82.77803919714789,81.37438909563907,48.88255335404341,0.03192235381090924,-7.354884337957318e-05
65.459228515625,-1.3451782905611187,-82.86618863454954,81.46776441471572,48.938602067757955,0.031729240944143665,-7.34573988391265e-05
65.48113059997559,-1.3463285335787465,-82.95436574881776,81.56112013457881,48.9946236872752,0.031531912170249525,-7.33689577385112e-05
65.50452971458435,-1.3474594861812512,-83.04256541589088,81.65446548200481,49.05061350767194,0.031332438570882915,-7.328196132968237e-05
65.52556204795837,-1.3485961160602005,-83.13077386489216,81.74779334928029,49.106586643124594,0.03113068672387803,-7.319512312134998e-05
65.54819011688232,-1.34971606964657,-83.21896807386462,81.84111304862098,49.16255383223214,0.030927992406102802,-7.310566619048225e-05
65.569833278656,-1.3508088609053566,-83.3071474317127,81.93442330187608,49.218507172633245,0.030728368210392418,-7.301468991442999e-05
65.59126353263855,-1.351885679180435,-83.39532303984387,82.02772258742121,49.27444495516651,0.03052919398507341,-7.292328584713813e-05
65.61313319206238,-1.3529441300640581,-83.48351827173978,82.12101452813175,49.33036472401364,0.03033207342562203,-7.283251926451811e-05
65.63578248023987,-1.3539821906418827,-83.57172645228749,82.2142816556727,49.38625190556995,0.030136403352450693,-7.274454444094084e-05
65.65716624259949,-1.3550031537401392,-83.65993943819632,82.307536540241,49.442105169174624,0.029941795007478254,-7.265712113078205e-05
65.67931532859802,-1.3560162223425865,-83.7481786103599,82.40077959864789,49.49795395053694,0.029748021143353103,-7.256938893075182e-05
65.70076489448547,-1.3570329826646463,-83.83640556300423,82.4939972985788,49.55379866155839,0.029554797077200858,-7.248071139543012e-05
65.72229933738708,-1.3580299898980603,-83.92462502546212,82.5871976414659,49.60963361841372,0.029361690948018677,-7.239107334216516e-05
65.74530744552612,-1.3590045656567042,-84.0128446478532,82.68038431737222,49.665439647083495,0.02916607919640924,-7.230178962925904e-05
65.76914715766907,-1.3599692691754188,-84.1010627435345,82.77357271501955,49.72119214616074,0.028968572694069078,-7.221251286234143e-05
65.7912449836731,-1.360937689050811,-84.18928243575304,82.86672749961936,49.77688189818052,0.028769673745982546,-7.212744550086731e-05
65.81415915489197,-1.361902564030388,-84.27751581277836,82.95988406455278,49.83252649504913,0.02856817960169146,-7.204167494200659e-05
65.83556461334229,-1.362850134549451,-84.3657595829382,83.05304796611279,49.88814003399204,0.028365573916637632,-7.195375697249216e-05
65.85844612121582,-1.3637975674339569,-84.45399102360909,83.14620900602014,49.94371153089361,0.028160758129080865,-7.186453927962087e-05
65.87914061546326,-1.3647431992826595,-84.54221486385941,83.23936835373425,49.99925357988675,0.02794953941969912,-7.177364800485788e-05
65.90214538574219,-1.3656675358235577,-84.63042236205527,83.33253767922567,50.05477409902671,0.02773693330645022,-7.167938313063037e-05
65.92417311668396,-1.3665792584126313,-84.71859696993626,83.42572358129979,50.11028280282807,0.027526079572383486,-7.158035861166269e-05
65.9454185962677,-1.3674907823433669,-84.80673850321631,83.51891326986197,50.16577978234625,0.0273166203208051,-7.147887788746605e-05
65.96723079681396,-1.3683872596855597,-84.89487460590388,83.61210338314174,50.221269762825834,0.0271068885318849,-7.137709386040274e-05
65.99028635025024,-1.3692752523497946,-84.98301657614765,83.70528900341037,50.27675851575735,0.026899716345509778,-7.127592064471832e-05
66.01117730140686,-1.370137765617596,-85.07114481397862,83.79847891895596,50.33222548099673,0.026695265900103262,-7.117471581731011e-05
66.03312849998474,-1.3709835848046006,-85.15927203073339,83.89165592302155,50.387665981566194,0.026490593230077714,-7.107623883997996e-05
66.05476999282837,-1.371815259879386,-85.24739775246297,83.98481954185853,50.4430915166287,0.026284522885262118,-7.097936215572139e-05
66.07633328437805,-1.3726566148546917,-85.33555345788663,84.07794281820185,50.49852163840399,0.026069816659732653,-7.088693950826236e-05
66.09937715530396,-1.3734743374461513,-85.42373188243576,84.17105410218575,50.55396435458278,0.025854481091612078,-7.079447695419978e-05
66.12071371078491,-1.3742655858307369,-85.51193055325088,84.26415679814777,50.609389860543544,0.025628789322862184,-7.070326790568817e-05
66.14307808876038,-1.375005090849691,-85.60014506845576,84.35724488869427,50.66478262545532,0.025402789954352318,-7.061440286506779e-05
66.1660406589508,-1.375720519477372,-85.68838202413829,84.4502981264632,50.720136118206725,0.025177517105595584,-7.05300311593314e-05
66.18754744529724,-1.3764038231092806,-85.77660310943257,84.54332597614795,50.775454532812965,0.024934875464981465,-7.044598520265819e-05
66.21015357971191,-1.3770970220153107,-85.86482297936682,84.63635098020139,50.830746533946815,0.024697136749287158,-7.035995793427995e-05
66.23137164115906,-1.3778081797863797,-85.95304827596254,84.72935852199825,50.8860313121701,0.024466223500956875,-7.027293264898753e-05
66.25314259529114,-1.3785261750748283,-86.04127672846377,84.82234351945976,50.941279114885404,0.02424050244059527,-7.01872030652346e-05
66.27572250366211,-1.3792350674549874,-86.12952335574792,84.91530686395154,50.99646998228006,0.024019954203336673,-7.010431464392188e-05
66.29757285118103,-1.3799369634224172,-86.21778376627913,85.00824064592672,51.05160609479763,0.02380029715216813,-7.002399461632758e-05
66.31956458091736,-1.3806251817144453,-86.30604872941632,85.10117319626008,51.10670067952688,0.02358196798678373,-6.99415019316716e-05
66.34268832206726,-1.3812834499094562,-86.39430776160907,85.19409729143044,51.161759548655525,0.023364830701224113,-6.985703766647118e-05
66.36427187919617,-1.3819511542209326,-86.48256493281507,85.28700098177809,51.21678527561701,0.023136168246649158,-6.977203897257694e-05
66.3871603012085,-1.3826285061598096,-86.57082351666088,85.3798780421414,51.27175805596069,0.022897166823498707,-6.968846403794728e-05
66.4083399772644,-1.3833167335277288,-86.65908787545312,85.47272947502073,51.326695297442704,0.02265432313071675,-6.960501457684563e-05
66.43074893951416,-1.3839965375135292,-86.74737211748887,85.56554998292518,51.38159449979812,0.02240897593653726,-6.952300934123275e-05
66.45256900787354,-1.384677535755637,-86.83564178093961,85.658341463473,51.436457778548174,0.022160471077277737,-6.943989588149603e-05
66.47438168525696,-1.3853319265841935,-86.92389876158366,85.75112315373796,51.491244129188615,0.021916974705557223,-6.935643495175226e-05
66.49707627296448,-1.3859389350331168,-87.01214898708486,85.84386543814233,51.545995801477574,0.02166732454375721,-6.9273425596818e-05
66.51999187469482,-1.3865265347798212,-87.10038381649933,85.9365895953244,51.600729200444874,0.02140165412849775,-6.918705275287353e-05
66.54136681556702,-1.3871154546911912,-87.18861283856346,86.02927486238147,51.65546344786563,0.02114334727469036,-6.909931187153569e-05
66.5639340877533,-1.3876971270481226,-87.27684143071204,86.12193369477689,51.71015587537726,0.020893216449258657,-6.901198065183111e-05
66.58540654182434,-1.388274466912268,-87.3650726457062,86.21456989140155,51.76484105309581,0.020649960941857174,-6.89226696454989e-05
66.60853052139282,-1.388850456044659,-87.4533276725003,86.3071777155983,51.81951207226226,0.02041144062466108,-6.88338133121499e-05
66.63019514083862,-1.3894084390841308,-87.54158901494837,86.39976188965868,51.87417297758064,0.020176681393215802,-6.874371476591315e-05
66.65184664726257,-1.3899448735681899,-87.62988035059912,86.49234148133651,51.92879617138866,0.019945906934658017,-6.86535686929004e-05
66.67316126823425,-1.390449173923284,-87.71818479681814,86.5848933995257,51.98340728537885,0.01971819395281813,-6.856330887010845e-05
66.69596099853516,-1.3909314928774559,-87.80648264106007,86.67742887792647,52.038002094168775,0.01948053468611878,-6.847101779697363e-05
66.71904516220093,-1.3913962376085363,-87.89475287660554,86.76994834568532,52.09257450629779,0.019246857524596792,-6.837632103853308e-05
66.73998999595642,-1.3918474661000542,-87.98300896619149,86.86242961043222,52.14714008899714,0.01901663411157457,-6.828171741387812e-05
66.76301884651184,-1.392303051911585,-88.07125924251453,86.95489884057163,52.201677908496215,0.018782503062988835,-6.818624137156245e-05
66.78439664840698,-1.3927775139275786,-88.15954057199423,87.04734778844555,52.25618132306487,0.018541556709110178,-6.80932037485301e-05
66.80752348899841,-1.3932495786229648,-88.24784049765023,87.1397665735721,52.310649936358814,0.018304399402474844,-6.800253596439045e-05
66.82878756523132,-1.393701382532535,-88.33613768492712,87.23211617418723,52.365077155781826,0.01806574641264903,-6.791690770666936e-05
66.85053968429565,-1.4272057835537577,-88.53040109112051,87.40760954490258,52.44031239425199,0.007807271422945664,-6.386869722404389e-05
66.87270188331604,-1.441284758251818,-88.61155509841586,87.49857429484646,52.47718710406318,0.00605497378592183,-6.5396627091344e-05
66.89540529251099,-1.4462716649178085,-88.64451727574865,87.54743292344546,52.496202903737235,0.0064047274231125925,-6.930689041514756e-05
66.91655588150024,-1.447007833199162,-88.65720240168949,87.57503883317908,52.50674111945651,0.007133924427722272,-7.390212123503603e-05
66.93901014328003,-1.4457430093175572,-88.66150816917887,87.59176989507606,52.51317453130603,0.007802784514477981,-7.831915283811199e-05
66.9603967666626,-1.443534419732518,-88.6624197535931,87.60285065510713,52.517582095642155,0.00837455004669966,-8.215672901514319e-05
66.98325204849243,-1.4408576479340105,-88.66199535017137,87.61095613856324,52.52094630689043,0.008862408901242612,-8.526675404945503e-05
67.0047996044159,-1.437947703803845,-88.66102855262913,87.61738242076457,52.52360141052866,0.009277455833174696,-8.764925057280803e-05
67.02651810646057,-1.4348874562233735,-88.65981828356728,87.6225128294618,52.52571172538475,0.009629686774977619,-8.938839475479394e-05
67.04862713813782,-1.4317352145961364,-88.6585127041867,87.62672401728278,52.527404495176015,0.009925457231027286,-9.055495363777553e-05
67.0713632106781,-1.428534943475318,-88.65717751573112,87.63040978710976,52.52877351869809,0.010171041431877912,-9.120904750989713e-05
67.0925965309143,-1.4252842648726034,-88.65584977561991,87.63378584310732,52.52989303497321,0.01036902210018336,-9.14228039895764e-05
67.11506509780884,-1.4220004568772169,-88.65450202074504,87.63698340902879,52.53081847925189,0.010524542280709964,-9.12655962122089e-05
67.13630723953247,-1.4186685641426289,-88.65314092428184,87.64006330159746,52.53159359065064,0.010642413902690644,-9.08071740047067e-05
67.15931725502014,-1.4153200349160928,-88.65176117217126,87.64305621158245,52.532253091520325,0.01072793895019254,-9.010987640463228e-05
67.1803948879242,-1.4119438215439502,-88.65036558051712,87.6459985119427,52.5328216681033,0.010785395765023962,-8.922713386085986e-05
67.20165920257568,-1.4085398024761275,-88.64897085025129,87.6488722325993,52.53331797644623,0.010816038415018894,-8.821038211722867e-05
67.22375440597534,-1.4050810221699535,-88.64757399403737,87.65168482783734,52.53375687390753,0.010823358620747573,-8.709913628603857e-05
67.24654054641724,-1.4015908625862743,-88.64615219465793,87.6544537129032,52.53414771757199,0.0108093721753108,-8.592428508777421e-05
67.26753544807434,-1.3980924381443605,-88.64470011806416,87.65717206224011,52.534500852346056,0.010776298844360386,-8.471451579116541e-05
67.29035472869873,-1.3945896995538998,-88.64322034418785,87.65982311308392,52.53482101221867,0.010726318189313867,-8.349490119084708e-05
67.31205940246582,-1.3910638514427915,-88.6417412952786,87.6624345082855,52.53511210116432,0.010661929555227859,-8.228262278963811e-05
67.33486723899841,-1.387540679343072,-88.64023191296621,87.665025432291,52.53537821106144,0.010583534888200569,-8.108882601061153e-05
67.35637068748474,-1.3840238323840723,-88.6386783194382,87.66758227701926,52.53562266422415,0.010490828098186735,-7.992635773410234e-05
67.37807250022888,-1.380519173243083,-88.63707348519063,87.67010317508675,52.53584949249323,0.010385048478690996,-7.880416685044417e-05
67.40038299560547,-1.377015577677093,-88.63544150709491,87.67259142106748,52.53605974511247,0.01026681325938564,-7.773016835166666e-05
67.42331528663635,-1.3735148123219376,-88.63376061949009,87.67503735230586,52.53625315826199,0.01013774824525173,-7.6708909619656e-05
67.44433307647705,-1.3700268604044141,-88.63204917505095,87.67743917311027,52.53642850474977,0.00999982303940002,-7.57446520049709e-05
67.46726489067078,-1.3665342478696825,-88.6303248965186,87.67980948203011,52.53658665951028,0.009853249777448173,-7.483851215336048e-05
67.48859596252441,-1.363047477379515,-88.62856429112406,87.68214013204548,52.5367295676805,0.009698474413785753,-7.399032242979182e-05
67.51168131828308,-1.3595610901578017,-88.6267681015544,87.68443114145151,52.536858035541364,0.009536031490835754,-7.319973716344142e-05
67.53264093399048,-1.3560555630990965,-88.62494049546989,87.68667968755149,52.53697082129772,0.009367867645568883,-7.246631227123248e-05
67.55450320243835,-1.3525339421590061,-88.62308297708645,87.68890078342034,52.53707026701005,0.009195445544130952,-7.178674781077334e-05
67.57653498649597,-1.3489740921566973,-88.62122217525423,87.69110498625136,52.53715769434807,0.009019824397654712,-7.115956889015588e-05
67.59950232505798,-1.3453668342354197,-88.61936585938372,87.69326466446279,52.53723472398851,0.008838882387085798,-7.058559970978672e-05
67.62079358100891,-1.3417177472492992,-88.61752537474929,87.69536050979634,52.53730168949263,0.0086527797501275,-7.006417354730341e-05
67.64317297935486,-1.3380413092111278,-88.61569561709825,87.69738912487193,52.53735807887193,0.008460124995439517,-6.959164048360978e-05
67.66470456123352,-1.3343377343393172,-88.61386464935167,87.69937264346184,52.537402115041125,0.008255115431004302,-6.916167407041012e-05
67.6875274181366,-1.3306273469810443,-88.61202167680337,87.7013079252554,52.5374346128276,0.008043289739968415,-6.877100022081334e-05
67.70902180671692,-1.326926768545081,-88.61015285623056,87.70320198213153,52.537455564510694,0.00779898789838359,-6.841537611554207e-05
67.73055529594421,-1.3232127720893494,-88.60826644301675,87.70506221333565,52.53746457853757,0.007559035982863861,-6.809220716703072e-05
67.75275588035583,-1.319517168901231,-88.60637299977064,87.70686735314358,52.537456985145326,0.0073102887164215435,-6.780201998141558e-05
67.77548813819885,-1.315822012404709,-88.60448638634608,87.70861914435123,52.53743583180572,0.0070590610826187965,-6.754238429055578e-05
67.79659152030945,-1.3121205680912862,-88.60259685535299,87.71033903180748,52.53740240125147,0.006807972595474272,-6.730784526877836e-05
67.81913018226624,-1.3084017900192206,-88.6007101572101,87.71204305379337,52.537354937995076,0.006552060256277087,-6.709525499307867e-05
67.84053778648376,-1.3046871033160194,-88.59879382639255,87.71374142795955,52.53729329482647,0.006302773378837995,-6.690019329263637e-05
67.86352109909058,-1.3010047336354535,-88.59685339565806,87.71542272500514,52.537218363208275,0.006037273236712307,-6.672294588763974e-05
67.88435339927673,-1.2973322241468923,-88.59487893698234,87.71708477692393,52.53713060946436,0.0057812106467566475,-6.656194371515445e-05
67.90594863891602,-1.2936622979665935,-88.59291147886482,87.71874497550542,52.53703186337987,0.005533344877075257,-6.64163435986173e-05
67.92809724807739,-1.289984509035008,-88.59093750016763,87.72038601357521,52.53692177677258,0.005291284825235827,-6.628595015334972e-05
67.95084381103516,-1.286287826496312,-88.58895545465234,87.72199542621901,52.53679942469599,0.0050555816848635434,-6.617058840959111e-05
67.97183203697205,-1.282574455217823,-88.586969050291,87.72356036455662,52.5366649792808,0.004825395869789814,-6.607012723686008e-05
67.99478697776794,-1.2788498258806371,-88.5849799238905,87.725089407874,52.536516142746684,0.0045982892563854755,-6.598217856884755e-05
68.01603722572327,-1.275100652220575,-88.5829972493664,87.72659315845793,52.53635592680922,0.004372294704423822,-6.590461178718933e-05
68.03883671760559,-1.271331132436147,-88.58101212413884,87.72805648476049,52.53618506298999,0.0041495626317127905,-6.58372577190469e-05
68.06030583381653,-1.2675491033067818,-88.57903707244948,87.72949085718473,52.53597530622453,0.003926757823634196,-6.578003139248147e-05
68.08155179023743,-1.2637683379269027,-88.57704816944047,87.7309135446998,52.53572392784713,0.0037040060038975656,-6.572873999065121e-05
68.10328793525696,-1.2599850040626421,-88.57505603729167,87.73229972325186,52.535430297132066,0.0034828352547388373,-6.568584847081548e-05
68.1257176399231,-1.256208077985486,-88.57307121831538,87.73364685026313,52.53509663588739,0.003261715971395107,-6.565080681278013e-05
68.14787578582764,-1.2524238868740138,-88.57109091131029,87.73495877131872,52.53472198196033,0.0030375302687763264,-6.56219920061785e-05
68.16942858695984,-1.2486038281946037,-88.56910039464837,87.73623947874398,52.534277246041704,0.0028112456633001626,-6.559907157319097e-05
68.19138765335083,-1.2447823022888191,-88.56709092944615,87.73749739420953,52.533773470549704,0.0025505978932940086,-6.557906192377035e-05
68.21253824234009,-1.2409644918118006,-88.56506333912435,87.73875688438052,52.533220520675066,0.0022680600416301482,-6.555863795852331e-05
68.23536133766174,-1.2371439100107309,-88.56302599312744,87.73998860445138,52.53262503254777,0.001963963605783314,-6.554106021849801e-05
68.2561686038971,-1.2333016357171578,-88.56096633682746,87.74118417924238,52.53199411701729,0.0016575303484500671,-6.552573206375164e-05
68.27810168266296,-1.2294494482385936,-88.55891325708323,87.7423298013308,52.53133657261812,0.001352475008381332,-6.551467440488546e-05
68.3000841140747,-1.2255736914442923,-88.55688688748913,87.74342693168217,52.530645631126646,0.0010585968244226861,-6.550845659704167e-05
68.32323265075684,-1.2216681264164735,-88.55486714705661,87.74446925524485,52.52990122608753,0.0007791714331303279,-6.550687566190755e-05
68.34409356117249,-1.2177722035052252,-88.55283161332284,87.74547371864608,52.529127751828185,0.0005015716607893749,-6.550457618312342e-05
68.36711263656616,-1.2138927933083101,-88.55075184970063,87.74643975636072,52.52834031006031,0.00021503319400750667,-6.549934860214425e-05
68.3879120349884,-1.210040653517388,-88.54865827572989,87.74738819709223,52.52750263815246,-5.851978552425052e-05,-6.549344886402396e-05
68.4103353023529,-1.2062115046785036,-88.54656536208005,87.74830867692947,52.52661924198481,-0.0003335524763443322,-6.54885744772539e-05
68.43220114707947,-1.202392574179293,-88.54448695074285,87.74918546944613,52.52569265038788,-0.0005979812837535716,-6.548669888953698e-05
68.45384764671326,-1.1985736223122097,-88.54242492662028,87.75001297018959,52.524736760074546,-0.0008659579008065832,-6.548705778989898e-05
68.47574591636658,-1.1947612419206977,-88.54036529801216,87.75079851335661,52.523732058009536,-0.001126162534092826,-6.54888116527403e-05
68.4990406036377,-1.1909386638647563,-88.53830772637026,87.75153508221949,52.52268162953174,-0.0013854984218486573,-6.549215002699215e-05
68.52023363113403,-1.1871200660475294,-88.5362520223703,87.75221072310758,52.52159869145471,-0.0016633041089415348,-6.549701947984936e-05
68.54294013977051,-1.1832997953507947,-88.53418155647849,87.75282273330114,52.52046175757242,-0.0019557883633382856,-6.550366649549033e-05
68.5643937587738,-1.1794690610447687,-88.5321188065691,87.75338058731583,52.5192874581593,-0.002260029565141368,-6.551090620285261e-05
68.58732199668884,-1.175643387202881,-88.53007869640463,87.75387455165769,52.51810331034924,-0.002566817119822124,-6.551858054545148e-05
68.60844659805298,-1.1718164423224748,-88.5280497284016,87.75432258726985,52.51691910201533,-0.0028847660258066216,-6.552354188853567e-05
68.63018727302551,-1.1679994754326577,-88.52604811665067,87.75474595150506,52.515722838474744,-0.003212858890309233,-6.55256776256515e-05
68.6523380279541,-1.1641882086327902,-88.52403823590073,87.75511924472016,52.514506432928435,-0.0035509883408009267,-6.552662105083495e-05
68.67518377304077,-1.1603909914127475,-88.5220306942944,87.75545110869884,52.51324278050486,-0.003865449449340506,-6.552784469299431e-05
68.69676971435547,-1.1566019265853233,-88.52003937777113,87.75574764050461,52.51192964579547,-0.004161817627541282,-6.552952720162632e-05
68.71941709518433,-1.1528139097303929,-88.51807446426456,87.75601585232835,52.51057157743294,-0.004442231358141516,-6.553112966297435e-05
68.7407386302948,-1.1490244317385956,-88.51613491085278,87.756261125943,52.509162008258954,-0.004715891301194137,-6.553243269622661e-05
68.76336216926575,-1.1452454175468807,-88.51420068078704,87.7564874003315,52.50771095873896,-0.004989697655201135,-6.553140454561591e-05
68.78426027297974,-1.1414808936824343,-88.51227489109056,87.75669724867747,52.5062234108859,-0.0052623182602372955,-6.552812928471596e-05
68.80595254898071,-1.1377181664865903,-88.51037475239248,87.75689265862748,52.504694140335104,-0.005565745180272146,-6.552414356358407e-05
68.82838749885559,-1.1339502565574144,-88.50849083645528,87.75707527620978,52.50311925335853,-0.005885333277513182,-6.551922507709406e-05
68.85105752944946,-1.130184194720991,-88.50661554388998,87.75724532513493,52.50150667564636,-0.0061978904626279275,-6.551271927124037e-05
68.87226271629333,-1.1264216761651988,-88.50473887074314,87.75740238021551,52.499863348859215,-0.006497619644328761,-6.550413715710569e-05
68.89495849609375,-1.1226517738541542,-88.5028741421939,87.75754802757312,52.498195518257916,-0.006782122013736398,-6.549422224641191e-05
68.91641926765442,-1.1188968763193186,-88.50101038122503,87.75768519351051,52.496510719524174,-0.007056156779850644,-6.548200791909406e-05
68.93931937217712,-1.115132015309377,-88.49915204762512,87.75781147356966,52.49480338867705,-0.007349044277651926,-6.546898761468216e-05
68.96070289611816,-1.1113685132882656,-88.49728108411506,87.75792769751666,52.49306871045441,-0.007626687661549762,-6.545471908212974e-05
68.9824469089508,-1.107604092659431,-88.49541127963916,87.75803353342265,52.491291113511146,-0.007892120713125965,-6.544131842404848e-05
69.00449681282043,-1.103834776984827,-88.49353173110566,87.75812917656538,52.48947313079882,-0.008147290733714185,-6.542805808905407e-05
69.02709650993347,-1.1000451927503014,-88.49164673659699,87.7582154132267,52.48762276724733,-0.008398771175824167,-6.541481096234949e-05
69.0485348701477,-1.0962357546322479,-88.48976422279836,87.7582937707024,52.48571260445459,-0.008656156144783347,-6.540361612383921e-05
69.0709981918335,-1.0924276031123787,-88.48792113771808,87.75836450855584,52.483771358179375,-0.008909075503111588,-6.539438754027626e-05
69.0922691822052,-1.088618376548603,-88.48608927303566,87.7584245342389,52.481794509077005,-0.009155922744805919,-6.538594258123278e-05
69.11534810066223,-1.0847825923607175,-88.48425120367601,87.7584754395665,52.47978675090524,-0.009397203717726257,-6.537696346766351e-05
69.13669061660767,-1.0809340167297918,-88.48240263197185,87.75852062936582,52.477743483275205,-0.009634680320826296,-6.536735320283045e-05
69.15819263458252,-1.0770594267673474,-88.48055522408787,87.75856216307291,52.47565132488092,-0.009873643429218135,-6.535860261861169e-05
69.18027329444885,-1.0731612009707234,-88.47869882879559,87.75859764494835,52.473505389884885,-0.010110284220503333,-6.535064061821943e-05
69.20292687416077,-1.0692738893901055,-88.47683022571739,87.75862774259141,52.47132519532175,-0.010356742526162447,-6.534194906563933e-05
69.22399020195007,-1.0653948774906998,-88.47494660678943,87.75865126046325,52.46909914237391,-0.010603540208407073,-6.533345674013074e-05
69.24663543701172,-1.061509941124748,-88.47305982714423,87.75866724813552,52.46683697358599,-0.010857063617024959,-6.532543336563274e-05
69.26780533790588,-1.0576194096836693,-88.47116575835494,87.7586753179251,52.46453488108867,-0.01110355906739541,-6.5317943752233e-05
69.29055953025818,-1.0536981136648071,-88.46927617301579,87.75867621050297,52.4622216004343,-0.011345158508717,-6.530992936743278e-05
69.31237745285034,-1.0497621418983218,-88.46738920029671,87.75866930344156,52.45986112207836,-0.011606060736014974,-6.530363281076948e-05
69.3339204788208,-1.0458315661908804,-88.46551436266586,87.75865530015206,52.4574727754011,-0.011875303182355272,-6.529804720430487e-05
69.35599994659424,-1.0419175165367327,-88.46365906456185,87.75863314090418,52.455072732150896,-0.012144279143204238,-6.529263446730168e-05
69.37914443016052,-1.0380174187960218,-88.46182355229101,87.75860436784751,52.452626410134066,-0.012426680716335401,-6.528933051345404e-05
69.39998483657837,-1.0340887175429752,-88.45999228262323,87.75856883938766,52.450153872631404,-0.01269514354426477,-6.528591105799568e-05
69.42274951934814,-1.0301540886222214,-88.45815455482227,87.75852727078193,52.44766321184042,-0.012953811994027307,-6.528129229805082e-05
69.44399237632751,-1.0261944265131315,-88.45631411843874,87.75848066151207,52.44511767491297,-0.013204094919455902,-6.527809367477981e-05
69.46694135665894,-1.0222197396399784,-88.45447186712123,87.75842833355291,52.44250712901375,-0.013447579197220493,-6.527676126638832e-05
69.48791551589966,-1.0182458713534728,-88.45264707108817,87.75836984373774,52.439819019574536,-0.013684214018095673,-6.527869372560263e-05
69.50993609428406,-1.0142595822981895,-88.45081155652166,87.75830504464783,52.43705511460217,-0.013917345018050245,-6.528168473621516e-05
69.53193497657776,-1.0102782588883437,-88.4489812106963,87.75823128882227,52.43425055768082,-0.014166172300822658,-6.528449395613948e-05
69.55460929870605,-1.0063043165016454,-88.44716848854547,87.75814912513927,52.43140711145198,-0.014427614696995111,-6.528763424136169e-05
69.57569622993469,-1.0023377651639342,-88.44534875510912,87.75806133592965,52.428552718496974,-0.0146812513664921,-6.528782190981359e-05
69.5983636379242,-0.9983577188396182,-88.44353755518884,87.75796771810859,52.42567628040188,-0.014928826457998777,-6.52872256147083e-05
69.61993408203125,-0.9943768314046836,-88.44175809598937,87.75786758130376,52.422812103803416,-0.015174315050985352,-6.528528965673718e-05
69.64276337623596,-0.9903922941827762,-88.43999327617047,87.75775946502841,52.41993602164537,-0.015414444381031876,-6.528300327243593e-05
69.6637818813324,-0.986408940306948,-88.43822384811948,87.75764272868376,52.41704193770888,-0.015652127472333417,-6.527988929070035e-05
69.68568396568298,-0.98245880516971,-88.43647403710199,87.75751720935075,52.41413717749073,-0.015886447227624955,-6.527695892766148e-05
69.70807576179504,-0.9785509031108599,-88.43473366894162,87.75738301401653,52.411203890058395,-0.016117542679814995,-6.527471383566134e-05
69.73062539100647,-0.9746962269926277,-88.43301473888803,87.75723872966779,52.40823559485044,-0.016345820459001053,-6.527419095535025e-05
69.75228524208069,-0.970846962690882,-88.4313183263768,87.757056479727,52.40522965704738,-0.016576483324760274,-6.527816622909094e-05
69.7742862701416,-0.9669979286356376,-88.42965241754327,87.75681388789036,52.402206954269076,-0.016810642907931342,-6.52871187091528e-05
69.79551291465759,-0.9631516577082093,-88.42800460974783,87.75652364203142,52.39918175519064,-0.017042491427408133,-6.52972027188136e-05
69.81831789016724,-0.9593051611378989,-88.42639849689866,87.75619401500705,52.396138772863345,-0.017272391828032384,-6.530941141158487e-05
69.83953022956848,-0.9554398082973846,-88.42482021308837,87.75581466898345,52.39304992152157,-0.017503410695916967,-6.532516228233034e-05
69.86143827438354,-0.9515811756602202,-88.42326575540689,87.75538544300387,52.389937247658025,-0.01774674069200627,-6.534200382171162e-05
69.88373947143555,-0.9477167764537606,-88.42169642018494,87.75490115684602,52.38679442604379,-0.01800462363288624,-6.53584060664535e-05
69.90609288215637,-0.9438716205489965,-88.42014083430914,87.75437612888916,52.38361178025959,-0.018277132100827178,-6.537486855643398e-05
69.92823553085327,-0.9400706731125584,-88.41862556739082,87.75381184562528,52.380403280673185,-0.018549924776151142,-6.539156766303436e-05
69.95011138916016,-0.9363016316936034,-88.41713036343319,87.75321892059256,52.377169830410224,-0.018830424701274523,-6.540614744954768e-05
69.97185158729553,-0.9325603314303863,-88.41567369369875,87.75258721255594,52.37393737412829,-0.019101743682199347,-6.541936298210839e-05
69.99455046653748,-0.928843400791774,-88.41423274966579,87.7519134824593,52.37069110237631,-0.019359820850540964,-6.543135936834622e-05
70.01550936698914,-0.9251495301388583,-88.41281397712008,87.75120810203636,52.367445244063724,-0.019608433505151925,-6.544076684828706e-05
70.03719639778137,-0.9214749109516157,-88.41141815060641,87.75047382767715,52.364207679754244,-0.019849244274509303,-6.544736195997595e-05
70.05900025367737,-0.9178295551301481,-88.41003476503893,87.74973690869423,52.360971512503966,-0.020083688495763724,-6.544892150891937e-05
70.08197712898254,-0.9141765979119962,-88.40868235079382,87.7489851847161,52.35773225199458,-0.020312142659857767,-6.54490490617203e-05
70.10418343544006,-0.9105207519378328,-88.40736020046907,87.748214157895,52.354477929932344,-0.020537905778604294,-6.54491842027625e-05
70.1258156299591,-0.9068562570521261,-88.40607820705392,87.74741655697989,52.351215981624904,-0.020763320054304344,-6.545020169419121e-05
70.14905714988708,-0.9032085117162932,-88.40481311824392,87.74661747001144,52.347966976228186,-0.020991204719554325,-6.544700110248328e-05
70.17059302330017,-0.8995722601650128,-88.40356666405445,87.74582516602192,52.344690877964446,-0.02121676037416902,-6.544217662270561e-05
70.19201612472534,-0.8959267805863291,-88.40233712845162,87.74501313680484,52.34139702168838,-0.021439383985845842,-6.543822415021939e-05
70.21375823020935,-0.8922761529743342,-88.40113381412377,87.74414965509516,52.33809951114526,-0.02165872669829023,-6.543786429540444e-05
70.2372214794159,-0.8886285492257625,-88.39994025581169,87.74323941061996,52.334777059439894,-0.02187595299958633,-6.544032283349146e-05
70.25841999053955,-0.8850087099993101,-88.39874686394963,87.74228288065481,52.33141528219826,-0.022089688722240864,-6.544527481320172e-05
70.28006291389465,-0.8814265265047487,-88.39757464021908,87.74129981385825,52.32804254207813,-0.022301589284125466,-6.544968647139271e-05
70.30206871032715,-0.8778575227856613,-88.39643520529594,87.74029462339425,52.32465331366976,-0.02251305244619832,-6.545424527256891e-05
70.32506918907166,-0.8742999091725835,-88.39532280639712,87.73925709205986,52.32123986377946,-0.022722536398679327,-6.546009112777804e-05
70.3466522693634,-0.8707412417189351,-88.39422031245792,87.7381932051046,52.31783835643654,-0.022931939913662103,-6.54633881019763e-05
70.36810755729675,-0.8671933870611851,-88.39310973437082,87.73712445603287,52.31439930529729,-0.0231428717190285,-6.546447459533175e-05
70.38989567756653,-0.863645979251743,-88.39199872470552,87.73603791987559,52.31094117055195,-0.02335394911207867,-6.546449122094097e-05
70.41325736045837,-0.8600911592258399,-88.39093495078968,87.73493991620118,52.30744940390174,-0.02356366343838216,-6.546648660401674e-05
70.43437933921814,-0.8565531252606655,-88.3898997727259,87.73380945745619,52.303919893646714,-0.023774845516033587,-6.547136630981836e-05
70.45702314376831,-0.8530230883201506,-88.38887761371915,87.73264372791566,52.30037973370299,-0.023987066671731037,-6.547645562405003e-05
70.47826647758484,-0.8494961400699211,-88.38786032354692,87.73144120345594,52.296821207104024,-0.02420025740278728,-6.548190850265549e-05
70.50119686126709,-0.8459913436332352,-88.38684531939782,87.73020000058902,52.29325195667477,-0.024415371117776422,-6.548720824003573e-05
70.52267622947693,-0.8424988698760161,-88.38585503416563,87.7289514737432,52.2896724762982,-0.024629009448574716,-6.549048406517667e-05
70.54448747634888,-0.839029469931902,-88.38489625637916,87.72769129264184,52.28608022349577,-0.024841371304084137,-6.549309120860984e-05
70.56635451316833,-0.8356044433664366,-88.3839674876628,87.72638301636138,52.28248073003642,-0.025053814276794106,-6.549834819714484e-05
70.58919930458069,-0.8322105076195403,-88.38306206940308,87.72501922182376,52.27884247107925,-0.025267841954074242,-6.550798718759031e-05
70.61047554016113,-0.8288521782154782,-88.38215978042022,87.72359722320687,52.27518785310826,-0.025494444549765488,-6.551895063070608e-05
70.6330304145813,-0.8255220316189127,-88.38127760521304,87.72213846382428,52.271542676575024,-0.025720208278534565,-6.5528204375349e-05
70.65436005592346,-0.8222260315723796,-88.38041173826421,87.72064431419335,52.267904577683055,-0.025945018139937433,-6.55358498730316e-05
70.67707014083862,-0.8189812043851753,-88.3795740544465,87.71913160833685,52.264254000939026,-0.02617199979111728,-6.554226197671322e-05
70.69832587242126,-0.815786320476668,-88.37876544805478,87.71762607704123,52.260604348741246,-0.026412092352694955,-6.554442982627973e-05
70.72015476226807,-0.8126265548031256,-88.37796866636336,87.71610083483084,52.25693655681751,-0.026647548834248753,-6.55461870106626e-05
70.74211168289185,-0.8094946141450229,-88.37720752312313,87.71453474423173,52.25324327482711,-0.026897398290015688,-6.555147589653378e-05
70.76501035690308,-0.8063906893836186,-88.3764740453961,87.71295584011877,52.24954576982226,-0.027159651229758136,-6.55551739116854e-05
70.78674483299255,-0.8032892892615533,-88.3757781665999,87.71134627919855,52.245837282660176,-0.027438705509391866,-6.556040416835032e-05
70.8084032535553,-0.8002299411124828,-88.37513076592688,87.70970527006718,52.242112123533516,-0.02770657373970085,-6.556775533076743e-05
70.83047461509705,-0.7971991395545172,-88.37450230673814,87.70800617427517,52.238372067181025,-0.027969664582433246,-6.55778050314873e-05
70.8529782295227,-0.7941843979757288,-88.37391207949041,87.70625669907417,52.23462906125292,-0.02822388222460156,-6.558956204327333e-05
70.87416529655457,-0.7911541210616474,-88.3733204624176,87.70444786957755,52.23088030647741,-0.02846656334997295,-6.560167749928941e-05
70.89582300186157,-0.7881405175884756,-88.3727416987722,87.70259508567143,52.22711177535109,-0.028700156391936637,-6.561397790118427e-05
70.9183897972107,-0.7851307135926794,-88.37219055501987,87.70070388490498,52.223308423973954,-0.028926327523067855,-6.562751192611512e-05
70.94063401222229,-0.7821322884228034,-88.37165406513238,87.69878376266185,52.21948890361036,-0.029145772144604145,-6.563922561196737e-05
70.96279215812683,-0.7791480895393048,-88.37114547840918,87.69684822215353,52.2156378738588,-0.029357557715991682,-6.564969630665263e-05
70.98430895805359,-0.7761884108832228,-88.37067213915718,87.69488444802049,52.21176942928647,-0.029564305371541665,-6.565994981421846e-05
71.00601577758789,-0.7732584211655537,-88.37026265793494,87.69288870068151,52.2078571276033,-0.029766947917457705,-6.567340988469543e-05
71.0286226272583,-0.7703399057617906,-88.3699063034323,87.69085232121658,52.20394651094593,-0.02996565701009002,-6.568704086723972e-05
71.05002689361572,-0.7674412797502691,-88.36958819975337,87.68881265494205,52.20004660813246,-0.030160884530207387,-6.569572391898768e-05
71.07162070274353,-0.7645503525715073,-88.36930420560142,87.68674717472007,52.19614656941524,-0.030354686210504557,-6.570314813766677e-05
71.09428930282593,-0.7616692077865632,-88.36902109619503,87.68464466587731,52.19223759796557,-0.03054735983523596,-6.570945980678526e-05
71.11645698547363,-0.7587853699506234,-88.36876026525397,87.68250429665235,52.18829399181719,-0.030740304890950417,-6.57176678888286e-05
71.13925290107727,-0.7559077587186924,-88.36852296901634,87.68032795581928,52.18432964260322,-0.03093230339090084,-6.572644317942567e-05
71.16051149368286,-0.753044887676292,-88.36830697083577,87.67810596708458,52.18037527947682,-0.03112664056001181,-6.57346987281058e-05
71.18316841125488,-0.7501940525889023,-88.36810895331568,87.67584006852935,52.17641785997318,-0.0313222740113654,-6.574298065910887e-05
71.2047049999237,-0.7473841625191131,-88.36792610844225,87.67353084944534,52.172444585131444,-0.0315180375370234,-6.575176096312995e-05
71.22658181190491,-0.7445884669510655,-88.36775675990647,87.67119940364103,52.16847485814411,-0.03171162775550721,-6.575772374869416e-05
71.24859857559204,-0.7418098675578388,-88.367599183622,87.66885820351253,52.16447919380519,-0.03190281074807657,-6.576188762890165e-05
71.27156853675842,-0.7390529535057552,-88.36745370407186,87.66649036812903,52.160467557469325,-0.03209037591450572,-6.576578808326122e-05
71.29268956184387,-0.7363157258241028,-88.36731890896296,87.66408773866705,52.156450181431715,-0.03227523653448772,-6.576970168392235e-05
71.31555151939392,-0.7335711607412376,-88.3671935085657,87.66163924049327,52.15241271509254,-0.03245996535700996,-6.577564899659509e-05
71.33696365356445,-0.7308136849040212,-88.36707628320075,87.6591373937001,52.148371859063005,-0.0326422079388496,-6.578298737495166e-05
71.35996150970459,-0.7280695416385426,-88.36696699608174,87.65660176753988,52.144332844636395,-0.032820378000095025,-6.5789147344437e-05
71.38089418411255,-0.7253242403774998,-88.36686357792802,87.65404930147567,52.14026535751337,-0.03299539137637052,-6.579445478366693e-05
71.40217399597168,-0.722593919165622,-88.36676490174085,87.65147469716288,52.136167380644515,-0.033165505030059876,-6.579968971207895e-05
71.42402291297913,-0.719877424950904,-88.36667018878437,87.64889193026458,52.132056309213425,-0.033335562545263195,-6.580250537530364e-05
71.44715189933777,-0.7171840411510079,-88.36658088023012,87.64629739360379,52.127953768851185,-0.03350603589692981,-6.580264603784477e-05
71.46841096878052,-0.7144825247012917,-88.36649743392535,87.64367265455547,52.12385551908094,-0.03367582151000725,-6.580298222655636e-05
71.49079895019531,-0.7117767432612137,-88.36642029392357,87.64101198291445,52.11975799371855,-0.03384356498063903,-6.580440075793776e-05
71.51254606246948,-0.7090753753748077,-88.36634953684333,87.63835998822066,52.11564305301935,-0.03400732871240345,-6.580343758687587e-05
71.53529572486877,-0.7063891760021948,-88.36628423342677,87.63571339205353,52.111536017937475,-0.03416737349134339,-6.579950605563393e-05
71.55677652359009,-0.7037290663499549,-88.36622389488886,87.63306703810852,52.10744975065914,-0.03432379032788937,-6.57931152683197e-05
71.57832741737366,-0.7010707035193385,-88.3661684137615,87.63039477766665,52.103352122500944,-0.03447956586358579,-6.578952299021323e-05
71.60034418106079,-0.6984370296888589,-88.36611674740827,87.62770548297112,52.09927085854835,-0.034633093640974145,-6.578573805264336e-05
71.62298226356506,-0.695829310027228,-88.36606928272025,87.62500145888353,52.095184295690856,-0.03478481573491884,-6.578305147137938e-05
71.64414072036743,-0.6932696028589588,-88.36602611640569,87.62226909781113,52.091095114071585,-0.034933710360940874,-6.578255336597881e-05
71.66691899299622,-0.6907323036911204,-88.36598943921032,87.61952745236329,52.086990621025144,-0.0350793830455784,-6.578299697175206e-05
71.6883716583252,-0.6882538170402372,-88.3659600031319,87.6167730722933,52.08289948531717,-0.035222103928911556,-6.578293645050269e-05
71.71115040779114,-0.6858335943250762,-88.36593604999622,87.6140259225763,52.078809306256844,-0.03536288194938852,-6.57812842748452e-05
71.73205995559692,-0.6834381731619635,-88.36591481275794,87.6112811624662,52.07473503520978,-0.03550127960915727,-6.577809301321264e-05
71.75375843048096,-0.6810458767954113,-88.36589841680113,87.6085260573808,52.07066872317241,-0.03563646403300915,-6.577576556023498e-05
71.77583360671997,-0.6786607054463716,-88.36588796532948,87.60574027351815,52.06660411364,-0.0357703348918427,-6.577672697806621e-05
71.79898881912231,-0.6763083654294209,-88.36588401185271,87.60290720156823,52.06251709199473,-0.035905729214679674,-6.578344543397785e-05
71.82116389274597,-0.6739765269180217,-88.36588434155989,87.60002146486215,52.05840699561358,-0.03604071781783692,-6.579529122296344e-05
71.8424425125122,-0.6716701652577569,-88.36588765021536,87.59709552289257,52.05426557041898,-0.036177336582484225,-6.581037329594912e-05
71.8638424873352,-0.6693825039289856,-88.36589628961411,87.59412667045196,52.05011630532217,-0.036314084819841407,-6.582701751865384e-05
71.88664102554321,-0.6671060520464362,-88.36590990929298,87.59110504617662,52.04595704415672,-0.03645008639975701,-6.584593577719551e-05
71.90783286094666,-0.6648770347673211,-88.36592933409409,87.58805600623242,52.0418132737959,-0.03658874456992157,-6.58625069619903e-05
71.92941474914551,-0.6626972605427907,-88.36595381943982,87.58500017036025,52.03768704767598,-0.036728848946774376,-6.587493915204179e-05
71.95154190063477,-0.6605422290084004,-88.3659844633609,87.58190002493785,52.03361074557265,-0.03686859004027235,-6.588601337330072e-05
71.97425103187561,-0.6584227982915054,-88.36601994048247,87.57878952273741,52.02957373291873,-0.03700775825064266,-6.589317580958339e-05
71.9957435131073,-0.6563333644610062,-88.36606303409123,87.57564643740938,52.025552797998316,-0.03714769089715261,-6.59009999895182e-05
72.01818084716797,-0.6542703243369709,-88.36611156165436,87.57249590816521,52.02153264013161,-0.03728591182586368,-6.590770319790379e-05
72.03937673568726,-0.6522353360309332,-88.36616483477874,87.56931912544393,52.017506155399694,-0.0374245390450221,-6.591581401665764e-05
72.06213283538818,-0.650200973031219,-88.36622423387706,87.56612515173087,52.01345943694506,-0.03756482704843366,-6.592515773828819e-05
72.08318305015564,-0.6481575883342517,-88.3662874500976,87.56292115632226,52.00938961387357,-0.03770476311901697,-6.593487798977116e-05
72.10453820228577,-0.6461105532774912,-88.36635498507587,87.55970731918197,52.005316283649535,-0.03784484719725031,-6.594377418307639e-05
72.12709927558899,-0.644098786402302,-88.36642794308158,87.55646367440443,52.001237926269056,-0.0379860103732395,-6.595406403133382e-05
72.14983534812927,-0.6421088302497148,-88.36650829286697,87.55318824885177,51.99714093071716,-0.03812623583262605,-6.596661441667784e-05
72.17076897621155,-0.6401289146409364,-88.36659648480729,87.54990861566289,51.99300925455063,-0.038262859490137226,-6.597921980958438e-05
72.19347023963928,-0.6382058179392209,-88.3666895884554,87.54663938227054,51.988844531398506,-0.0383960323983979,-6.599003206368272e-05
72.21517848968506,-0.6363192962657477,-88.36678977132361,87.54335890658001,51.98467311012224,-0.038525803779650356,-6.600020921748491e-05
72.2379424571991,-0.634460362337593,-88.36689455331351,87.54005609470155,51.980502481062764,-0.038655567297820825,-6.601046178002927e-05
72.25949454307556,-0.6326070614289389,-88.36700568971966,87.5367415951505,51.97632982496884,-0.03878643331450642,-6.602006506589708e-05
72.28113579750061,-0.6307759935887337,-88.3671240450222,87.53342302339259,51.97216496685472,-0.038918451394550156,-6.602785725141861e-05
72.30334711074829,-0.6289633760960606,-88.36725867510636,87.53010693995328,51.968042588721225,-0.0390494004200236,-6.603208206018334e-05
72.32589101791382,-0.6271741720233726,-88.36743417341602,87.52677753865372,51.963923863295435,-0.0391795649746203,-6.603868597891441e-05
72.34854936599731,-0.6253975789654332,-88.36765640363977,87.5234332278256,51.959787638888805,-0.03930596529597295,-6.604898911881179e-05
72.3698308467865,-0.6236138919584983,-88.36791266274943,87.52009164638281,51.955638077158895,-0.03942788716470975,-6.605966068090694e-05
72.3924708366394,-0.6218576193424428,-88.36819143308354,87.51676410354038,51.95148771567332,-0.03954478440410507,-6.606809236098463e-05
72.41443085670471,-0.6201366261429063,-88.36849528143466,87.513426167257,51.94732801982169,-0.03965848018971119,-6.607782417951401e-05
72.43605303764343,-0.6184426465359556,-88.36882609843353,87.51005550443894,51.9431963927625,-0.03976751570492782,-6.60887772574535e-05
72.45797967910767,-0.6167793354479514,-88.36919449797684,87.50666882327934,51.939082108400505,-0.039875387685434104,-6.610024234022274e-05
72.48089075088501,-0.6151003567051971,-88.36963126283959,87.50328171564539,51.934980514998266,-0.039982153777135314,-6.611260903274635e-05
72.50232219696045,-0.6134452108028821,-88.37011949980557,87.49990547719098,51.930879764211326,-0.0400883486454017,-6.612426723240044e-05
72.52503299713135,-0.6118211376959873,-88.37062853562074,87.49651325478446,51.9267935994909,-0.04019567728725611,-6.613559652412887e-05
72.54610395431519,-0.6102264163036619,-88.37120737351982,87.49310984560746,51.92269794668809,-0.04030405540080511,-6.615019621873182e-05
72.56912207603455,-0.6086751031331348,-88.37185663771456,87.48971149036814,51.91859902448264,-0.04041020372020342,-6.616539497106696e-05
72.5900628566742,-0.6071699830231267,-88.37256067518781,87.48632227245079,51.914512795009834,-0.040514183177048385,-6.617887158352821e-05
72.61176538467407,-0.6057008178419719,-88.37331980728455,87.48295546620837,51.910431443644946,-0.04061785510828557,-6.619015943137296e-05
72.63402318954468,-0.6042505481399897,-88.37411299158148,87.47959006307624,51.906342908596585,-0.04072071739773879,-6.620145545198877e-05
72.65679383277893,-0.6028412999577218,-88.37492929462245,87.47620994205998,51.90225836157012,-0.04082048200541913,-6.621308824983352e-05
72.67825174331665,-0.6014635748006123,-88.37574533242316,87.47282160677183,51.89816959828046,-0.04091626417979513,-6.62236414472559e-05
72.70052361488342,-0.6001259105420098,-88.37658016670312,87.46942159153649,51.894050150419154,-0.04100890028504692,-6.623623826787992e-05
72.72230315208435,-0.5988258832885387,-88.37746901078008,87.46600429734298,51.889919676723196,-0.041098589515218185,-6.625173654146367e-05
72.74489235877991,-0.5975465386903154,-88.37842142612995,87.46256638526619,51.885806862481026,-0.04118676763772992,-6.626872149332943e-05
72.7662513256073,-0.5962737880028359,-88.3794281467691,87.4591058645791,51.88170651834642,-0.04127170395121637,-6.628689363427972e-05
72.78816509246826,-0.5950294299093556,-88.38049299195045,87.45561330986914,51.87760060523245,-0.04135517430204482,-6.630807173438397e-05
72.8114264011383,-0.5938242453357433,-88.38160249937133,87.45210131533635,51.873481717331586,-0.04143693152329566,-6.63299844868618e-05
72.83292055130005,-0.5926452645157556,-88.38276087656656,87.4485716934939,51.86934535864438,-0.0415165692571723,-6.635271259550118e-05
72.85576272010803,-0.5915032870345384,-88.38396463064382,87.44503952077076,51.865195370967086,-0.0415939319694634,-6.637403727910725e-05
72.87716293334961,-0.5904031130790021,-88.38521688721184,87.44152607123401,51.86103500959546,-0.04167003791232545,-6.639199986893676e-05
72.90031719207764,-0.5893371701979941,-88.38649977209492,87.43801411134423,51.85690505860648,-0.041744470798264266,-6.64056438533369e-05
72.92146229743958,-0.5882956646373566,-88.38780376585906,87.4344777109611,51.852790633735175,-0.04181736447295512,-6.641882400812191e-05
72.94317984580994,-0.5873088909561316,-88.38912266435821,87.43091667103971,51.84867907337163,-0.04188911023023462,-6.643199453286207e-05
72.96505379676819,-0.5863537278827204,-88.3904849739602,87.42732557794994,51.84457742185645,-0.04195935726324343,-6.644686335798186e-05
72.98791718482971,-0.5854336137032021,-88.39189811143075,87.42371086255027,51.840500791264006,-0.042029720342186924,-6.646193669897362e-05
73.00914549827576,-0.5845298010029851,-88.393359040213,87.42008854398735,51.836414760053515,-0.04210240139926387,-6.647747913546597e-05
73.03179240226746,-0.5836517869984102,-88.39486342251706,87.41644836708527,51.83233015355103,-0.04217958387919296,-6.649350913806796e-05
73.05265855789185,-0.5828183673712747,-88.39641386654918,87.41278816171015,51.828232516848566,-0.042261582682176446,-6.65110493474506e-05
73.07513809204102,-0.582017779908682,-88.39799436280744,87.40911736122221,51.82411723147303,-0.04234761576065354,-6.652827848889257e-05
73.09680771827698,-0.5812379877128419,-88.39963636564086,87.40545188545899,51.819991279826816,-0.04243699943067272,-6.654493153636685e-05
73.11810946464539,-0.5804652655087468,-88.4013182944541,87.40179389685848,51.815866751392086,-0.04252601453270466,-6.65590867417385e-05
73.13976716995239,-0.5797098087389494,-88.40301327239189,87.39813333961284,51.81174890520879,-0.04261525122203897,-6.657051258188446e-05
73.16196656227112,-0.5789638330613638,-88.40475019442827,87.39447455553344,51.80764464486012,-0.042703241483732154,-6.658052566046701e-05
73.18435883522034,-0.5782366349768091,-88.4065116003533,87.39079951502674,51.80355325100719,-0.04279302772236469,-6.659036693367184e-05
73.20565056800842,-0.577540540687008,-88.40828625220745,87.3870852974511,51.799484020921454,-0.04288345539023153,-6.660124566821458e-05
73.22808575630188,-0.5768848775628405,-88.41009494315465,87.38337490651305,51.79541451765227,-0.0429743627145299,-6.66111219305462e-05
73.24954533576965,-0.576275148805416,-88.41191886497231,87.37968093894746,51.79133816050292,-0.04306717649801308,-6.661840331625766e-05
73.27259373664856,-0.5756831913809433,-88.41375408029481,87.37600357033473,51.78725121109506,-0.04316045492226242,-6.66238035215105e-05
73.29379844665527,-0.5751323766616445,-88.41559598030777,87.37231707626933,51.783201440810004,-0.043252727029291026,-6.662729386359994e-05
73.31519746780396,-0.5746015742580403,-88.41743102394567,87.36862627614579,51.77915415811187,-0.043342428071012594,-6.663032028056375e-05
73.33733344078064,-0.5740996628541113,-88.4192921032625,87.36494115261893,51.77511607281732,-0.0434307128075455,-6.663346729596092e-05
73.36021947860718,-0.573634428215757,-88.42117737323656,87.36125264153581,51.771105672180596,-0.04351560187230733,-6.66365749147881e-05
73.38127946853638,-0.573192707542149,-88.42307763252333,87.35756052504696,51.76712815867331,-0.04359761923205057,-6.663908773082279e-05
73.40397834777832,-0.5727610910257132,-88.4250147975697,87.3538342266331,51.763188324136806,-0.04367743594979267,-6.664524355439252e-05
73.42470359802246,-0.5723669492078154,-88.42700377913582,87.35007141891413,51.75926504902006,-0.04375385240044441,-6.66565896175418e-05
73.44756031036377,-0.5719918929939675,-88.42904960530022,87.34627025519099,51.7553647145131,-0.04382669607225888,-6.667224556869231e-05
73.46910619735718,-0.5716120268185151,-88.43115052088852,87.34244670117975,51.75148144658131,-0.04389355511115609,-6.669006179590528e-05
73.49063754081726,-0.5712288131381373,-88.43330362384886,87.3386207686198,51.74759792629418,-0.04395548488630838,-6.670843362166708e-05
73.5121386051178,-0.570853144422311,-88.43549580977198,87.33481479615676,51.743723472585295,-0.044014017783641154,-6.672372892255612e-05
73.53511476516724,-0.5705116733484099,-88.4377039758725,87.33102768829207,51.73984934225178,-0.04407001390539103,-6.673590829583471e-05
73.55726194381714,-0.5701993923755541,-88.43994746164681,87.3272543848792,51.73595134766989,-0.044123808625526964,-6.67486015156529e-05
73.57878684997559,-0.5699180873002477,-88.44221572583723,87.3234647923718,51.73206012572505,-0.0441752614809821,-6.676238093088161e-05
73.60081672668457,-0.5696657786692407,-88.44452731421742,87.31966724142559,51.728163834927344,-0.044223896338855914,-6.677789686593875e-05
73.62230348587036,-0.5694357845995763,-88.44684959643583,87.31585435712505,51.72425553127415,-0.044267890970532554,-6.679423750218483e-05
73.64504933357239,-0.5692217100301094,-88.44919300023307,87.31204204462371,51.72036137941574,-0.044306424933460264,-6.680868967002468e-05
73.66619324684143,-0.5690216812501182,-88.45155717317267,87.30822648446811,51.71649577161811,-0.04434086581201132,-6.682118472173646e-05
73.68749618530273,-0.5688336400453888,-88.45393025060515,87.30440246148326,51.712645898744185,-0.04436829952906953,-6.683281621666675e-05
73.70965719223022,-0.5686572226094676,-88.45633265606745,87.30056424069872,51.70884342561039,-0.04438950952544316,-6.684361474959096e-05
73.73270153999329,-0.5684918601873711,-88.45875853349251,87.29672088533347,51.70509453158707,-0.044406549501304717,-6.685225338436227e-05
73.75364422798157,-0.5683357579173509,-88.46122340668735,87.29287185345079,51.70137154329627,-0.04442350222186533,-6.686176265926267e-05
73.77660250663757,-0.5681872936303713,-88.46372520506411,87.28899704323688,51.697689624917714,-0.04443931128501289,-6.687305600705858e-05
73.79782557487488,-0.5680443238560804,-88.46626596620683,87.2851152139752,51.69402665498466,-0.044453701485057145,-6.68853740876222e-05
73.82108402252197,-0.5679066868433277,-88.46882159985036,87.28122521416024,51.690375095478615,-0.04446679836053246,-6.689784393726684e-05
73.8420238494873,-0.5677752006943326,-88.47140467378199,87.27732681515843,51.68672656307704,-0.044478441151319055,-6.691165267267465e-05
73.863840341568,-0.5676474830962217,-88.4739948632285,87.27342344268148,51.683084276648856,-0.04448491544335798,-6.692496635807212e-05
73.885981798172,-0.5675239001213686,-88.476598291016,87.26951576515182,51.67947272461299,-0.04448698489958199,-6.693674826960695e-05
73.90887975692749,-0.5674055758798451,-88.47921063152394,87.26558760532157,51.675909178120605,-0.04448573988793329,-6.694773563554207e-05
73.9310052394867,-0.5672915043733103,-88.48182143936282,87.26163126201735,51.67236738178484,-0.04448366345725246,-6.695990902946022e-05
73.95302820205688,-0.5671819960444174,-88.48445057213345,87.25764955531064,51.668835649801736,-0.04448155800809572,-6.697452317606792e-05
73.97456765174866,-0.567075617953853,-88.4871304559325,87.25365183988181,51.665308557932136,-0.04447805916112929,-6.699219522644143e-05
73.9972174167633,-0.5669730197843973,-88.4898629403272,87.24965077316163,51.661790735212044,-0.04447317626670844,-6.701084632757859e-05
74.01850271224976,-0.5668748197230717,-88.49265534869966,87.24565212109002,51.65828774358293,-0.044466899476868306,-6.702972805597033e-05
74.04014778137207,-0.5667799804485012,-88.49550256886803,87.2416400443772,51.654822069011985,-0.04445677015279342,-6.704875033361077e-05
74.06204724311829,-0.5666902236298367,-88.49839475507208,87.23761289907931,51.65135490526466,-0.04444317534040009,-6.706975185152397e-05
74.08491277694702,-0.5666069118182331,-88.50130548272537,87.23356417765768,51.647892609555775,-0.04442549905593993,-6.709114521133265e-05
74.1066255569458,-0.5665301889887153,-88.50423619827914,87.22948946354664,51.64446611399409,-0.04440329588224616,-6.711149053773137e-05
74.129065990448,-0.5664598197357782,-88.50717882169057,87.22540331631431,51.6410881831899,-0.04437516258480785,-6.712833385340226e-05
74.15058374404907,-0.5663957315316415,-88.51015728736641,87.22131451233514,51.637739900423824,-0.0443380688220522,-6.714387742782798e-05
74.17348313331604,-0.5663399669345005,-88.51317252366806,87.21722508959023,51.63439171162014,-0.0442954623885695,-6.71599642791208e-05
74.19463324546814,-0.5662915604719077,-88.51621735733127,87.2131205449487,51.631062904030486,-0.04424943290113081,-6.717642768993765e-05
74.21655106544495,-0.5662515729037642,-88.51929835468886,87.20901618151589,51.62772395078418,-0.04420081927361095,-6.719373721444444e-05
74.23883867263794,-0.566219777731674,-88.52240242676729,87.20489337676744,51.62440841283455,-0.04414843274201331,-6.721091188024407e-05
74.2616970539093,-0.5661974415843157,-88.52554465322773,87.20077130190982,51.621134971595914,-0.044092688500789394,-6.72257662676198e-05
74.28283452987671,-0.5661843452223148,-88.52871677254728,87.19664798009849,51.617892670802014,-0.044036761269736574,-6.723920043025173e-05
74.30500411987305,-0.5661783137931644,-88.53192771569017,87.19250635709196,51.614677082943196,-0.04398160274850353,-6.72539756664246e-05
74.32658672332764,-0.5661782224982603,-88.53516433061023,87.18834571527981,51.6115111483315,-0.04392664186837477,-6.726788644639249e-05
74.34962487220764,-0.5661839579992676,-88.53843684168622,87.18416602971817,51.6083789003903,-0.04387250899348931,-6.728261881743727e-05
74.37057638168335,-0.5661938115414935,-88.5417237100782,87.17998441800665,51.6052735408543,-0.04381801385928878,-6.729560000571094e-05
74.39295959472656,-0.5662082481685121,-88.54499837288968,87.17578811619401,51.60218210702428,-0.043765159767413235,-6.730786466964032e-05
74.41537714004517,-0.566227077858715,-88.54825610546119,87.17157505929124,51.599102984463606,-0.043713781313093315,-6.73196708008745e-05
74.4381833076477,-0.5662519484500634,-88.55151446617445,87.16733237652716,51.59603850589458,-0.043663116023316365,-6.733323869631627e-05
74.4598479270935,-0.566283947718991,-88.55480581983605,87.16310093773706,51.592964790540286,-0.043610176024218954,-6.734728293733627e-05
74.48227453231812,-0.5663232440334572,-88.5581401770321,87.15888704263371,51.58991993363425,-0.04355665184078786,-6.735941799182022e-05
74.50391411781311,-0.5663685017751312,-88.56149940044402,87.15470705769573,51.58688406922871,-0.04350147349511833,-6.736868065695484e-05
74.52713227272034,-0.5664176217759536,-88.56488649624669,87.15051712656351,51.5838600837175,-0.04344491593717213,-6.738011165388199e-05
74.54825139045715,-0.5664715445516971,-88.56829696157664,87.14632764681043,51.5808713968835,-0.043387059990605666,-6.739069937746182e-05
74.56960988044739,-0.566530114253518,-88.57173108249738,87.14214000627895,51.57790511599194,-0.04332928656643382,-6.740132937281545e-05
74.59211707115173,-0.5665952081109004,-88.57516843827308,87.13796429447693,51.574952777206185,-0.04327234927800642,-6.74104881274331e-05
74.61478090286255,-0.5666663397664058,-88.5786056728478,87.13379737413513,51.57202854643582,-0.04321643821330429,-6.741788868936608e-05
74.6361300945282,-0.5667452738609515,-88.58204045143583,87.12963757980364,51.56911714468212,-0.043158976760629165,-6.742494611507864e-05
74.65832471847534,-0.5668346695835594,-88.58548161181923,87.12546301510746,51.566236127860556,-0.04309600592537016,-6.743346812165878e-05
74.6794593334198,-0.566933555771967,-88.58893953058988,87.12128600344342,51.56338436868451,-0.04302654930670739,-6.744265396634529e-05
74.70255041122437,-0.5670396320596842,-88.59242833357838,87.11711199338437,51.560569604162346,-0.04295086292005741,-6.74522237608981e-05
74.72375154495239,-0.5671535116616218,-88.5959466724783,87.11293905080237,51.55779485542596,-0.04287233084341066,-6.746213609246005e-05
74.74546718597412,-0.5672812302282246,-88.5994795382996,87.10877161261564,51.55506600737794,-0.04279069540205096,-6.747081942446721e-05
74.76741123199463,-0.5674282704227733,-88.60299967208842,87.1045820763484,51.552383495509865,-0.04270695825814783,-6.747989939275872e-05
74.79008173942566,-0.5676191411265842,-88.60655008381448,87.10038148569802,51.549716939389356,-0.04262069380300109,-6.749225999379487e-05
74.81146430969238,-0.5678305546274579,-88.61011882109513,87.09617304196266,51.5470521885493,-0.04253359331134956,-6.750723147338167e-05
74.8343677520752,-0.568080219514888,-88.61370419285991,87.09196026187769,51.54437307567002,-0.042446083724592534,-6.752475334227737e-05
74.85518717765808,-0.5683660297689692,-88.61727960103228,87.08775211435261,51.54168873834295,-0.04236057234943948,-6.754147251488243e-05
74.8777801990509,-0.5687133200958153,-88.62084828020559,87.08353787721124,51.539011168106974,-0.042277214864480064,-6.755801200457539e-05
74.89940190315247,-0.569089143861359,-88.62443272201847,87.07931976120958,51.53633234932698,-0.042193730574241715,-6.75759328278226e-05
74.92100644111633,-0.5695146704294637,-88.62805254188594,87.07508423924004,51.5336693233807,-0.0421057919967934,-6.759625160105326e-05
74.94296550750732,-0.5699695558737284,-88.63169274788407,87.07082724319137,51.531016703349586,-0.042014619536762686,-6.761841470404757e-05
74.96549344062805,-0.5704304969226202,-88.63537965699777,87.0665675267414,51.52838115766099,-0.04192167756843823,-6.764116470422244e-05
74.98734283447266,-0.5709021864301498,-88.63909409975712,87.06231243742427,51.525770554370695,-0.04183030930646203,-6.766208616615864e-05
75.00955533981323,-0.5713669829038012,-88.64281476068653,87.05807516109647,51.52315618147828,-0.041739942485910696,-6.768079048070956e-05
75.0310320854187,-0.5718581774254285,-88.64653089707784,87.05383855973383,51.520547604035315,-0.04165290562276452,-6.76981867564081e-05
75.05235314369202,-0.5723812673763101,-88.65026337680582,87.0495955368131,51.51797974555304,-0.041569739684268976,-6.77142786372325e-05
75.07506823539734,-0.5729515765767584,-88.65399578231417,87.04537771677886,51.51544037056764,-0.041489988276114116,-6.772600267667637e-05
75.09633493423462,-0.5735490856162658,-88.65775024921761,87.04119469783943,51.512943044117215,-0.0414120042792427,-6.773379269269066e-05
75.11769795417786,-0.5741692127711898,-88.66149771653824,87.0370172769872,51.51049093949878,-0.04133521606630099,-6.773977530223097e-05
75.14003348350525,-0.5748191893024996,-88.6652511575721,87.03283615056932,51.508043159745526,-0.04126003996474787,-6.774843445742462e-05
75.16295456886292,-0.5754756756714531,-88.6690071278877,87.02867054956495,51.505596491845616,-0.041185379266109684,-6.775748936196814e-05
75.18378376960754,-0.5761717569393834,-88.67278631798243,87.02451819885654,51.50315483274321,-0.04111193320454681,-6.776794782858395e-05
75.20645260810852,-0.5769107021493483,-88.67656853963317,87.0203740640317,51.50071950264219,-0.04103831175152419,-6.777895552435979e-05
75.22744655609131,-0.5776995726677236,-88.68036666323407,87.01624638864253,51.498305589049025,-0.04096166724623417,-6.77894274015918e-05
75.25002598762512,-0.5785374249532652,-88.6841851151355,87.01213305905215,51.49590349779,-0.04088272627811851,-6.780055703762181e-05
75.27200818061829,-0.5794153776354235,-88.68803840120069,87.0080466547097,51.493530446956115,-0.040802126703199,-6.781081095418122e-05
75.2939989566803,-0.5803423144866332,-88.69189663621509,87.00397333453385,51.49116715583196,-0.04072002711475218,-6.782135517561571e-05
75.3163902759552,-0.5813087622026751,-88.69576131995939,86.99991026917421,51.4888094505783,-0.04064165241604329,-6.783283778938304e-05
75.33949971199036,-0.5823400385847308,-88.69963357584378,86.99586882451882,51.48646734471697,-0.04056567021824741,-6.784340138287588e-05
75.3608341217041,-0.5834220756796401,-88.70352284042106,86.99183530508006,51.48412910405855,-0.040488575527144015,-6.785589292711409e-05
75.38363337516785,-0.5845325862701879,-88.70743036831017,86.98780927463949,51.48180027132187,-0.040408909596817255,-6.786981725016981e-05
75.40497255325317,-0.5856715912424494,-88.71136245737299,86.98377891736396,51.479511842393286,-0.04032677280513145,-6.788460670627664e-05
75.42783498764038,-0.5868215872476398,-88.71529672788958,86.97975541849372,51.477243616864676,-0.0402381545658298,-6.789904381332209e-05
75.44904327392578,-0.5879878873991224,-88.71923915842906,86.97572236593318,51.474975513085944,-0.040143216294119,-6.791632547708962e-05
75.47074508666992,-0.5891842368361716,-88.72320806669595,86.97167042636636,51.47271432526862,-0.04004505248142178,-6.793730614028086e-05
75.49301505088806,-0.590396956600429,-88.72715570995895,86.96762013346452,51.470455492604586,-0.039945051852378566,-6.795691796367493e-05
75.51573872566223,-0.5916418085559038,-88.73110957706537,86.96357265970944,51.468224144460116,-0.03984193622775168,-6.797520723391408e-05
75.53756809234619,-0.5929174104667354,-88.73506423578621,86.95954933005848,51.4659982008984,-0.039736451821438944,-6.799130028918523e-05
75.5596296787262,-0.5942029945348248,-88.73900686930457,86.95555147743264,51.46376760548291,-0.03962817782608351,-6.800548682157553e-05
75.58116149902344,-0.595511201071459,-88.74295359987437,86.95157768400918,51.46154150120421,-0.03951576972990978,-6.80185986088379e-05
75.60412096977234,-0.5968531588300579,-88.74690994788828,86.94761371823209,51.45934283742675,-0.03940003337804463,-6.803122696803977e-05
75.62511110305786,-0.598235263103127,-88.75089912551415,86.94367240345595,51.457151945644654,-0.039280112144261914,-6.804458793034262e-05
75.64674091339111,-0.5996782991457549,-88.75492182624222,86.93974037027878,51.45496534160632,-0.03915831731017061,-6.806007440657184e-05
75.6687159538269,-0.6011710648378622,-88.75895967240587,86.93580945212805,51.45279796242226,-0.03903568005454122,-6.807626385080358e-05
75.69154381752014,-0.6026964255259659,-88.76300886615323,86.93187773569652,51.45063532465353,-0.03891151843328293,-6.80938937265782e-05
75.71266174316406,-0.6042583980689209,-88.76708181777184,86.92795454911368,51.44852495687889,-0.03878606618120672,-6.810958235481438e-05
75.73537349700928,-0.6058496299157404,-88.77120752404026,86.92404481181366,51.44643958718414,-0.03865686720905264,-6.812637497516895e-05
75.75669765472412,-0.6074831900240659,-88.77536451657097,86.920147404387,51.44436882840817,-0.038524392428106284,-6.814358443960168e-05
75.77980828285217,-0.6091568907540031,-88.77953071606869,86.91628288354946,51.44232605602473,-0.03838851187391466,-6.81571275277523e-05
75.80094933509827,-0.6108517829758636,-88.78368122857921,86.91245167374743,51.44030581032697,-0.03824918192989394,-6.816680924046134e-05
75.82276678085327,-0.6125695019691044,-88.7878239602989,86.90863412326259,51.438278110580924,-0.03810785370715381,-6.817761729025847e-05
75.84503197669983,-0.6143140815633831,-88.79196655574913,86.90480558362106,51.436272971612496,-0.03796321184261017,-6.819047686799898e-05
75.8674545288086,-0.6160644703766899,-88.79608644299643,86.90095796782836,51.43430665994259,-0.037814981383104074,-6.820373646832965e-05
75.88873529434204,-0.6178217402737806,-88.80021147966032,86.89710039483364,51.432358154440614,-0.03766485985624335,-6.821912472968463e-05
75.91118431091309,-0.6196206086883126,-88.80436013026811,86.89325064319627,51.43042914252373,-0.03751233915366977,-6.823520919815946e-05
75.93284678459167,-0.6214671585628966,-88.80853193169715,86.88941056853264,51.42851324445076,-0.03735620461419711,-6.82519851800824e-05
75.95572876930237,-0.6233524141968937,-88.81271885007209,86.88558887091204,51.426609012597844,-0.03719530587823885,-6.826811681641919e-05
75.97667598724365,-0.6252701044907069,-88.81691672374511,86.88178673552633,51.424739022437386,-0.03702913070770482,-6.828209087961061e-05
75.99826860427856,-0.6272069410221354,-88.8211224698382,86.87801553098235,51.42289651920947,-0.036862066046327274,-6.829350822576665e-05
76.02080154418945,-0.629167862020969,-88.82535132144199,86.87426465211931,51.4210676405964,-0.0366908397808682,-6.830559586728563e-05
76.04380893707275,-0.6311544898888445,-88.82961700268149,86.87053689740084,51.41925305248605,-0.03651338096384024,-6.831865929842622e-05
76.06517314910889,-0.6332017332738505,-88.83390050143056,86.86682039077404,51.41745299850256,-0.03633456621772848,-6.833259732989851e-05
76.08734822273254,-0.6352690285905487,-88.83822358987571,86.86313077694271,51.41566483812727,-0.03615099064125654,-6.834710752466319e-05
76.10876679420471,-0.6373644737732602,-88.84255060141348,86.8594642564773,51.413886971176765,-0.03596276664136212,-6.83606594075634e-05
76.13193535804749,-0.639514526666748,-88.84685137797956,86.85580814947772,51.41211940960259,-0.03577061558582554,-6.83730738892761e-05
76.15299606323242,-0.6417246117507669,-88.85114998717597,86.85215676033006,51.410373678005264,-0.03557389326590641,-6.838576320894474e-05
76.17469882965088,-0.6439703790369464,-88.85544081033909,86.84849850657064,51.4086567596344,-0.035375392485499944,-6.839922488671138e-05
76.19649386405945,-0.6462410609994295,-88.85972995433319,86.84482546755723,51.406970020032965,-0.035176906933355345,-6.84143831341738e-05
76.21941065788269,-0.6485398503982395,-88.86403481970673,86.8411624143399,51.40532130694413,-0.034979469612808935,-6.842886987227426e-05
76.24077367782593,-0.6508706853345179,-88.86835344004702,86.8375125981493,51.40369253780489,-0.034783569954046745,-6.844344687581274e-05
76.26332592964172,-0.6532346180933921,-88.87265963105077,86.83389241090472,51.40208202418026,-0.034586333855617615,-6.845519132969263e-05
76.28517603874207,-0.6556228044600488,-88.87695034575351,86.83029451856528,51.40053162761319,-0.034387778918973676,-6.846287781245448e-05
76.30778646469116,-0.6580180071797487,-88.88124054821294,86.82671452628382,51.39897772228777,-0.034186743646465886,-6.847242065415168e-05
76.32929563522339,-0.6604196555106905,-88.88552055232331,86.82316906163749,51.397435850981594,-0.033982499413838775,-6.848044225771687e-05
76.35102272033691,-0.6628441201917049,-88.88978250694126,86.81965208032734,51.395894989724226,-0.03377544561727006,-6.848813038483574e-05
76.37281227111816,-0.6653054517516607,-88.89403162745357,86.81615108882693,51.394347995257455,-0.03356819570287901,-6.849754076263978e-05
76.39606094360352,-0.6678197367498,-88.89827567516677,86.81267037189212,51.39282451173731,-0.033362835825862226,-6.850659424329739e-05
76.41724395751953,-0.6703702926072816,-88.90250745631396,86.80919792260451,51.39131081594724,-0.033157382945774826,-6.8517104716243e-05
76.43949556350708,-0.6729459739500466,-88.906746340822,86.80574097019978,51.38981992265554,-0.03295062236034556,-6.852839652368577e-05
76.46113133430481,-0.6755452451073007,-88.9109925118321,86.80228347454072,51.38836007481244,-0.03274291638946555,-6.854148063651313e-05
76.4840681552887,-0.6781633153852974,-88.91526576405509,86.79883180607705,51.38693709915,-0.03253414319203614,-6.855608486918339e-05
76.50534200668335,-0.6808207614635501,-88.91957586220217,86.79539261512267,51.385553442058374,-0.03231356340315092,-6.857154169380492e-05
76.52671670913696,-0.6835220384579644,-88.92389116063472,86.79195489394587,51.384180845632976,-0.032052346759235545,-6.8588733571913e-05
76.54900121688843,-0.6862461992613208,-88.9282047871862,86.7885455535765,51.3828323354093,-0.031771635883028865,-6.860352439302558e-05
76.57195043563843,-0.6890137052693784,-88.93249971748399,86.7851739244366,51.38151778406628,-0.031494495781500445,-6.861393760109326e-05
76.5939450263977,-0.6918234876652328,-88.93676562596906,86.78183528503523,51.38024239338075,-0.031223084329629062,-6.862054595063845e-05
76.6160306930542,-0.6946576592477481,-88.94100804760517,86.77850542900202,51.379010049493786,-0.03092874103988323,-6.862675429325067e-05
76.63772559165955,-0.6975171028030998,-88.94523043274802,86.7751982500422,51.37782141016143,-0.030650445829853573,-6.863150205008128e-05
76.66020369529724,-0.7004170934880307,-88.94945820834754,86.77191812263457,51.37666392256264,-0.030383838508142934,-6.863679667129649e-05
76.68162202835083,-0.7033566001102276,-88.9536793415198,86.76866713047987,51.37552232204022,-0.03012777051646963,-6.864269436437256e-05
76.70338726043701,-0.7063332620451811,-88.9579146077653,86.76543013539376,51.374402621193255,-0.02988177025785751,-6.865142754580604e-05
76.72709035873413,-0.7093575482148091,-88.96215219854982,86.76220530702167,51.373324319381005,-0.02964213568903924,-6.866087387243683e-05
76.74820041656494,-0.712404823742763,-88.96641623565844,86.7590223780749,51.37229707712063,-0.029407983518542406,-6.866875306584434e-05
76.77091073989868,-0.7154679147506553,-88.97071908100526,86.75585839009025,51.37132113481881,-0.029178112060762963,-6.867839939007752e-05
76.79253077507019,-0.7185353832936627,-88.97505507315874,86.75271450368548,51.370375494539765,-0.028952989069941613,-6.869034559530527e-05
76.8154706954956,-0.7216298433480024,-88.97937872892926,86.74957517980292,51.369488623579194,-0.02873325423593334,-6.87015709338754e-05
76.83669352531433,-0.7247644046169514,-88.98371731052096,86.74644848244272,51.368652975459696,-0.028519553838322557,-6.871327678051946e-05
76.85914993286133,-0.7279389994812102,-88.98806137593566,86.7433389415093,51.36786305028195,-0.028313061062557123,-6.872475628958028e-05
76.8823013305664,-0.7311338961896959,-88.99241244084581,86.74023389548702,51.36708325818032,-0.028113822528482876,-6.873954927823378e-05
76.903724193573,-0.7343528239171794,-88.996783711484,86.73713009406333,51.36634738564483,-0.027920136570581004,-6.875598369269857e-05
76.92682981491089,-0.7375732420685798,-89.00115717749128,86.73403398181608,51.36563550716288,-0.027732540553307906,-6.877331597640346e-05
76.94806909561157,-0.7408110989112182,-89.00553524695111,86.73095273566327,51.36495710061507,-0.027548555220177313,-6.87901119844898e-05
76.97092795372009,-0.7440811584935879,-89.00994522236498,86.72788241167306,51.364294876323555,-0.02736764206852948,-6.880921585856404e-05
76.9920756816864,-0.7473932729605126,-89.0143848050586,86.72482297801133,51.36365667077648,-0.027189340640172626,-6.882946344290528e-05
77.01351737976074,-0.7507369404590984,-89.0188518280808,86.72177511369861,51.363072463843466,-0.027013277323067214,-6.884861530274445e-05
77.03562903404236,-0.7540843515788161,-89.02330716988804,86.71872692615081,51.362556578089105,-0.026837888596879644,-6.886518276543548e-05
77.05860352516174,-0.7574458728061607,-89.02774671553871,86.71568786742105,51.36208113316009,-0.026660184429517172,-6.888007970192327e-05
77.08031702041626,-0.7608377817006061,-89.0321669748615,86.71266933033348,51.36165308798451,-0.026481650543851987,-6.889184266015964e-05
77.10237765312195,-0.7642455305403344,-89.03654979287663,86.70965293839336,51.36126355839823,-0.02630213366839462,-6.890255811033205e-05
77.12428998947144,-0.7676794956695261,-89.04089780710223,86.70664087413778,51.36089365076809,-0.026119739606216896,-6.891345393696256e-05
77.14699649810791,-0.7711199069187312,-89.04524130879096,86.70363981744752,51.36055503775677,-0.025935471602440287,-6.892480785015321e-05
77.16868853569031,-0.774560108706652,-89.04955735259679,86.7006388053575,51.360212158312905,-0.0257513162243246,-6.893851832488522e-05
77.19149208068848,-0.7780109220828726,-89.05385190103857,86.69764450586571,51.35987122646604,-0.025566221574588276,-6.8953333664463e-05
77.21440267562866,-0.7814759527196152,-89.05814888345375,86.69469607268822,51.35955513399157,-0.025380948042847247,-6.896499707002215e-05
77.23649644851685,-0.7849624305133187,-89.0624680078573,86.69177277585723,51.35925664539845,-0.0251933664641249,-6.897765370180897e-05
77.25831174850464,-0.7884785473663686,-89.06681375282257,86.68885682267276,51.35897486172231,-0.025003641463632716,-6.899312238179206e-05
77.28020286560059,-0.792025500814027,-89.07115488946422,86.68595458820819,51.358707217743714,-0.024814699471890845,-6.900865049076696e-05
77.3028244972229,-0.7955840090964192,-89.07547221927796,86.68306960552391,51.358452977538285,-0.024626169017128982,-6.902291396777243e-05
77.32449960708618,-0.7991652879612142,-89.07976341004186,86.68020668263071,51.35821009402603,-0.024437633227601185,-6.903562141954358e-05
77.34720587730408,-0.802760198981362,-89.08405499625992,86.67738733202042,51.357977751997886,-0.02424823872450041,-6.904639817058423e-05
77.37054419517517,-0.8063545302532444,-89.08834594731451,86.67460625135637,51.357753397809134,-0.02405836725050106,-6.905631257071277e-05
77.3863410949707,-0.8099390915480578,-89.09266227778502,86.67186408025631,51.35753550595327,-0.02386881634003576,-6.906697657238063e-05
77.39727592468262,-0.8135235193686126,-89.09697984335213,86.66917111345712,51.357324608847115,-0.023677259165064177,-6.907589668185855e-05
77.41888475418091,-0.8171059436973694,-89.10129175653815,86.66650589111045,51.357120615245044,-0.023483467000415762,-6.908524821444007e-05
77.4404296875,-0.8206900879017002,-89.10560499852296,86.66385451090926,51.35692474724807,-0.02328983431206481,-6.90966358194333e-05
77.4627640247345,-0.8242612820127826,-89.10995497726002,86.66121231353512,51.35673786332382,-0.02309802732758983,-6.911195141726661e-05
77.4860417842865,-0.8278721905318708,-89.11429920290063,86.65859979116843,51.35656070032119,-0.022907010505403436,-6.912587150982874e-05
77.5076072216034,-0.8315223467264731,-89.11862428921712,86.65599640229914,51.356392263601045,-0.02271409231678546,-6.91400460633282e-05
77.53050303459167,-0.8352035500168467,-89.12293427407847,86.65338979428843,51.356233997437286,-0.022518327704085263,-6.915576083385154e-05
77.55200242996216,-0.8389072432940381,-89.12724571223896,86.65078323622473,51.35608529866622,-0.02232068622818513,-6.91732378422395e-05
77.5746738910675,-0.8426387312484194,-89.13154087807371,86.64818398472676,51.35594682132223,-0.022121635277903413,-6.91903223785257e-05
77.59596848487854,-0.8464065654618556,-89.13581846717318,86.64560924557712,51.35582097252035,-0.02191867741784548,-6.920506373417859e-05
77.61799120903015,-0.8502008580000792,-89.1400791003588,86.64305627671436,51.35570867132058,-0.02170296992910061,-6.921816908219443e-05
77.64076042175293,-0.8540236550385134,-89.14430926778647,86.64052706226144,51.355607984024765,-0.021459889964015707,-6.922914359751406e-05
77.66264533996582,-0.8578698928009328,-89.14852742112106,86.63799644456344,51.355519310329846,-0.021221278133864464,-6.924187985591393e-05
77.68563270568848,-0.8617436115193716,-89.15272730960383,86.63547347958485,51.355441458688034,-0.020988296421487945,-6.92548168944541e-05
77.70705127716064,-0.8656568196530723,-89.15691238840584,86.63296916087533,51.355373495588466,-0.020745509229987066,-6.926698821566118e-05
77.7301287651062,-0.8695850266716582,-89.16108571814925,86.63048227894538,51.35531627860363,-0.020480899267993048,-6.927882998083228e-05
77.75139904022217,-0.8735104615380972,-89.16524440115943,86.62802629739895,51.355269622298174,-0.020225129419090607,-6.928895843636035e-05
77.77306723594666,-0.8774140706959124,-89.16938813641471,86.62557883399606,51.35523338681753,-0.019976394716464518,-6.930000385352423e-05
77.79513931274414,-0.8813461858773822,-89.17354614318867,86.6231513112519,51.35520676842746,-0.019733076911920475,-6.931206321511639e-05
77.81824254989624,-0.8852882396883069,-89.1777374415389,86.62074208635626,51.35518803048134,-0.019495409463207724,-6.932621946290166e-05
77.83947825431824,-0.889242001422275,-89.18194230406506,86.61833339095838,51.35517640147737,-0.019240168480654636,-6.934276735836544e-05
77.86220669746399,-0.8932305853989438,-89.18614638660003,86.61594194154175,51.3551726048522,-0.018991784717643494,-6.935860482020486e-05
77.88338208198547,-0.8972512455956084,-89.19036176135971,86.61356344887875,51.355176480598175,-0.018737062536080883,-6.937487799578293e-05
77.90623641014099,-0.9012915568974382,-89.19456439441373,86.61120190330556,51.355189343842945,-0.018489764899438394,-6.938971669936549e-05
77.92765760421753,-0.9053342305186001,-89.19877663673998,86.60885793018879,51.355210792824366,-0.018248454277352385,-6.940453268140926e-05
77.94941258430481,-0.9093625689924851,-89.20302593671228,86.60654685784912,51.35524411732756,-0.01801117080889931,-6.941903467794649e-05
77.97127389907837,-0.9133787097773838,-89.20725806366839,86.60424566882833,51.355288469858706,-0.017776726612619653,-6.94327217160944e-05
77.9940390586853,-0.917391885697219,-89.21146729898827,86.60195519644036,51.35534314028928,-0.017544945591709934,-6.944534351595572e-05
78.01704978942871,-0.9214106730443941,-89.21566209603908,86.59966751924135,51.35540998163255,-0.017314811623417276,-6.945818084103336e-05
78.03773379325867,-0.9254211844213313,-89.21985688999307,86.59740021514037,51.35548787759675,-0.017076693319390848,-6.947026213107063e-05
78.06060862541199,-0.9294411655135801,-89.22404726645082,86.59518046680084,51.35557253350846,-0.016831228805813104,-6.947897405392332e-05
78.08217644691467,-0.933485388778829,-89.22825077194939,86.59302516932621,51.35566365240951,-0.016548263125895978,-6.948423464441367e-05
78.1039719581604,-0.9375443527284703,-89.23244605847117,86.59092114332728,51.35576345396602,-0.016252145637787443,-6.948690171540649e-05
78.1257975101471,-0.9416121429411369,-89.23661130532264,86.5888636512553,51.3558702697252,-0.015966923674949805,-6.948704323212344e-05
78.14869236946106,-0.9456973223481404,-89.24076043002489,86.58683023812539,51.35598413401504,-0.015679849883487935,-6.948824297650125e-05
78.1701340675354,-0.949794590910273,-89.24486588389587,86.58481704513095,51.35611017798548,-0.015379306259936032,-6.948905517646078e-05
78.1932201385498,-0.9539086380891654,-89.24898664728404,86.58282722287825,51.35624782715608,-0.01505039824247133,-6.94924714870682e-05
78.21477222442627,-0.9580071901507412,-89.25311207584654,86.58086901688567,51.356392366593155,-0.01472172736747017,-6.94970276533755e-05
78.23777174949646,-0.9620931315148726,-89.2572301838354,86.5789230350529,51.356545680496836,-0.014391085641447336,-6.950373960063885e-05
78.25911140441895,-0.9661633229380371,-89.26132254965273,86.57699297281486,51.356705581223395,-0.014082782929336573,-6.951100291764073e-05
78.28091287612915,-0.9702207341455443,-89.26539503442586,86.57507722309191,51.35687261907674,-0.013791554281444051,-6.951915698837667e-05
78.30322337150574,-0.9742870128845126,-89.26942105370101,86.57318121688093,51.35704616187678,-0.01351531351353543,-6.952607362270647e-05
78.32559967041016,-0.9783658794313006,-89.27343129688109,86.57131770340638,51.35722790166535,-0.013250589820958633,-6.953226203831662e-05
78.34854578971863,-0.9824592484273688,-89.27744532886013,86.56949931526333,51.35742926458421,-0.012958260524775372,-6.953700431437244e-05
78.36974358558655,-0.9865656191552109,-89.2814403082086,86.5677116498337,51.357639309610356,-0.012677733847741277,-6.95415295315712e-05
78.39243125915527,-0.9906771511445666,-89.2854228345835,86.56596234899655,51.35788882448589,-0.01239621880349442,-6.954374961896877e-05
78.41409206390381,-0.9948011094616439,-89.28939695777193,86.56425049954204,51.35819020188361,-0.012115085675119208,-6.954378077061278e-05
78.43543767929077,-0.9989393353311028,-89.29337951390202,86.56255751524176,51.35854764084847,-0.0118285347401073,-6.954466666813812e-05
78.45752954483032,-1.0030871009911344,-89.29734758309108,86.5609001267217,51.358962664725496,-0.011552465004429762,-6.954339109745232e-05
78.48043632507324,-1.0072410500499491,-89.30131627348392,86.55927894747809,51.35943807607356,-0.011286839858306776,-6.954110054444449e-05
78.5015299320221,-1.0114055753769589,-89.3052794210793,86.55768544845343,51.359948605477165,-0.011016082972637455,-6.95401327733389e-05
78.52456903457642,-1.0155547208434408,-89.30922386551435,86.55612323058608,51.36048974713031,-0.010755821836657627,-6.953962742412326e-05
78.54598760604858,-1.0197125904105688,-89.31313869504311,86.5545854899691,51.361088660281446,-0.010494638545675021,-6.953805438785561e-05
78.56905126571655,-1.0238746890235848,-89.31703024464477,86.55307983522664,51.361744921558376,-0.010241061590939802,-6.953536822066524e-05
78.59029746055603,-1.0280047913356656,-89.32090405077821,86.55160015245225,51.36243455640398,-0.009995069496625675,-6.953433750316906e-05
78.61199164390564,-1.032123205047084,-89.3247604736786,86.55016576699924,51.363193614123254,-0.009755652344809292,-6.953066904498476e-05
78.63413739204407,-1.0362313192115933,-89.32859489851884,86.54877246581417,51.364000262907744,-0.009507375704503447,-6.952649891874783e-05
78.65673923492432,-1.040333831558634,-89.33239391317285,86.54742150135138,51.36485161598412,-0.009248079097441296,-6.952140966018285e-05
78.67827582359314,-1.0444306236126768,-89.33616912839662,86.54609370915189,51.36573612175508,-0.008996289972935898,-6.951894004313584e-05
78.70039415359497,-1.0485252136572523,-89.33995622889485,86.54479045235745,51.36666303079588,-0.008744028088059238,-6.951986048565305e-05
78.72195649147034,-1.0526048244714188,-89.34374922773478,86.54349590773452,51.36761005870606,-0.008488359869081542,-6.952615357361117e-05
78.7449562549591,-1.056665261975432,-89.34753301132102,86.54220077306628,51.36857346690582,-0.008239407386577673,-6.953708710369548e-05
78.76647543907166,-1.060746718233081,-89.35130442916234,86.5409236401114,51.36955787237795,-0.007984240563122823,-6.954924924821379e-05
78.78845429420471,-1.0648627426166073,-89.35507300295859,86.53968074646326,51.370583563007926,-0.007731654127068729,-6.955996631267864e-05
78.81067419052124,-1.0690029562122785,-89.35880962916306,86.5384714275671,51.37163676566099,-0.007463669644519823,-6.95688501411877e-05
78.83278393745422,-1.073171055177493,-89.36254451142206,86.5372956006601,51.372719116881015,-0.007192164609477755,-6.957771904950001e-05
78.8557813167572,-1.0773344327426149,-89.36627550915192,86.5361377966544,51.37385100565039,-0.006896929644218269,-6.958686937587738e-05
78.87663507461548,-1.0815236223876799,-89.37000516355103,86.53500863078301,51.37502070972113,-0.006575080071506839,-6.95958708560276e-05
78.89929699897766,-1.0857177188552338,-89.37373518589442,86.53392220934951,51.37622145236117,-0.006238043901725845,-6.96038498288665e-05
78.9209794998169,-1.0899368825363953,-89.37747048998169,86.53286244236915,51.37743798839882,-0.005888149665513458,-6.961367378486488e-05
78.94263172149658,-1.0941659364816616,-89.38121319556858,86.53182609333899,51.37866814236969,-0.0055239114350987524,-6.962551104795506e-05
78.9642128944397,-1.0983947888470442,-89.38495300165722,86.53078705956845,51.379911003689195,-0.0051872320663208194,-6.964100211684184e-05
78.98697972297668,-1.1026242642915116,-89.38869418231221,86.52975124508022,51.38119983143664,-0.004874012516220819,-6.965695512808953e-05
79.00889754295349,-1.106859293345548,-89.39243588525646,86.52872304210707,51.382532928805176,-0.004551901518223519,-6.967273667645529e-05
79.03198146820068,-1.111099108626251,-89.39616666960285,86.52770912229694,51.38389806938109,-0.0042403719270797495,-6.96876908596792e-05
79.05296349525452,-1.1153495796154165,-89.39988381400633,86.52671412140623,51.385294728139506,-0.003939606895689235,-6.97012641386966e-05
79.07571625709534,-1.1196067078214404,-89.40358104604123,86.52574058847397,51.38670590964585,-0.003654678576080351,-6.971404533420405e-05
79.09688353538513,-1.123865597301495,-89.40726796894823,86.52477681554387,51.3881445246693,-0.003370503920208541,-6.972702037470509e-05
79.11856842041016,-1.128102579610695,-89.41093936406236,86.52382755993234,51.38962706255344,-0.0030870720999188295,-6.97383996984091e-05
79.14159274101257,-1.1322998629103056,-89.41460842264671,86.52289745439461,51.3911575013596,-0.0028162228839088716,-6.974846862710646e-05
79.16426753997803,-1.1364755188177416,-89.41822907482232,86.52197606212476,51.39272311730305,-0.002543458345552769,-6.975674318403416e-05
79.1868155002594,-1.1406606339010503,-89.4218115800969,86.52107349692676,51.394325914184435,-0.0022527627747603632,-6.976286546231774e-05
79.2080545425415,-1.1448463001453257,-89.42536040460448,86.52018028309124,51.39595899408351,-0.0019573701447934038,-6.976885767771081e-05
79.23104333877563,-1.14903275127599,-89.42889784703063,86.51932361847095,51.39765182397529,-0.0016704793251505333,-6.977146240499908e-05
79.25278735160828,-1.1532247825256714,-89.43240035032689,86.51850356085733,51.3993858071562,-0.0013912223878047721,-6.977122835343504e-05
79.27403354644775,-1.1574353552674561,-89.43586529517577,86.51770613958516,51.40116113105201,-0.0011128075763673197,-6.977000024033956e-05
79.29597926139832,-1.1616560715162905,-89.4392869580756,86.51692125869967,51.40297844424261,-0.0008390767436543365,-6.976874268072895e-05
79.3183708190918,-1.1658816427432275,-89.4426634875486,86.51613061571852,51.40483410428133,-0.0005767872031132719,-6.976948189677375e-05
79.34133410453796,-1.170138651293579,-89.44602393813256,86.51533013802711,51.40674605191484,-0.00032483302033682474,-6.977264975575924e-05
79.36455774307251,-1.1744182738382536,-89.44939367721541,86.51453593720026,51.40870542229516,-8.050918760530514e-05,-6.977802043429311e-05
79.38570857048035,-1.1787136260853754,-89.45275683527649,86.51375339817015,51.41070288206063,0.00017739609276782285,-6.978431671542176e-05
79.4086582660675,-1.1830134031291801,-89.45611511908587,86.51298084772306,51.41275204030185,0.00042797484735904027,-6.979080131864835e-05
79.43003535270691,-1.1873164437429933,-89.45946749055608,86.51225484977688,51.41479805365494,0.0006807844722793164,-6.979690434381856e-05
79.45167183876038,-1.191636661811625,-89.46281564852713,86.51157055004965,51.41688072783105,0.0009273095793295179,-6.980087146869303e-05
79.47399926185608,-1.1959502430799607,-89.46612632375056,86.51091778591554,51.41895841816588,0.0011940097048512934,-6.980489969864737e-05
79.49651336669922,-1.2002441123850676,-89.46940894034806,86.51029074760899,51.42104104587637,0.001488811876839041,-6.980949224721179e-05
79.51832890510559,-1.2045590631524403,-89.47268286587266,86.50971416452886,51.42313254031939,0.0017689501093991757,-6.981271285713392e-05
79.54047656059265,-1.208884338154678,-89.47594133422974,86.50917096377061,51.425237649048,0.0020373774514932186,-6.981593476044321e-05
79.56258201599121,-1.2132248109314197,-89.47918538958338,86.50865566800883,51.427382258029425,0.0023053109694172493,-6.981822519941141e-05
79.58509087562561,-1.2175631450934363,-89.48240606273266,86.50818160841546,51.42956365968388,0.0026013650438968085,-6.98181925279949e-05
79.60675859451294,-1.2218996740201469,-89.48561056920116,86.50775404287545,51.43178158125277,0.002898243319350766,-6.981621246470841e-05
79.62872123718262,-1.2262600064828868,-89.48879073681434,86.50737289368189,51.434039926255075,0.003179532110200288,-6.98120186184325e-05
79.65158653259277,-1.2306368901321603,-89.49194117372191,86.50703232275329,51.43631639232225,0.003448173277966335,-6.980777108605183e-05
79.67301106452942,-1.2350321098561698,-89.49509167605314,86.5067249385487,51.43861552430662,0.003717923970790009,-6.980558915601964e-05
79.69580793380737,-1.2394421379864131,-89.4982245023665,86.50644375729344,51.440946169348464,0.003992574172406208,-6.980436605501879e-05
79.71687817573547,-1.2438559331762578,-89.501335879386,86.506183586613,51.443316517262495,0.004293932582300373,-6.98038201751331e-05
79.7400872707367,-1.2482734438781122,-89.50445679021593,86.5059409164736,51.44571057908845,0.004578013946385924,-6.980674194796086e-05
79.76161432266235,-1.2526809442174682,-89.507578954118,86.5057125657731,51.4481124149979,0.004852129553045309,-6.981325712570158e-05
79.78295087814331,-1.2570850468472239,-89.51066041095464,86.50549638360135,51.45053595863224,0.005120546317712981,-6.9819750153314e-05
79.80504846572876,-1.2614846298804248,-89.51370443987236,86.50528958691902,51.45298647404843,0.0054066716191259806,-6.982630169283034e-05
79.82802414894104,-1.2659012636909128,-89.51673279479081,86.50508935454057,51.455477568790464,0.005703088307799798,-6.983338872002188e-05
79.84929728507996,-1.2703344469520128,-89.51975754595026,86.50489575486328,51.45799973409673,0.005984831913155522,-6.984199972984915e-05
79.8722972869873,-1.2747618507408618,-89.52276288549054,86.50470740075893,51.46051477139968,0.006255650487644638,-6.985332610569956e-05
79.89362287521362,-1.2791860549131744,-89.5257527967668,86.50452355067493,51.46304973753266,0.006522162086127854,-6.986536813405908e-05
79.9166419506073,-1.283618332504257,-89.52873075215167,86.50434490071228,51.46559012401605,0.006778903329704582,-6.987875514386951e-05
79.93802309036255,-1.288032544868256,-89.53168709318773,86.50417352483532,51.468142630919985,0.0070280329357805165,-6.989201548027537e-05
79.95950675010681,-1.2924421700568147,-89.53459952107079,86.50400947439242,51.47072296028111,0.007278948598095092,-6.990288095524821e-05
79.9816415309906,-1.2968613727525513,-89.5374816151124,86.5038527279803,51.473337719518845,0.007539076867825998,-6.991198988230583e-05
80.00447273254395,-1.3012778301921852,-89.54034693855293,86.50370289612329,51.475965273729756,0.007817188091339373,-6.992163299392547e-05
80.02607345581055,-1.3056911505849544,-89.54315610967141,86.50355932284512,51.47859210642385,0.008096534926698552,-6.993037338211273e-05
80.0485622882843,-1.3101000719655063,-89.54591792371744,86.50342223146212,51.481225370163735,0.00842237770531859,-6.993831040059526e-05
80.07008981704712,-1.3145094150494425,-89.5486527433442,86.50329218940809,51.483880309793115,0.008760713684088503,-6.994560793965305e-05
80.09270453453064,-1.3189340024713723,-89.55135440582188,86.50316870988173,51.48655224905068,0.009075111330784145,-6.995225605648344e-05
80.11400532722473,-1.3233701081004439,-89.55402852197396,86.50304999316424,51.4892446713678,0.00937113385564679,-6.99585802641732e-05
80.13559937477112,-1.327814295881793,-89.55668870128059,86.50293789516223,51.491920153462395,0.00965243257069602,-6.996728426673468e-05
80.15804553031921,-1.3322619358196408,-89.5593176949382,86.50283151372686,51.49460263629783,0.009921142807818039,-6.997556888729574e-05
80.18065619468689,-1.3366915006330362,-89.56190287066471,86.50272941904903,51.497283960356114,0.010192273461952126,-6.998342931263078e-05
80.2026298046112,-1.3411099174583871,-89.56445107487278,86.50263060008741,51.499989548122834,0.01046183323040237,-6.998979986587689e-05
80.22468400001526,-1.3455261629832236,-89.56696268805364,86.50253502737607,51.50273264561978,0.010746350921788892,-6.999412242101177e-05
80.24774503707886,-1.3499273083596897,-89.5694358226271,86.5024401608712,51.50551695918773,0.011025375887946389,-6.99967276116269e-05
80.26946496963501,-1.3543187857220713,-89.57189913818817,86.50234702411201,51.50834167098563,0.011321325164364165,-6.999935678997439e-05
80.29090023040771,-1.3587119276092487,-89.57432476366172,86.50225565533582,51.51122596939911,0.011615270507325722,-6.999934962329556e-05
80.31292748451233,-1.3630847405224482,-89.57669625890017,86.50216552228169,51.51417010709951,0.011898058101252466,-6.999647962944931e-05
80.33716630935669,-1.3674466281354842,-89.57905371908535,86.50207901664153,51.51716540816856,0.012206106456766886,-6.999370149879116e-05
80.3583562374115,-1.3717866263850298,-89.58139519582741,86.50199653916026,51.52018833524366,0.01249813249775768,-6.999228424158623e-05
80.38130855560303,-1.3761458934464563,-89.58371513041016,86.50191882630804,51.523271584292075,0.012791806152812167,-6.99895677705787e-05
80.40214824676514,-1.380498479394913,-89.58602899719106,86.50184612868024,51.526362423072115,0.01310135322653292,-6.998977785149857e-05
80.42449355125427,-1.3848572709504479,-89.58832848870986,86.50178030361654,51.52947321318386,0.013410945484435253,-6.999092041103351e-05
80.44620776176453,-1.3892202185384672,-89.5906067416366,86.50172284816152,51.53258928359426,0.013702341659201043,-6.999312738419048e-05
80.46749138832092,-1.393590217392042,-89.59284718935852,86.50167387954758,51.53573003890563,0.014001050022174152,-6.999411841790038e-05
80.48953914642334,-1.3979439746941642,-89.59507085367048,86.50163251476887,51.53890114429838,0.014317043988004353,-6.999503409102794e-05
80.5136330127716,-1.4022489182743147,-89.59726947762934,86.50159910716756,51.542109397657,0.014626238155645005,-6.999508737282523e-05
80.53498816490173,-1.406538558960402,-89.59942904626496,86.50157231772359,51.54534985651461,0.014916626348275187,-6.999402669443953e-05
80.55784296989441,-1.4108278671036094,-89.60154520038284,86.50155056211888,51.548606113241405,0.015198717311609307,-6.999291796626793e-05
80.57871580123901,-1.4151078111657645,-89.60363575056276,86.50153175257302,51.5518830269491,0.015479294584914245,-6.999264378938974e-05
80.60167026519775,-1.4193669751730171,-89.60571324909145,86.50151599892139,51.55517774879746,0.015747924013312202,-6.999385633117518e-05
80.62316560745239,-1.4236305757125889,-89.60776047124583,86.50150593240247,51.558458083149354,0.016004545269863647,-6.999685588257912e-05
80.6449863910675,-1.4278944943554734,-89.6097758921091,86.50150368603266,51.56173528227517,0.016250342421584362,-7.000027414710685e-05
80.66695618629456,-1.4321468317368675,-89.61177778842855,86.50150991748112,51.565024060960255,0.016485854912428783,-7.000401736687488e-05
80.6899847984314,-1.436369553542381,-89.61374793699332,86.50152312187208,51.56832024438691,0.016712941237973032,-7.00074342951388e-05
80.71094942092896,-1.4405860522547531,-89.61568467247842,86.50154399892098,51.571634001655134,0.016933154747530963,-7.000970046403145e-05
80.73378539085388,-1.444788125837585,-89.61763273848777,86.50157223127923,51.57496457651164,0.01715003312128589,-7.00134278122703e-05
80.75472092628479,-1.4489782511244218,-89.61958182174429,86.50160904038006,51.57830410972979,0.017363781390184126,-7.001802891394156e-05
80.77748203277588,-1.4531459452882618,-89.62152534025935,86.50165230866129,51.58166571307825,0.017574442540346243,-7.002236389027298e-05
80.79898405075073,-1.4572890944590564,-89.62343462459759,86.50170391756339,51.585035944516534,0.01778292135594369,-7.002550407493169e-05
80.82014632225037,-1.4613881791327912,-89.62530815033764,86.501765840141,51.58841367625788,0.01798698453082507,-7.002746568082084e-05
80.84171533584595,-1.4654571775445973,-89.62714999261952,86.50183783984464,51.59181324158908,0.01818906675384101,-7.002779066022724e-05
80.86459398269653,-1.4694884038127813,-89.62897175686183,86.50191907780177,51.59525718213628,0.01839158700413813,-7.002617155158854e-05
80.88665843009949,-1.4735206262155631,-89.6307676628517,86.50201027959692,51.598726863526984,0.018592932288804525,-7.002359540963558e-05
80.9077079296112,-1.4775626934927286,-89.63253501685159,86.50211228207536,51.60223088208321,0.01879273080303937,-7.001950541266495e-05
80.93034410476685,-1.4815924558293112,-89.63428329523735,86.50222450093288,51.60578958536354,0.018992187807616048,-7.001365735917731e-05
80.9517719745636,-1.4856138695948153,-89.63600738306143,86.50234458426735,51.60937843817425,0.019193717878326817,-7.000783793677988e-05
80.97448682785034,-1.4896053162130445,-89.63769595727587,86.5024729705697,51.612977713133816,0.019396952156152177,-7.000265786958654e-05
80.99568343162537,-1.4935853445003198,-89.63934016333496,86.50260870904064,51.6165613283938,0.019600252214779533,-6.999911603423163e-05
81.01721215248108,-1.4975706573624938,-89.64093458080221,86.50275194469953,51.62014855437704,0.019805778173830682,-6.9995412778619e-05
81.03950905799866,-1.5015562032674366,-89.64247389145682,86.50290360213765,51.623744406500165,0.02001395991160494,-6.999093929876691e-05
81.06217837333679,-1.5055434428892633,-89.64397848118632,86.50309009585503,51.62734438859115,0.020224172514261764,-6.998456800284886e-05
81.08378314971924,-1.5095014115940564,-89.6454446065275,86.50333202552515,51.630945892490125,0.02043563757688697,-6.997472653895785e-05
81.10591673851013,-1.5134405228860037,-89.64688890928454,86.503645767891,51.63455172581204,0.02064671981166752,-6.996125906670277e-05
81.12734532356262,-1.517335013314553,-89.6483091117033,86.50403326017701,51.638160027756705,0.020856954577683696,-6.994491090254416e-05
81.15056729316711,-1.5212016558960315,-89.64967699130611,86.50446177464508,51.64180285097869,0.02106519269819999,-6.992629825453189e-05
81.1717140674591,-1.5250342322306423,-89.65099876418911,86.50493793708473,51.645442437651674,0.021272744814471094,-6.990797067328741e-05
81.19296908378601,-1.5288052979092106,-89.65228997431825,86.50546289962986,51.64907099243667,0.021479267814291245,-6.989129284686886e-05
81.21500587463379,-1.5325254591838509,-89.65355885634577,86.50604060917547,51.65269196742689,0.021684474657330435,-6.987590240374696e-05
81.23784852027893,-1.5362277985449397,-89.6548308676758,86.50667251571176,51.65630075216141,0.021888256630901017,-6.98630451698013e-05
81.25919985771179,-1.539925176794315,-89.6560779629561,86.5073397361453,51.659935165454655,0.022093291362310856,-6.98504833945681e-05
81.2819561958313,-1.5436146422895525,-89.65731330446502,86.50804745141785,51.66360553515948,0.022297204597186596,-6.983784272442127e-05
81.30479574203491,-1.54731055115047,-89.65854108010618,86.50877238269095,51.66733190673909,0.02250059587232609,-6.982656435807982e-05
81.3273138999939,-1.5510099117890928,-89.65973455777358,86.50949883390257,51.67108962626908,0.02270724381758469,-6.981806614293564e-05
81.34848117828369,-1.554701138796216,-89.66088968439422,86.51023572471664,51.67486680735522,0.02292210419836101,-6.981145688146041e-05
81.37014532089233,-1.5583736990027397,-89.66202051632467,86.51100277329527,51.678658477684024,0.023161219847745055,-6.980546839325677e-05
81.39206624031067,-1.562031588079748,-89.6631636961859,86.51181603065646,51.682473767996676,0.023396355433497665,-6.979975734630631e-05
81.41483998298645,-1.5656893635101556,-89.66428338549703,86.51265801340882,51.68629829040573,0.023628529186325173,-6.979493467249091e-05
81.43619346618652,-1.569337308481804,-89.66538037041224,86.5135262376056,51.69015735509969,0.02386634842997446,-6.97896488710594e-05
81.45907998085022,-1.572990555827033,-89.66646501077656,86.51443683052244,51.69402500519505,0.024114887754858826,-6.978440322944373e-05
81.48008275032043,-1.576631607256535,-89.6675204179661,86.51539460826899,51.69788812444518,0.024358140831583906,-6.977863875804817e-05
81.5027220249176,-1.5802737260637532,-89.66855615065596,86.51640969380033,51.70175204119265,0.024595657138179274,-6.977160708596783e-05
81.52422428131104,-1.5838977889554502,-89.66955464014048,86.5174894626441,51.70562175913595,0.024830072585234716,-6.976169692697858e-05
81.54512214660645,-1.587500244435067,-89.6705314678417,86.51862380183553,51.70951190739438,0.025071906718718184,-6.97505230271086e-05
81.56662178039551,-1.591063825451755,-89.67148929501532,86.51979251245734,51.71341498872137,0.02530785156723481,-6.974104022313612e-05
81.5889368057251,-1.5945947599143646,-89.67242745774023,86.52100410124224,51.717323549440465,0.02553892794986108,-6.973248497203732e-05
81.61158919334412,-1.5980995282006765,-89.67335390755314,86.5222506780502,51.721239013767374,0.025766237141735197,-6.972579297263028e-05
81.63263630867004,-1.601604044211556,-89.67426531086996,86.52353848229676,51.7251675497148,0.02599171987998842,-6.97193592640819e-05
81.65474224090576,-1.6050904862712532,-89.67515375919675,86.52485277629874,51.72909328016489,0.026214703676741724,-6.971515485881163e-05
81.67631006240845,-1.6085545590102515,-89.67601736756866,86.52619540749576,51.73303231871186,0.026435764734655046,-6.97114802701149e-05
81.6976866722107,-1.6119930480838156,-89.67686208812769,86.52755745858012,51.736990233942805,0.026655662665791377,-6.970906378842844e-05
81.72054886817932,-1.6153760938372297,-89.67768716128361,86.52894028882255,51.74099529770935,0.02687312992399353,-6.970584786271684e-05
81.74155187606812,-1.6187194654461468,-89.67850562893071,86.53035347264746,51.745051588053464,0.027089882620788666,-6.970139246487438e-05
81.7633421421051,-1.6220259155624293,-89.67930443859225,86.53181251397022,51.749129738715204,0.027305065876678553,-6.969540168602288e-05
81.7853467464447,-1.6252923937945851,-89.68007337677892,86.53332257227211,51.75318957640431,0.027520571119608688,-6.968948059652235e-05
81.80856275558472,-1.628511543303429,-89.6808168989135,86.53486487749821,51.7572508146427,0.027734373427638608,-6.968455912453367e-05
81.82925248146057,-1.6317068693611398,-89.68152016001721,86.53645833523876,51.7612841009432,0.027946978817433184,-6.96793950350672e-05
81.85216450691223,-1.6349016904649214,-89.68219873888482,86.53809136721713,51.76532623724928,0.02815593737854753,-6.967375146598024e-05
81.8731324672699,-1.6380574595038544,-89.68284227350128,86.53976761021174,51.76937544855447,0.028360034955836076,-6.966701034196357e-05
81.89571738243103,-1.6411800731082993,-89.68344628588488,86.54151372758047,51.77344068410203,0.02856092313462093,-6.965596533677748e-05
81.9173412322998,-1.6442970571977158,-89.68403175124348,86.54330947797584,51.77750847371982,0.028760263295411405,-6.964534656820232e-05
81.93855857849121,-1.6473767037395608,-89.68457134311583,86.54515452627071,51.78157456243246,0.028959169909732678,-6.963404693088479e-05
81.96044063568115,-1.650444755488463,-89.68507021465557,86.54704907865734,51.785647024686426,0.029159925924185193,-6.962195097541708e-05
81.98266196250916,-1.6535093885349617,-89.68553260721615,86.54897360089838,51.789735985860204,0.029360368873684674,-6.961081468400628e-05
82.00511932373047,-1.6565567758834008,-89.6859487883722,86.5509274768776,51.79381333252678,0.029562991563086748,-6.960171018524389e-05
82.02624797821045,-1.659566358912616,-89.68632469172043,86.5529180012787,51.79791660407487,0.029767353039201982,-6.959168225280185e-05
82.04881072044373,-1.6625698159378128,-89.6866551302408,86.55493941223574,51.802032445451886,0.029972557128055695,-6.958192578454653e-05
82.06995892524719,-1.6655365151085793,-89.68697664506732,86.55699498165409,51.80614681301069,0.03017971687969284,-6.957488450980064e-05
82.09302306175232,-1.6684697523165255,-89.68728609705211,86.55908964301656,51.81027860201466,0.030387160606100146,-6.956821150146884e-05
82.11407208442688,-1.6713979646277501,-89.68757091922478,86.56122937578392,51.814411668929324,0.030595989680883603,-6.956141109608601e-05
82.13597369194031,-1.6743400422267913,-89.68784891612236,86.56340132135227,51.818549790586395,0.030805104060025443,-6.955640459144856e-05
82.15808272361755,-1.677267400446872,-89.68811376541498,86.56558848992339,51.82267516838597,0.031017081485349794,-6.955523992859676e-05
82.1808922290802,-1.680179710012457,-89.68835432758634,86.56780263542055,51.826784569398974,0.031230459883045607,-6.95554636705073e-05
82.20212054252625,-1.6830569136492075,-89.68857603669498,86.5700533863425,51.83089368824386,0.031445834095975594,-6.955513109836274e-05
82.22514414787292,-1.685912126255565,-89.68878522238792,86.57234033539585,51.83503281760038,0.031662928298252596,-6.955279662163093e-05
82.24666714668274,-1.688712147392042,-89.68898823921536,86.57467230789905,51.839178597588116,0.03188050325858132,-6.954968471140851e-05
82.26981258392334,-1.6914548524983075,-89.68918440237502,86.57703534430283,51.84330682432743,0.03209829147228955,-6.954863032621102e-05
82.29093289375305,-1.6941552127994894,-89.68937696030501,86.57942155857981,51.84744669839684,0.032315036145867934,-6.95482987668426e-05
82.31232976913452,-1.696818764667206,-89.68956084484896,86.5818121867949,51.85161021464303,0.03253034265382472,-6.954929204236621e-05
82.33440208435059,-1.6994844794227593,-89.68974091163504,86.58419280361493,51.85577409877084,0.03274526930458564,-6.955412114937413e-05
82.35779166221619,-1.7021415348030968,-89.6899142981348,86.5865907561833,51.85993415354929,0.03295957570310325,-6.955921896323741e-05
82.37868475914001,-1.7048155431367011,-89.69008173179068,86.58902800084971,51.8640875989824,0.03317222595463627,-6.956227878355797e-05
82.40163087844849,-1.7074934085260352,-89.69024200868506,86.59149579770336,51.86822584260217,0.033377848398861376,-6.956488072786693e-05
82.42262721061707,-1.7101899365108788,-89.69039748812352,86.59400126256456,51.872370478291934,0.033574438332284046,-6.95650628035716e-05
82.44517350196838,-1.712876747101122,-89.69054877370787,86.59654962280608,51.87649555481299,0.03376175964919577,-6.956428850254779e-05
82.46700954437256,-1.7155631268707336,-89.69069443040736,86.59911617876621,51.880599222105495,0.03394015507356808,-6.956507903017492e-05
82.48849058151245,-1.7182419786619556,-89.69083342933013,86.60169584052095,51.884677599958195,0.034110697606110546,-6.956766278420872e-05
82.51023554801941,-1.7209183054612827,-89.69096573782494,86.60431685132957,51.8887377164932,0.03427512080058196,-6.956827752363959e-05
82.53305864334106,-1.7235901737218138,-89.69109239436247,86.60695678564272,51.892800747148804,0.03443550010915646,-6.956822373932556e-05
82.55507850646973,-1.7262466843605884,-89.69121196368377,86.60963027029817,51.89684600792554,0.03459258148298143,-6.956721459889812e-05
82.57721734046936,-1.7288731393123369,-89.69132490911372,86.61232452663539,51.90088079559638,0.03474418642377972,-6.956622490820716e-05
82.59891152381897,-1.7314817489343146,-89.69143083119357,86.61502813774433,51.90490844801163,0.03489001451295926,-6.956600465113064e-05
82.62021017074585,-1.7340595317875602,-89.69153050081502,86.61775424847906,51.908918530896905,0.035031586904598684,-6.956564411234e-05
82.64298915863037,-1.736617484628605,-89.69162455131783,86.62050994111725,51.91292662538664,0.03516963733533337,-6.956342839118935e-05
82.66406536102295,-1.7391510497780276,-89.6917123131772,86.623301629712,51.916935625929995,0.035304555402723196,-6.955880027346016e-05
82.68553447723389,-1.7416668216132416,-89.69179344315125,86.6261360512442,51.92096051021734,0.035436517559171196,-6.955059692003597e-05
82.70775985717773,-1.7441625896207809,-89.69186819005078,86.62901791755758,51.924988948140005,0.03556594853059669,-6.95397903127819e-05
82.73049092292786,-1.746643257500754,-89.69193682040265,86.63195503019325,51.92904350745814,0.03569448123723162,-6.952482682768707e-05
82.75178551673889,-1.7491179730310193,-89.69199863626255,86.63493207262152,51.93311583278824,0.03582152657465163,-6.950855540251753e-05
82.77447533607483,-1.7515794604013863,-89.69205344351639,86.63795752703736,51.937202676369346,0.03594488833508598,-6.949067806988598e-05
82.79584646224976,-1.7540441842164765,-89.69210223802638,86.64102458969727,51.94130399965452,0.0360646325234674,-6.947229887649101e-05
82.81902122497559,-1.7565075273746922,-89.69214636090355,86.64410597474073,51.94540196611856,0.03618398307993511,-6.945744494473199e-05
82.84004235267639,-1.7589385514396243,-89.69218395873821,86.64720124610966,51.94949929294785,0.03630214053124768,-6.94453227814163e-05
82.86155390739441,-1.761331529108848,-89.69221509873339,86.65032405196506,51.95361474115792,0.03641999528990205,-6.943296262728379e-05
82.8837685585022,-1.7636942762855137,-89.69223932597299,86.65345623557319,51.95774631242905,0.03653796825046886,-6.942229693872106e-05
82.90660166740417,-1.765998849299757,-89.69225775059144,86.65659155815759,51.96189026355986,0.03665302387582933,-6.94139442345622e-05
82.92778658866882,-1.7682852548122134,-89.69227124727924,86.6597358493526,51.966044524211306,0.036767667957327346,-6.94068688916467e-05
82.9502866268158,-1.7705330241014767,-89.69227877518688,86.66288720393757,51.97022045255594,0.03688126283681049,-6.940028151636657e-05
82.97155666351318,-1.7727280421156404,-89.69227932980121,86.66605391061772,51.97441641236581,0.03699545604043718,-6.939328049949942e-05
82.99441719055176,-1.7748873340301612,-89.69227423062503,86.66924032323195,51.97861024845611,0.03711216765926824,-6.938677306330112e-05
83.01558709144592,-1.7770290030055458,-89.69226317464313,86.67243064134021,51.982804399465714,0.03723148416422719,-6.93819447008452e-05
83.03723645210266,-1.7791771313031712,-89.69224636105653,86.67563803762425,51.987001923514605,0.0373543527321804,-6.937682236264804e-05
83.05936074256897,-1.781307309065225,-89.69222423925159,86.67886548602675,51.99120618504301,0.03748065912078306,-6.937098072087477e-05
83.08219814300537,-1.7834131369942718,-89.69219762998642,86.68209441302146,51.99542208451531,0.037609083804348,-6.93661007945572e-05
83.10322833061218,-1.7855064089165988,-89.69216601383845,86.68535190452668,51.99965581723454,0.037739919652276806,-6.935879349632726e-05
83.12612509727478,-1.7875816065700187,-89.69212837786154,86.68863814460406,52.003901970775345,0.037871715538787376,-6.9349755707824e-05
83.14747881889343,-1.7896136177101052,-89.69208452224682,86.69193447175775,52.0081838892018,0.03800286941150722,-6.933984824453007e-05
83.17038655281067,-1.7915850074580968,-89.69203524100959,86.69524975325396,52.01247307407049,0.03813384718738132,-6.933009929115017e-05
83.19164109230042,-1.7934876655681709,-89.69197947117736,86.69858262847755,52.01677994031748,0.03826374374446319,-6.931994185911506e-05
83.21280312538147,-1.7953142105905173,-89.69191788184717,86.70192764592912,52.02109262271952,0.038390664901193715,-6.931072224002443e-05
83.23471713066101,-1.7970787365470056,-89.69185093950057,86.70528125019429,52.02539944995158,0.038513355722304694,-6.930322822743913e-05
83.25773239135742,-1.7988008360926784,-89.69177561022856,86.70865606698014,52.029711092334466,0.038630122017073276,-6.92949611417504e-05
83.27930951118469,-1.8005088364574116,-89.69169125501173,86.71204760564993,52.03402241417968,0.038741992934162375,-6.928665787255629e-05
83.30125045776367,-1.802220348581525,-89.69159753302726,86.71543988414916,52.03831351234523,0.038849456343515575,-6.928094799537888e-05
83.32339692115784,-1.8039175335416961,-89.6914938343594,86.71884328511388,52.042595074445394,0.03895342200755052,-6.927558282489604e-05
83.34612584114075,-1.805622230823593,-89.69137954284446,86.72224994040947,52.04685126945645,0.039054557755694164,-6.927200774412371e-05
83.36758685112,-1.807309277090149,-89.69122031223624,86.72563478280046,52.051093255739545,0.03915642038430103,-6.9269847558849e-05
83.38924670219421,-1.808954748472862,-89.69101673660609,86.72899960002658,52.05530918982475,0.03925964842678721,-6.926928982032337e-05
83.41130995750427,-1.8105789974574635,-89.69077612963902,86.73236739470943,52.05948355652411,0.039363006995930615,-6.926880460874351e-05
83.43397521972656,-1.8121495353083668,-89.69050082075165,86.73576809906956,52.06362801515218,0.03946485209004911,-6.926479244688465e-05
83.45622205734253,-1.8136693922729852,-89.69019530952768,86.73922326215275,52.06776124685695,0.03956552420927653,-6.925486934211899e-05
83.47765493392944,-1.8151325097320556,-89.68985722462888,86.74271464573317,52.0718554253584,0.03966641688330457,-6.924353098028183e-05
83.49932861328125,-1.816566489940241,-89.68948145805157,86.74623571473265,52.07594590762667,0.03976724385202674,-6.922929197933119e-05
83.52211928367615,-1.8179787940276535,-89.6890737910701,86.7497767495608,52.07999551572218,0.03986635617296448,-6.921617985419791e-05
83.54327845573425,-1.8193654655651044,-89.68864166915684,86.75334129931356,52.08399577944568,0.039963359265551564,-6.92045160560568e-05
83.56483936309814,-1.8207184232834428,-89.68818950935439,86.7569344740668,52.08800194764235,0.040057752640723414,-6.919051856493976e-05
83.58701705932617,-1.8220663050345502,-89.68773463843398,86.76055900386464,52.09201037900661,0.040150156890495815,-6.917545018376994e-05
83.6099374294281,-1.8234038493895453,-89.68724512046384,86.76422682581381,52.09601356505214,0.040238162543445165,-6.915717129820354e-05
83.63081002235413,-1.8247155977800082,-89.68670762933314,86.76792354308314,52.10004870198935,0.0403227329026742,-6.913501500664269e-05
83.65327906608582,-1.8260295991830755,-89.68613316347584,86.7716351796227,52.10409628659597,0.04040502582632129,-6.911291373048624e-05
83.67460656166077,-1.8273070548895753,-89.68553486595502,86.77535666953861,52.10815127273693,0.04048342464399766,-6.90925699767374e-05
83.69747018814087,-1.8285460503349737,-89.68490974726757,86.77911375713578,52.11220644281694,0.04055915900106914,-6.907145127640919e-05
83.71850085258484,-1.829778834316739,-89.68425823386661,86.78289215976197,52.11625311827743,0.04063390572462191,-6.905167363004468e-05
83.74034643173218,-1.8310121169210565,-89.68360000926296,86.78670613527382,52.12028458320601,0.04070689398665038,-6.903304339722947e-05
83.76262187957764,-1.8322195785475202,-89.6829210980573,86.7905476630701,52.12427643069973,0.0407801895507869,-6.901696084637034e-05
83.7854311466217,-1.8333941239359461,-89.68219200677136,86.794403833754,52.12824661098701,0.040854573499904664,-6.900165309797777e-05
83.80656933784485,-1.8345439440138753,-89.68141735678442,86.79826593835205,52.13221684051886,0.04093091159107856,-6.898679960388122e-05
83.82929921150208,-1.8356423379384956,-89.68062306279192,86.80213407332816,52.1362113078493,0.04100767642459912,-6.897233274647533e-05
83.85067868232727,-1.8366843425760977,-89.67978878444848,86.80599477612246,52.14022539337304,0.04108277276787078,-6.895873876861293e-05
83.8733811378479,-1.837690173497925,-89.67892075136339,86.80984486031983,52.144239538245,0.04115468704699323,-6.8947562990762e-05
83.89446306228638,-1.8386672986116392,-89.6780046493698,86.81368974702697,52.14822954277689,0.041221843490592845,-6.893838629232549e-05
83.91615962982178,-1.8395967638012536,-89.67703352236633,86.81752792929264,52.152220194947716,0.04128338813059587,-6.892913172432793e-05
83.93854928016663,-1.8404976530530555,-89.6760063010558,86.82137669602201,52.15620239832443,0.041341074497830206,-6.891846785725965e-05
83.96146702766418,-1.8413742192451203,-89.6749213976707,86.82528747272855,52.16018477598172,0.04139585758591963,-6.890096332886436e-05
83.98322749137878,-1.8422121669208353,-89.67381163845322,86.82922797841064,52.16417198233419,0.041446447319786715,-6.888273171027123e-05
84.00510907173157,-1.8430046387476513,-89.67267659489133,86.83318353265277,52.16813842035234,0.0414916338718652,-6.886691735071079e-05
84.02744030952454,-1.8437554114105703,-89.67150453742526,86.83715448994698,52.172083412302435,0.04153333748092132,-6.885243102651744e-05
84.04995703697205,-1.8444751900429421,-89.67027503010578,86.84115349076573,52.17600717617314,0.04157191768795953,-6.883664821526841e-05
84.07117986679077,-1.8451433752446245,-89.66902070519873,86.84516784982678,52.17992351596945,0.04161009295736417,-6.882206094300024e-05
84.09274196624756,-1.8457672727090275,-89.6677417125653,86.84922411133805,52.183837766465224,0.04164772806862669,-6.88054835158069e-05
84.11512398719788,-1.8463445173146733,-89.6664194543948,86.85329151497017,52.187752044324974,0.041682829428551775,-6.878930093285858e-05
84.13733792304993,-1.8469079593976552,-89.66507608546874,86.85736252762612,52.19164853730037,0.04171685926064632,-6.877630087198636e-05
84.1601345539093,-1.8474572802954288,-89.66372002691638,86.86145134423658,52.1955021405473,0.041747049248151195,-6.876631491667222e-05
84.18144822120667,-1.847979331378739,-89.66232347503542,86.8655486840269,52.19931456597224,0.04177362558800118,-6.875806751674784e-05
84.20260739326477,-1.8484885203850572,-89.66089785447375,86.86963731366161,52.2030898895124,0.041798898206318,-6.875313584789696e-05
84.22545170783997,-1.8489968948761273,-89.6594557806377,86.87371757341505,52.20685491404485,0.04182142038326523,-6.874973817677409e-05
84.24628019332886,-1.8495237490966763,-89.6580060978918,86.8778023763923,52.210625390429136,0.04184016779929562,-6.874562310949581e-05
84.26809740066528,-1.8500351311231245,-89.65653824299092,86.88188594448167,52.214402785401774,0.04185654470691793,-6.874082398448327e-05
84.29029965400696,-1.8505154749797017,-89.65505051619246,86.8859716881149,52.218178322219416,0.041869172770868913,-6.873547741703116e-05
84.31302404403687,-1.850955147293565,-89.65355800103922,86.89007591285548,52.22195291608662,0.041878977873220806,-6.872872026269992e-05
84.33459448814392,-1.8513570439480993,-89.65202435069752,86.89418659441637,52.225719449721076,0.04188649556230884,-6.87204305242875e-05
84.35725665092468,-1.851715856442636,-89.6504650189963,86.89830176471709,52.22946832699027,0.041892540958230244,-6.87124085813359e-05
84.37890553474426,-1.852029854582198,-89.64890191488179,86.90243665159248,52.23321180192546,0.04189659814812377,-6.870343832753641e-05
84.40170192718506,-1.852308892111078,-89.64731588645103,86.9065980793985,52.23692488133567,0.04190144197199352,-6.869339249390949e-05
84.42304992675781,-1.852558492092158,-89.6456940347765,86.91079013528456,52.24062891532238,0.04190872225793062,-6.868008868369294e-05
84.44432926177979,-1.8527853711483115,-89.64402651291257,86.91500771391208,52.24435676865379,0.041914771725243695,-6.86622243854576e-05
84.4663872718811,-1.8529927302229023,-89.6423360725641,86.91923926578424,52.248123560947136,0.0419222273061641,-6.864220545830133e-05
84.48938751220703,-1.853182664963647,-89.64059796701538,86.92349004777356,52.25190649916858,0.0419311448098766,-6.862005238450539e-05
84.51048159599304,-1.85335882501761,-89.63880793802443,86.92775410559823,52.25571887848446,0.04194062711628637,-6.859587374289114e-05
84.53305315971375,-1.8535232271827826,-89.63700906855833,86.932027031584,52.259543256482985,0.0419510977720604,-6.857389677777496e-05
84.55440831184387,-1.853678529423083,-89.63516398007866,86.93629623973423,52.26337674263936,0.041961784994194465,-6.855321219149252e-05
84.57730650901794,-1.8538244332441318,-89.63331466711269,86.94055814388118,52.267215137238686,0.041971987469079076,-6.85364158246782e-05
84.59837007522583,-1.8539622842470305,-89.63145257970837,86.94484580065851,52.271042818225006,0.04198148419590178,-6.851993056218849e-05
84.6200098991394,-1.8540937831441893,-89.62955531072264,86.94915471099057,52.27485843083541,0.04198925757604961,-6.850305303415756e-05
84.64199423789978,-1.8542212187610443,-89.62762648324626,86.95347443671986,52.278649655000855,0.041995893297803476,-6.848780983555603e-05
84.66481018066406,-1.8543453896153568,-89.62563878868306,86.95780780215931,52.28244047705766,0.04200166213097531,-6.847075490603106e-05
84.68555068969727,-1.8544652378094126,-89.62358962992586,86.96217999667314,52.286218682976944,0.04200708009144336,-6.845037014723426e-05
84.70835995674133,-1.854584410338198,-89.62151349158061,86.96657578101775,52.28999558090058,0.04201121155217424,-6.843002759563729e-05
84.72992873191833,-1.8547006781768172,-89.61941362234833,86.97100195440177,52.29379040530329,0.04201498671052008,-6.840815993895692e-05
84.7529137134552,-1.8548121218772933,-89.61728510802288,86.97544065439489,52.29758769078255,0.04201751442076744,-6.83875684448911e-05
84.77450251579285,-1.854917973997436,-89.61510715070526,86.97989363555637,52.30136518245688,0.0420187251130419,-6.83680930862896e-05
84.79609608650208,-1.8550188667690188,-89.61284558755226,86.98434962660008,52.3051169852606,0.0420205972276383,-6.834921872926607e-05
84.81855130195618,-1.8551148765269163,-89.61053322616038,86.98881401343488,52.30886278073504,0.042023946296968984,-6.833088775824665e-05
84.84067726135254,-1.8552055726055126,-89.60816810248753,86.99329526639866,52.31255060054219,0.04202674946930259,-6.831510820957737e-05
84.86366534233093,-1.8552913004224152,-89.60576111245105,86.99779577822092,52.31621523336851,0.04202868842309214,-6.829964998835289e-05
84.88456773757935,-1.855370240763036,-89.60332811136044,87.00230946359328,52.319886525162154,0.042030251438289604,-6.828412285010165e-05
84.90723896026611,-1.8554424329550652,-89.60087227525051,87.00682826571087,52.323568922581536,0.042031967759645066,-6.826922555671635e-05
84.92921614646912,-1.8555073606396357,-89.59838331278246,87.01135048839608,52.32725186067753,0.0420338593470433,-6.825505196100961e-05
84.95062017440796,-1.855566028330827,-89.59586143033648,87.01586355062881,52.330908053678414,0.04203754058140515,-6.824425792231218e-05
84.97241830825806,-1.8556187422128676,-89.59331136575103,87.02037155308079,52.334544264960165,0.04204221819399697,-6.82355183146682e-05
84.99457359313965,-1.8556647317573602,-89.59074354276764,87.02489143332056,52.33813344796743,0.04204551203338469,-6.822875740748117e-05
85.01683640480042,-1.8557045219610895,-89.58816172327636,87.02942165235903,52.34167853505396,0.042047436926490135,-6.822360952059873e-05
85.0397253036499,-1.8557388215202153,-89.585568049684,87.03396170942837,52.3452098841028,0.04204654883498036,-6.821797496347371e-05
85.06085014343262,-1.8557683083471772,-89.5829809380229,87.03847614296505,52.34875305534312,0.04204299681710486,-6.821476475844854e-05
85.08258008956909,-1.8557936509460864,-89.58039827301764,87.04299404241773,52.35228939172409,0.042039825629426764,-6.82114090657248e-05
85.1053671836853,-1.8558170164578403,-89.57778825483508,87.04750666376609,52.35581007060298,0.04203889100536405,-6.820746610863608e-05
85.12731623649597,-1.855836388251483,-89.57514943118555,87.05200571275931,52.35932324559226,0.042038119867684944,-6.820315283658333e-05
85.14904856681824,-1.8558504150212576,-89.57248181469787,87.05650425215181,52.36283173730046,0.042036461966376136,-6.819692802154863e-05
85.17223024368286,-1.8558592856680056,-89.56977539887517,87.06098937527275,52.36633097134678,0.04203420605538331,-6.819005395762738e-05
85.19353747367859,-1.855863326665667,-89.56704447169582,87.06547751413348,52.36980525630776,0.04203158440618084,-6.818256888305066e-05
85.21617126464844,-1.8558619666444178,-89.56431077768589,87.06996825177494,52.373275766494324,0.04202762163457197,-6.817441301975554e-05
85.23711609840393,-1.8558544820314342,-89.56155319961262,87.07445560801959,52.376727159762396,0.04202164306284906,-6.816598920550551e-05
85.25940251350403,-1.8558404037419267,-89.55876292961833,87.07893580153049,52.38016176078628,0.04201416109429165,-6.81570160862504e-05
85.28164958953857,-1.8558207050439495,-89.55595400024826,87.08340991951665,52.383575685037826,0.042004546553926436,-6.81483478802704e-05
85.30308055877686,-1.855794617993388,-89.55311581628139,87.08785861890264,52.386972289786776,0.04199099512712375,-6.814096967588395e-05
85.32466506958008,-1.8557627164244042,-89.55025575470175,87.09229500372066,52.39034813398272,0.04197387892709988,-6.813378272504413e-05
85.34770607948303,-1.8557247177580747,-89.54735965007369,87.09673816528739,52.39368909759256,0.04195622044390219,-6.812482141062108e-05
85.36928510665894,-1.8556796317444035,-89.54444573998141,87.10119460915968,52.397011889765764,0.04193675997449873,-6.811368054310337e-05
85.39177298545837,-1.8556270966726554,-89.54151227401867,87.10565856068642,52.400331332267896,0.04191716643015016,-6.810034196345621e-05
85.41325330734253,-1.8555661509344588,-89.53853189712764,87.11010892519481,52.40363280093769,0.04189542180138548,-6.808671171832226e-05
85.43613982200623,-1.8554958149026939,-89.53550580242992,87.11453833361537,52.40691276787279,0.041873110707620335,-6.807380139616714e-05
85.45768642425537,-1.8554169374624283,-89.53243990860652,87.11893269801749,52.41018642927615,0.041850310528001894,-6.806221712313264e-05
85.47927498817444,-1.855331082736577,-89.52935405871438,87.12330203901165,52.41345091131696,0.04182663382237114,-6.80518279704981e-05
85.5011477470398,-1.8552365565871178,-89.52622637564185,87.12764820602455,52.41669059636099,0.041804340111857116,-6.804189274890167e-05
85.52444815635681,-1.8551349310256424,-89.52307384723348,87.13199874505342,52.419932114444634,0.04178152555164271,-6.802884056384783e-05
85.54549360275269,-1.8550263070614932,-89.51990796188926,87.1363405732577,52.42315887319035,0.04175893953936038,-6.80161115377881e-05
85.5684130191803,-1.8549110538434377,-89.5167290072658,87.14065926546515,52.4263918581539,0.04173213056738826,-6.800379302406607e-05
85.58975625038147,-1.8547751084294923,-89.51355266964121,87.14497389238532,52.42963441836823,0.041700174177684235,-6.799052406919237e-05
85.61270403862,-1.8546257021458377,-89.51035659605553,87.14928642002097,52.43287199673993,0.04166590455853748,-6.797591789236906e-05
85.63413834571838,-1.8544308378413672,-89.50712795784314,87.15358185776955,52.436100200279995,0.041630055056104,-6.796136765172555e-05
85.65548038482666,-1.854176303111359,-89.5038711659753,87.15787395774703,52.439298113723524,0.041592510921903345,-6.794696507270682e-05
85.67752432823181,-1.853879698666009,-89.50058638331294,87.16213600093342,52.44249335420257,0.041551336895522706,-6.793362442609202e-05
85.7003664970398,-1.8535582789457148,-89.49728954669398,87.16639122912288,52.445660359421005,0.041507315813526506,-6.792106692263759e-05
85.72149562835693,-1.8531745816266902,-89.49396855935309,87.17066693895016,52.4487857438095,0.041461637414520094,-6.79066394321281e-05
85.74423289299011,-1.8527352556358856,-89.49061205181721,87.1749324063416,52.451865866338764,0.04141232166076383,-6.789331456941489e-05
85.76730418205261,-1.8522623578908448,-89.48724073320574,87.17917435262756,52.45491771872636,0.04136060258699477,-6.788215475364051e-05
85.78926491737366,-1.8517635542796704,-89.48385102846355,87.18340072263824,52.45793453557025,0.04130780922253217,-6.787204507974078e-05
85.8109438419342,-1.8512246192140331,-89.48044730990152,87.18764176943755,52.46094907065068,0.04125302330649075,-6.785805964144555e-05
85.83283734321594,-1.8506336945268274,-89.47702722121056,87.19190570627765,52.463937989116616,0.04119681826795877,-6.784141445569428e-05
85.85631012916565,-1.8500110555318963,-89.47358887886564,87.19616106893494,52.46689772344021,0.04113588238054382,-6.782580035920301e-05
85.87729406356812,-1.8493343835153306,-89.47011378718959,87.2004123663878,52.469847262917824,0.04107291659481738,-6.780853512450498e-05
85.89989733695984,-1.848602272846177,-89.46662432334492,87.20466790243191,52.472772241185694,0.04100609202194681,-6.779115495512196e-05
85.92132759094238,-1.8478214410698934,-89.4631009759074,87.20890440003197,52.475701726011664,0.040938217956386906,-6.77732484426235e-05
85.94432640075684,-1.8470079889282545,-89.45955365685279,87.21314362530457,52.47861354837101,0.04086734001747825,-6.775456084547693e-05
85.96565508842468,-1.846192237317673,-89.45598378728168,87.2173972383223,52.481508881869225,0.04079497358181136,-6.773405014280209e-05
85.98736453056335,-1.845347833713972,-89.45238964899175,87.22164648814231,52.48438203160962,0.04072090801340962,-6.771429877383813e-05
86.00943684577942,-1.844449965745235,-89.44876730269924,87.22588253844823,52.48722221235271,0.040644811955156845,-6.769655187815018e-05
86.0334701538086,-1.843506085848826,-89.44512310566397,87.23009964016899,52.49004923331319,0.04056718623283777,-6.768013299474602e-05
86.05563473701477,-1.8425231277193528,-89.44143556388057,87.23430057514432,52.49288222864425,0.04048987953659829,-6.766223251094e-05
86.07760691642761,-1.8414932834937292,-89.4377201765979,87.23848306356459,52.495700836011444,0.04041087780496227,-6.764540945844701e-05
86.10016107559204,-1.8404256856666996,-89.43397501692922,87.24266723638434,52.49845132484922,0.04033059531622648,-6.76304689809955e-05
86.12222218513489,-1.839322402684148,-89.43022125396934,87.24685065092991,52.50118089901697,0.04024619168355072,-6.761558680424519e-05
86.14427971839905,-1.8381880298261704,-89.42648267111623,87.25104139796753,52.50388898954849,0.04015748539421575,-6.760119110508055e-05
86.16827869415283,-1.8369777141947539,-89.4227449730755,87.2552112339746,52.50656212312608,0.040064615328519515,-6.759009232672925e-05
86.19166326522827,-1.8357186491093511,-89.41901466892946,87.25937527432397,52.509199089926,0.03996617140405664,-6.758038786972607e-05
86.21309018135071,-1.8344278842993922,-89.41526644557707,87.26353842499132,52.5118014908978,0.03986333202415597,-6.756975217672449e-05
86.23538398742676,-1.8330786096950213,-89.41151056653544,87.26770439431412,52.514387203068026,0.039755503788992085,-6.755749706332239e-05
86.2569990158081,-1.8316858289141047,-89.40774930800713,87.27187598585421,52.51696809324801,0.03964554304723138,-6.754300340616433e-05
86.28000569343567,-1.8302562668789577,-89.40394061209082,87.27603174123246,52.51953718726213,0.039535187637068994,-6.752700098975134e-05
86.30115675926208,-1.828786436672734,-89.40010074818565,87.2801863695934,52.52210653546369,0.03942397026341687,-6.750849881828788e-05
86.32278871536255,-1.827285154687569,-89.3962434537885,87.28433994069994,52.52464545224335,0.03931303842434249,-6.749050826801372e-05
86.34538388252258,-1.8257313444496825,-89.39235099095828,87.2884754543873,52.527181085986236,0.03920094015619228,-6.747216272705616e-05
86.3680067062378,-1.8241137244897774,-89.38845143256371,87.29261141805866,52.529705015351105,0.03908747838391877,-6.745372582724654e-05
86.38921213150024,-1.8224479914140213,-89.38454845888018,87.29675732376471,52.53222754879707,0.03897059485795866,-6.743385328970844e-05
86.41217947006226,-1.8207522280031458,-89.38065123172164,87.30089244438828,52.53473775876554,0.038850630709578414,-6.741598600199758e-05
86.43343925476074,-1.8190378971867167,-89.37673946490189,87.30500339470342,52.53721429274651,0.03873065730790056,-6.740120057216069e-05
86.4563057422638,-1.8173256391051213,-89.372833512877,87.3091052413282,52.53964332463298,0.03861004523829334,-6.738917327045819e-05
86.47772598266602,-1.8155933893617409,-89.36895667874745,87.31317336755751,52.54202135540674,0.03849029428729909,-6.738318417443314e-05
86.49959564208984,-1.81386348365728,-89.36507906920721,87.31722711119049,52.54435764541989,0.03837037243849032,-6.737779220834358e-05
86.52222537994385,-1.812104089189128,-89.36119134660854,87.32127584339142,52.546660530556835,0.038249428371303344,-6.737091994779676e-05
86.5443286895752,-1.8103144155954043,-89.35729513310076,87.32531479633226,52.548949548196276,0.0381281775203597,-6.736215895505039e-05
86.56718683242798,-1.808520432838532,-89.35337774887259,87.3293381620594,52.551206359682695,0.038005039511238535,-6.73526997293204e-05
86.58831095695496,-1.8066993717436794,-89.34945246255333,87.33333652236945,52.553436545384976,0.03787947701744301,-6.734395137991592e-05
86.61080312728882,-1.8048736465510213,-89.3455425115024,87.33731687470402,52.55564160794298,0.037752026777586774,-6.733604565710297e-05
86.63298845291138,-1.8030027544675522,-89.34163534455463,87.3412784993801,52.55779509062248,0.03762327132292131,-6.73297709127234e-05
86.65466356277466,-1.8011018455572503,-89.33770513500801,87.34522387725713,52.55993468441832,0.03749376949077494,-6.732082858623932e-05
86.67778515815735,-1.7991833353212705,-89.33377737222031,87.34913768012252,52.56206005306761,0.03736475577308128,-6.731249453648134e-05
86.70055890083313,-1.7972445105244355,-89.3298459331571,87.35301729628696,52.56418008320655,0.03723636090465323,-6.730396926780223e-05
86.72170567512512,-1.7952735040002616,-89.3258956940223,87.35685193622972,52.56629489944257,0.037108255023892166,-6.729548993422833e-05
86.74432706832886,-1.7932808199914858,-89.32190679218904,87.36067765286455,52.56841740955098,0.03697816654163958,-6.728158354165614e-05
86.76578855514526,-1.7912523910436247,-89.31790897312585,87.36449157698877,52.57050186772642,0.036849106577802236,-6.726787859864889e-05
86.78848099708557,-1.7891817623424615,-89.3138850729119,87.36830084703892,52.572557421525595,0.03671971611920155,-6.725219194123684e-05
86.81228041648865,-1.7870705871995183,-89.30985359476506,87.37212183041265,52.574577618873015,0.03658826755010364,-6.723465825045694e-05
86.83446145057678,-1.7849307547888145,-89.30580184131212,87.37594147219724,52.57653437412187,0.03645570969476989,-6.721790517259906e-05
86.85716676712036,-1.7827502032884606,-89.30175525084906,87.37973418116721,52.578456517030546,0.03632254816242612,-6.720398718893104e-05
86.8783826828003,-1.7805565421108083,-89.29769034798811,87.38349001088446,52.580342467513816,0.0361872490582138,-6.719206969791572e-05
86.90072798728943,-1.7783326824742673,-89.29362164802906,87.38723080242437,52.58220810565986,0.036047267428832845,-6.71794295965989e-05
86.92238688468933,-1.7760886818421067,-89.28955297738786,87.3909666622788,52.58402101365526,0.0359045652609948,-6.71672473055939e-05
86.94501996040344,-1.7738260258988814,-89.28549775383696,87.39469746930672,52.58578957577115,0.03576036838227264,-6.715560804978304e-05
86.96653175354004,-1.7715325870106637,-89.28144867028695,87.3984413449567,52.587489238223014,0.03561312016361312,-6.714365515833107e-05
86.98837661743164,-1.7692349846999749,-89.27738334675826,87.40217049724157,52.58914865769038,0.035461857528064446,-6.713122670985672e-05
87.01103377342224,-1.7669210295688442,-89.27330627993683,87.40588174134137,52.59081042429521,0.0353073576361634,-6.711648315455651e-05
87.03283095359802,-1.7645743882552105,-89.26920713503395,87.40959412202602,52.5924850075795,0.03514875009959647,-6.709691643611265e-05
87.05532956123352,-1.762184820637083,-89.26509013935662,87.41331032602898,52.5941056726425,0.03498600939097726,-6.707745118957403e-05
87.0766830444336,-1.7597897234062103,-89.26096713466255,87.4170276009366,52.59569865067738,0.03482258792217483,-6.705738364928295e-05
87.09818196296692,-1.7573798444319668,-89.25682128256145,87.42072375173179,52.597266399544814,0.034661413521686196,-6.703809001044672e-05
87.1208713054657,-1.7549438019018793,-89.25269780380573,87.4244057211941,52.59881615590225,0.0345011697703785,-6.702076388304633e-05
87.14269137382507,-1.7524401474480409,-89.24858062898207,87.4280630225983,52.60034822604629,0.03434084574652685,-6.700532464700573e-05
87.1641640663147,-1.7498959406202204,-89.24444915878644,87.4317061757292,52.60183932647098,0.034179954783841705,-6.699056705010173e-05
87.18593382835388,-1.7473292021638775,-89.24028942374525,87.43534691449324,52.60328294768151,0.03401883250118242,-6.697479777564052e-05
87.20869207382202,-1.7447191916801292,-89.23611293047965,87.4389938971089,52.604682237026005,0.03385496415589802,-6.695786274939333e-05
87.23030710220337,-1.7420755551641307,-89.23191586065941,87.44263813601675,52.60605449892362,0.03368797658007895,-6.693967853371093e-05
87.2523102760315,-1.7393945154887065,-89.22770527536767,87.44628817223239,52.60737471121855,0.03351720316300845,-6.69215481925272e-05
87.27368140220642,-1.7366613042569663,-89.2234793387819,87.44993499054549,52.60864096741795,0.03334398581010633,-6.690445087193364e-05
87.29667115211487,-1.7339159828538284,-89.21923441491893,87.45357953180326,52.609877779974354,0.03316700536590822,-6.688638657963709e-05
87.31807255744934,-1.7311770028500557,-89.21495441948645,87.45721890378046,52.6110714044149,0.03298918307685925,-6.686779473954545e-05
87.3394706249237,-1.7284403640295898,-89.21062191941223,87.46083548767156,52.61223934246757,0.032812410267581714,-6.684864897828379e-05
87.36194109916687,-1.725680406860058,-89.20626362248265,87.46443695768069,52.613367691129085,0.032636719886637584,-6.683065092628828e-05
87.38461685180664,-1.7229136845281423,-89.20189702391814,87.46800895172731,52.61449170696889,0.032459511683967456,-6.68138388413398e-05
87.4061336517334,-1.720138305159975,-89.19752524730576,87.4715700859241,52.61561230124397,0.03228047797733371,-6.679628946170079e-05
87.42873930931091,-1.7173483241445813,-89.19313669955574,87.47512898452186,52.61670970583727,0.032096672712115686,-6.677791167540855e-05
87.45013737678528,-1.7145279014852866,-89.18873416248367,87.47868583517747,52.617776281264966,0.0319076373802705,-6.675954564721009e-05
87.47294592857361,-1.7116867876260098,-89.18433046526867,87.48221830170452,52.61881365961348,0.03171555308089532,-6.67439877639436e-05
87.49450278282166,-1.708825975559606,-89.17995441664759,87.48573129512262,52.61982412072134,0.03151925287288602,-6.673157101411447e-05
87.5164635181427,-1.7059403946399483,-89.17560065303266,87.48923419037897,52.620802933848644,0.03132080783971869,-6.672071831317732e-05
87.53865075111389,-1.7030552870206077,-89.17125537269767,87.49271998626625,52.621765155327246,0.03112008456688774,-6.671008422777081e-05
87.5611960887909,-1.7001481081446796,-89.16689537428356,87.49619814047395,52.62272152785896,0.030918418833793582,-6.669687111366579e-05
87.58332562446594,-1.697208426278965,-89.16252016795583,87.49966725894218,52.62366417506839,0.030719823222014067,-6.668219521495376e-05
87.6051504611969,-1.6942476552822456,-89.15814101298943,87.50312571331705,52.6245914110032,0.030521677578203062,-6.666718054878124e-05
87.62655901908875,-1.6912634478457163,-89.15378140497178,87.5065770298549,52.62550081416041,0.030325585602287132,-6.665294201615615e-05
87.64954447746277,-1.6882538362013477,-89.14943463523169,87.51000372698833,52.62637772851473,0.030130944114900582,-6.664155307619025e-05
87.67087292671204,-1.68522221107669,-89.14509240706242,87.51341850767605,52.627220846770264,0.029937364360664118,-6.663078342160395e-05
87.6926040649414,-1.682177902312596,-89.1407763149697,87.51682175249981,52.628059638619135,0.02974461909768959,-6.661981510618697e-05
87.7149965763092,-1.6791325870274758,-89.13644773884126,87.52020005251673,52.628894409507204,0.029552423649498536,-6.66078988323054e-05
87.73758268356323,-1.6760626852120277,-89.13211145075546,87.52356134856907,52.62971954962927,0.029360346151695152,-6.659506770267832e-05
87.75934958457947,-1.6729656305985119,-89.12777515550084,87.52690924732967,52.63051590975933,0.02916576303588808,-6.658267133726095e-05
87.7814736366272,-1.669854159969426,-89.12343709248735,87.530259160278,52.63125890255882,0.028969285175388923,-6.657039792317708e-05
87.80263948440552,-1.6667419808601953,-89.11910063461474,87.53357561688924,52.63193923039006,0.028771414881247074,-6.656237277196066e-05
87.8255546092987,-1.6636217944298428,-89.1147777429994,87.5368941697071,52.63257458269944,0.028570949407832454,-6.655377767639152e-05
87.84698486328125,-1.6604798199697317,-89.1104651191847,87.54022042033708,52.63317902770635,0.02836937240405927,-6.654316136504737e-05
87.86881232261658,-1.6573334215435767,-89.10613999801276,87.5435441682875,52.63374151797835,0.028165585306066918,-6.653130905657675e-05
87.8908064365387,-1.6541809526368425,-89.1018072076354,87.54686655267315,52.63427467913049,0.027957267472283484,-6.651786543433298e-05
87.91360545158386,-1.6510028694272383,-89.0974579432806,87.55019929225874,52.63478644047247,0.027747049869849494,-6.650114050308961e-05
87.93464922904968,-1.647808010347246,-89.09307563236125,87.55354902196724,52.63528650461181,0.02753818540008002,-6.6479744603835e-05
87.95719575881958,-1.644608914401257,-89.0886602302657,87.55690283933956,52.635774951423286,0.027330405750406794,-6.645597067712445e-05
87.97867345809937,-1.641390687063226,-89.08423953357799,87.56025726244101,52.63625654677638,0.027122114744990676,-6.643201007462077e-05
88.00153875350952,-1.6381600047145763,-89.07982485103449,87.56360736314895,52.636737047523845,0.026916200461047417,-6.640877049383053e-05
88.02346968650818,-1.6348998355896251,-89.07539638442499,87.56696201689837,52.63719587140994,0.02671286912061241,-6.638558112430736e-05
88.04544591903687,-1.6316191096135706,-89.07096700509423,87.57030392522073,52.6376283372233,0.02650921142516805,-6.636519014979239e-05
88.06823468208313,-1.6283204379046499,-89.06653621897603,87.57363267042632,52.63804594471376,0.026304079117915446,-6.634646245212647e-05
88.08949565887451,-1.6250277971918072,-89.06213571507767,87.57692118080146,52.63846824682022,0.02609146111931342,-6.633224810629505e-05
88.1122829914093,-1.6217077186142725,-89.05775797930676,87.58019797052394,52.638903277331885,0.02587784463993798,-6.631807251926917e-05
88.13312458992004,-1.6183574528008031,-89.05340050095951,87.58346641016004,52.639321223621145,0.02565416355311385,-6.630522845637502e-05
88.15578651428223,-1.6149517133985922,-89.04905890033334,87.58672047018743,52.63970653614765,0.02543009827948576,-6.629478464789113e-05
88.17771410942078,-1.6115184009167853,-89.04473999365717,87.58993959166504,52.64005763020772,0.02520639301348261,-6.628861127083594e-05
88.19945454597473,-1.6080494480706227,-89.04040529638726,87.59313340272293,52.640380906024305,0.024965376586959905,-6.628243437938352e-05
88.22155404090881,-1.6045870946275855,-89.03606941677606,87.59632471292691,52.64068190858043,0.02472896021911677,-6.627425287972453e-05
88.24448490142822,-1.601139400177514,-89.0317388217423,87.59949953899374,52.6409663400505,0.024499140724371708,-6.626577573645297e-05
88.26747679710388,-1.597695163141903,-89.02741201608826,87.6026508398462,52.64123474835438,0.024274343128048034,-6.625762238875296e-05
88.28836488723755,-1.59423842973378,-89.02310424413618,87.60577900020894,52.64148680288776,0.024054593717069896,-6.625049400891495e-05
88.31133127212524,-1.5907714022452761,-89.01881075701328,87.60887699216082,52.64172329625902,0.023835646485782503,-6.624450051471486e-05
88.33313035964966,-1.587287447353269,-89.01452182522198,87.61197423154293,52.64194611707889,0.02361796582518401,-6.623583444468455e-05
88.3547613620758,-1.5837703078941718,-89.01022693775275,87.61506364666602,52.64215662497301,0.023401437126332452,-6.622510440062547e-05
88.37696242332458,-1.5802595654082028,-89.00593026695839,87.6181331758874,52.642355825332245,0.023174256310412273,-6.621394752606256e-05
88.39984178543091,-1.5767554099912635,-89.00163554754288,87.62117547990283,52.642542371061126,0.022936867378873203,-6.620343371568567e-05
88.42117595672607,-1.5732591102948608,-88.99734664514656,87.62419279416324,52.64271782406253,0.022695581207461967,-6.6193300307769e-05
88.44379210472107,-1.5697513434235708,-88.99307782957946,87.62717947897868,52.642882331951576,0.022451702632147696,-6.618479224115423e-05
88.46520042419434,-1.5662418132878722,-88.98879452986306,87.63013756144464,52.64303635719178,0.022204582678845872,-6.617546761591529e-05
88.48799848556519,-1.5627026652159413,-88.9844994676095,87.6330842589424,52.64317601809633,0.021962212322124385,-6.616421477222283e-05
88.50943875312805,-1.5591132046555456,-88.98019746454044,87.6359928460645,52.64330423024118,0.02171380425799751,-6.615418535047073e-05
88.5312488079071,-1.5555015545134523,-88.97587971889986,87.63888491598826,52.643423142241694,0.02144937122449584,-6.614231929923411e-05
88.55404376983643,-1.5518885128836335,-88.97155579330422,87.64173989855392,52.643535501239064,0.021192270650241724,-6.613129990981486e-05
88.57615065574646,-1.5482654591601406,-88.9672322026626,87.64456742946103,52.6436383501569,0.020943123459570088,-6.612053712921401e-05
88.59834957122803,-1.5446353813559888,-88.96291108714873,87.64737354146835,52.643734714634284,0.020700687320032676,-6.61093021486913e-05
88.61976146697998,-1.541001286458391,-88.95861401822955,87.65015163781713,52.64382467997138,0.020462867716136077,-6.609945290935647e-05
88.6411600112915,-1.5373465239498822,-88.95432342078655,87.65290656519414,52.64390905828646,0.020228726050404967,-6.60892863568106e-05
88.6642370223999,-1.5336675791616898,-88.95006359085168,87.6556559289843,52.64398550748802,0.019998513506950498,-6.607854092993087e-05
88.68543124198914,-1.5299539252257732,-88.94581691370945,87.65837843095215,52.64405593864245,0.019771327981582078,-6.606841421801083e-05
88.70712924003601,-1.5262157679023063,-88.94156386233871,87.66108482893912,52.64412034391773,0.01953497362822189,-6.605665537013706e-05
88.72910928726196,-1.5224575503834468,-88.93728358043948,87.66377520656,52.644178256851376,0.019302377603588505,-6.604251942017113e-05
88.75196599960327,-1.5186833792800407,-88.93298923160997,87.66642818206083,52.644231068171706,0.01907306880660764,-6.60292298719131e-05
88.7730803489685,-1.5149111532078723,-88.92868967750334,87.66906863881503,52.64427715573398,0.0188402988055749,-6.6014706815714e-05
88.79560947418213,-1.5111554251819834,-88.9244218109139,87.6716883262703,52.64431541009978,0.018600765836148576,-6.600201716515379e-05
88.817227602005,-1.507394927852486,-88.9201730277098,87.67427769650573,52.64434524755079,0.0183647605531014,-6.599118007783529e-05
88.83997321128845,-1.503611821508408,-88.91592205180837,87.67679760695111,52.64436550759603,0.018127400341241967,-6.598466264667939e-05
